{
    "ALL": {
        "annual_return": -0.0005708529129475001,
        "annual_volatility": 0.0321342751289945,
        "sharpe_ratio": 0.012307106816819503,
        "downside_risk": 0.023941382591318002,
        "sortino_ratio": 0.015701879758613497,
        "max_drawdown": 0.039638207576454504,
        "calmar_ratio": -0.0025438979405965,
        "perc_pos_return": 0.5038759689922481,
        "profit_loss_ratio": 0.9828635403914331,
        "annual_return_0_5_bps": -0.0039389183445605,
        "annual_volatility_0_5_bps": 0.0321300435158475,
        "sharpe_ratio_0_5_bps": -0.09820483004410152,
        "downside_risk_0_5_bps": 0.0240405253776695,
        "sortino_ratio_0_5_bps": -0.131291387632431,
        "max_drawdown_0_5_bps": 0.040754773264945005,
        "calmar_ratio_0_5_bps": -0.08984795509847651,
        "perc_pos_return_0_5_bps": 0.501937984496124,
        "profit_loss_ratio_0_5_bps": 0.9756281862412441,
        "annual_return_1_0_bps": -0.007295592189336001,
        "annual_volatility_1_0_bps": 0.032126170479307506,
        "sharpe_ratio_1_0_bps": -0.20872542747566253,
        "downside_risk_1_0_bps": 0.024140411071350502,
        "sortino_ratio_1_0_bps": -0.2769500387514965,
        "max_drawdown_1_0_bps": 0.0418799890597185,
        "calmar_ratio_1_0_bps": -0.171390350075305,
        "perc_pos_return_1_0_bps": 0.49999999999999956,
        "profit_loss_ratio_1_0_bps": 0.9647074101639546,
        "annual_return_1_5_bps": -0.01064091310589,
        "annual_volatility_1_5_bps": 0.032122656105564,
        "sharpe_ratio_1_5_bps": -0.3192506084375345,
        "downside_risk_1_5_bps": 0.024241040393121003,
        "sortino_ratio_1_5_bps": -0.42127774211575203,
        "max_drawdown_1_5_bps": 0.043008569248253505,
        "calmar_ratio_1_5_bps": -0.247705508514854,
        "perc_pos_return_1_5_bps": 0.494186046511627,
        "profit_loss_ratio_1_5_bps": 0.9686232273018901,
        "annual_return_2_0_bps": -0.013974919621250002,
        "annual_volatility_2_0_bps": 0.032119500468334,
        "sharpe_ratio_2_0_bps": -0.42977629649199556,
        "downside_risk_2_0_bps": 0.024342427094328503,
        "sortino_ratio_2_0_bps": -0.5642781765275395,
        "max_drawdown_2_0_bps": 0.04413582864063151,
        "calmar_ratio_2_0_bps": -0.319313353701534,
        "perc_pos_return_2_0_bps": 0.494186046511627,
        "profit_loss_ratio_2_0_bps": 0.9503026201006621,
        "annual_return_2_5_bps": -0.017297650131317503,
        "annual_volatility_2_5_bps": 0.032116703628856505,
        "sharpe_ratio_2_5_bps": -0.5402984165831115,
        "downside_risk_2_5_bps": 0.024444566354460004,
        "sortino_ratio_2_5_bps": -0.7059554572838036,
        "max_drawdown_2_5_bps": 0.0452617687725865,
        "calmar_ratio_2_5_bps": -0.3866556112346795,
        "perc_pos_return_2_5_bps": 0.49224806201550303,
        "profit_loss_ratio_2_5_bps": 0.9396187486216906,
        "annual_return_3_0_bps": -0.0206091429013075,
        "annual_volatility_3_0_bps": 0.032114265635888005,
        "sharpe_ratio_3_0_bps": -0.650812895814533,
        "downside_risk_3_0_bps": 0.024547450195571502,
        "sortino_ratio_3_0_bps": -0.8463141951669031,
        "max_drawdown_3_0_bps": 0.046397010072707,
        "calmar_ratio_3_0_bps": -0.4499766881236955,
        "perc_pos_return_3_0_bps": 0.49031007751937905,
        "profit_loss_ratio_3_0_bps": 0.9289942100354431,
        "annual_return_rescaled": -0.012020373460761957,
        "annual_volatility_rescaled": 0.15000000000000252,
        "downside_risk_rescaled": 0.1117562905739074,
        "max_drawdown_rescaled": 0.17491020232744917,
        "annual_return_rescaled_0_5_bps": -0.027453438532217933,
        "annual_volatility_rescaled_0_5_bps": 0.15000000000000124,
        "downside_risk_rescaled_0_5_bps": 0.11223386002797825,
        "max_drawdown_rescaled_0_5_bps": 0.1794205293685464,
        "annual_return_rescaled_1_0_bps": -0.04264793510596798,
        "annual_volatility_rescaled_1_0_bps": 0.1499999999999999,
        "downside_risk_rescaled_1_0_bps": 0.11271376596332856,
        "max_drawdown_rescaled_1_0_bps": 0.18394707933725482,
        "annual_return_rescaled_1_5_bps": -0.05760701495806453,
        "annual_volatility_rescaled_1_5_bps": 0.15000000000000072,
        "downside_risk_rescaled_1_5_bps": 0.11319599621584325,
        "max_drawdown_rescaled_1_5_bps": 0.1884671616394788,
        "annual_return_rescaled_2_0_bps": -0.07233380532102401,
        "annual_volatility_rescaled_2_0_bps": 0.1500000000000018,
        "downside_risk_rescaled_2_0_bps": 0.11368059935269378,
        "max_drawdown_rescaled_2_0_bps": 0.1929613836622056,
        "annual_return_rescaled_2_5_bps": -0.08683140861827032,
        "annual_volatility_rescaled_2_5_bps": 0.15000000000000058,
        "downside_risk_rescaled_2_5_bps": 0.11416753710285885,
        "max_drawdown_rescaled_2_5_bps": 0.19742974686525416,
        "annual_return_rescaled_3_0_bps": -0.10110290221195406,
        "annual_volatility_rescaled_3_0_bps": 0.15000000000000174,
        "downside_risk_rescaled_3_0_bps": 0.11465675631769517,
        "max_drawdown_rescaled_3_0_bps": 0.20192365285257896,
        "sharpe_ratio_years": -0.013026294783064996,
        "sharpe_ratio_years_0_5_bps": -0.12122971745473951,
        "sharpe_ratio_years_1_0_bps": -0.22943878108136004,
        "sharpe_ratio_years_1_5_bps": -0.337649916988296,
        "sharpe_ratio_years_2_0_bps": -0.44585955728660354,
        "sharpe_ratio_years_2_5_bps": -0.5540641354765116,
        "sharpe_ratio_years_3_0_bps": -0.6622600870498285,
        "sharpe_ratio_years_std": 0.315202339581424,
        "sharpe_ratio_years_std_0_5_bps": 0.2967585487171135,
        "sharpe_ratio_years_std_1_0_bps": 0.27834787580204906,
        "sharpe_ratio_years_std_1_5_bps": 0.259971605582814,
        "sharpe_ratio_years_std_2_0_bps": 0.2416310160763625,
        "sharpe_ratio_years_std_2_5_bps": 0.22332737825146354,
        "sharpe_ratio_years_std_3_0_bps": 0.20506195571306152
    },
    "COMB": {
        "annual_return": -0.0005708529129475001,
        "annual_volatility": 0.0321342751289945,
        "sharpe_ratio": 0.012307106816819503,
        "downside_risk": 0.023941382591318002,
        "sortino_ratio": 0.015701879758613497,
        "max_drawdown": 0.039638207576454504,
        "calmar_ratio": -0.0025438979405965,
        "perc_pos_return": 0.5038759689922481,
        "profit_loss_ratio": 0.9828635403914331,
        "annual_return_0_5_bps": -0.0039389183445605,
        "annual_volatility_0_5_bps": 0.0321300435158475,
        "sharpe_ratio_0_5_bps": -0.09820483004410152,
        "downside_risk_0_5_bps": 0.0240405253776695,
        "sortino_ratio_0_5_bps": -0.131291387632431,
        "max_drawdown_0_5_bps": 0.040754773264945005,
        "calmar_ratio_0_5_bps": -0.08984795509847651,
        "perc_pos_return_0_5_bps": 0.501937984496124,
        "profit_loss_ratio_0_5_bps": 0.9756281862412441,
        "annual_return_1_0_bps": -0.007295592189336001,
        "annual_volatility_1_0_bps": 0.032126170479307506,
        "sharpe_ratio_1_0_bps": -0.20872542747566253,
        "downside_risk_1_0_bps": 0.024140411071350502,
        "sortino_ratio_1_0_bps": -0.2769500387514965,
        "max_drawdown_1_0_bps": 0.0418799890597185,
        "calmar_ratio_1_0_bps": -0.171390350075305,
        "perc_pos_return_1_0_bps": 0.49999999999999956,
        "profit_loss_ratio_1_0_bps": 0.9647074101639546,
        "annual_return_1_5_bps": -0.01064091310589,
        "annual_volatility_1_5_bps": 0.032122656105564,
        "sharpe_ratio_1_5_bps": -0.3192506084375345,
        "downside_risk_1_5_bps": 0.024241040393121003,
        "sortino_ratio_1_5_bps": -0.42127774211575203,
        "max_drawdown_1_5_bps": 0.043008569248253505,
        "calmar_ratio_1_5_bps": -0.247705508514854,
        "perc_pos_return_1_5_bps": 0.494186046511627,
        "profit_loss_ratio_1_5_bps": 0.9686232273018901,
        "annual_return_2_0_bps": -0.013974919621250002,
        "annual_volatility_2_0_bps": 0.032119500468334,
        "sharpe_ratio_2_0_bps": -0.42977629649199556,
        "downside_risk_2_0_bps": 0.024342427094328503,
        "sortino_ratio_2_0_bps": -0.5642781765275395,
        "max_drawdown_2_0_bps": 0.04413582864063151,
        "calmar_ratio_2_0_bps": -0.319313353701534,
        "perc_pos_return_2_0_bps": 0.494186046511627,
        "profit_loss_ratio_2_0_bps": 0.9503026201006621,
        "annual_return_2_5_bps": -0.017297650131317503,
        "annual_volatility_2_5_bps": 0.032116703628856505,
        "sharpe_ratio_2_5_bps": -0.5402984165831115,
        "downside_risk_2_5_bps": 0.024444566354460004,
        "sortino_ratio_2_5_bps": -0.7059554572838036,
        "max_drawdown_2_5_bps": 0.0452617687725865,
        "calmar_ratio_2_5_bps": -0.3866556112346795,
        "perc_pos_return_2_5_bps": 0.49224806201550303,
        "profit_loss_ratio_2_5_bps": 0.9396187486216906,
        "annual_return_3_0_bps": -0.0206091429013075,
        "annual_volatility_3_0_bps": 0.032114265635888005,
        "sharpe_ratio_3_0_bps": -0.650812895814533,
        "downside_risk_3_0_bps": 0.024547450195571502,
        "sortino_ratio_3_0_bps": -0.8463141951669031,
        "max_drawdown_3_0_bps": 0.046397010072707,
        "calmar_ratio_3_0_bps": -0.4499766881236955,
        "perc_pos_return_3_0_bps": 0.49031007751937905,
        "profit_loss_ratio_3_0_bps": 0.9289942100354431,
        "annual_return_rescaled": -0.012020373460761957,
        "annual_volatility_rescaled": 0.15000000000000252,
        "downside_risk_rescaled": 0.1117562905739074,
        "max_drawdown_rescaled": 0.17491020232744917,
        "annual_return_rescaled_0_5_bps": -0.027453438532217933,
        "annual_volatility_rescaled_0_5_bps": 0.15000000000000124,
        "downside_risk_rescaled_0_5_bps": 0.11223386002797825,
        "max_drawdown_rescaled_0_5_bps": 0.1794205293685464,
        "annual_return_rescaled_1_0_bps": -0.04264793510596798,
        "annual_volatility_rescaled_1_0_bps": 0.1499999999999999,
        "downside_risk_rescaled_1_0_bps": 0.11271376596332856,
        "max_drawdown_rescaled_1_0_bps": 0.18394707933725482,
        "annual_return_rescaled_1_5_bps": -0.05760701495806453,
        "annual_volatility_rescaled_1_5_bps": 0.15000000000000072,
        "downside_risk_rescaled_1_5_bps": 0.11319599621584325,
        "max_drawdown_rescaled_1_5_bps": 0.1884671616394788,
        "annual_return_rescaled_2_0_bps": -0.07233380532102401,
        "annual_volatility_rescaled_2_0_bps": 0.1500000000000018,
        "downside_risk_rescaled_2_0_bps": 0.11368059935269378,
        "max_drawdown_rescaled_2_0_bps": 0.1929613836622056,
        "annual_return_rescaled_2_5_bps": -0.08683140861827032,
        "annual_volatility_rescaled_2_5_bps": 0.15000000000000058,
        "downside_risk_rescaled_2_5_bps": 0.11416753710285885,
        "max_drawdown_rescaled_2_5_bps": 0.19742974686525416,
        "annual_return_rescaled_3_0_bps": -0.10110290221195406,
        "annual_volatility_rescaled_3_0_bps": 0.15000000000000174,
        "downside_risk_rescaled_3_0_bps": 0.11465675631769517,
        "max_drawdown_rescaled_3_0_bps": 0.20192365285257896,
        "sharpe_ratio_years": -0.013026294783064996,
        "sharpe_ratio_years_0_5_bps": -0.12122971745473951,
        "sharpe_ratio_years_1_0_bps": -0.22943878108136004,
        "sharpe_ratio_years_1_5_bps": -0.337649916988296,
        "sharpe_ratio_years_2_0_bps": -0.44585955728660354,
        "sharpe_ratio_years_2_5_bps": -0.5540641354765116,
        "sharpe_ratio_years_3_0_bps": -0.6622600870498285,
        "sharpe_ratio_years_std": 0.315202339581424,
        "sharpe_ratio_years_std_0_5_bps": 0.2967585487171135,
        "sharpe_ratio_years_std_1_0_bps": 0.27834787580204906,
        "sharpe_ratio_years_std_1_5_bps": 0.259971605582814,
        "sharpe_ratio_years_std_2_0_bps": 0.2416310160763625,
        "sharpe_ratio_years_std_2_5_bps": 0.22332737825146354,
        "sharpe_ratio_years_std_3_0_bps": 0.20506195571306152
    }
}