{
    "ALL": {
        "annual_return": [
            0.0011370621175590002,
            -0.0022787679434540004
        ],
        "annual_volatility": [
            0.023448735106749,
            0.04081981515124
        ],
        "sharpe_ratio": [
            0.06015279109843501,
            -0.035538577464796
        ],
        "downside_risk": [
            0.017736594949097,
            0.030146170233539004
        ],
        "sortino_ratio": [
            0.079525234039953,
            -0.048121474522726006
        ],
        "max_drawdown": [
            0.028546550221872004,
            0.050729864931037004
        ],
        "calmar_ratio": [
            0.039831857395084005,
            -0.044919653276277005
        ],
        "perc_pos_return": [
            0.5038759689922481,
            0.5038759689922481
        ],
        "profit_loss_ratio": [
            0.9948262891000591,
            0.9709007916828071
        ],
        "annual_return_0_5_bps": [
            -0.0019236268052080002,
            -0.005954209883913
        ],
        "annual_volatility_0_5_bps": [
            0.023451016981272003,
            0.040809070050423
        ],
        "sharpe_ratio_0_5_bps": [
            -0.07041601738372001,
            -0.12599364270448302
        ],
        "downside_risk_0_5_bps": [
            0.017831354085766003,
            0.030249696669573
        ],
        "sortino_ratio_0_5_bps": [
            -0.09260806618928101,
            -0.16997470907558102
        ],
        "max_drawdown_0_5_bps": [
            0.029754256533057,
            0.051755289996833
        ],
        "calmar_ratio_0_5_bps": [
            -0.064650474565576,
            -0.11504543563137701
        ],
        "perc_pos_return_0_5_bps": [
            0.5,
            0.5038759689922481
        ],
        "profit_loss_ratio_0_5_bps": [
            0.9879959253410711,
            0.9632604471414171
        ],
        "annual_return_1_0_bps": [
            -0.004975003503696,
            -0.009616180874976002
        ],
        "annual_volatility_1_0_bps": [
            0.023453639943066002,
            0.040798701015549006
        ],
        "sharpe_ratio_1_0_bps": [
            -0.20095649607815602,
            -0.216494358873169
        ],
        "downside_risk_1_0_bps": [
            0.017926890292807002,
            0.030353931849894003
        ],
        "sortino_ratio_1_0_bps": [
            -0.262910143714562,
            -0.290989933788431
        ],
        "max_drawdown_1_0_bps": [
            0.030980355053665004,
            0.052779623065772004
        ],
        "calmar_ratio_1_0_bps": [
            -0.160585748455079,
            -0.18219495169553102
        ],
        "perc_pos_return_1_0_bps": [
            0.49612403100775104,
            0.5038759689922481
        ],
        "profit_loss_ratio_1_0_bps": [
            0.9812165750930391,
            0.9481982452348701
        ],
        "annual_return_1_5_bps": [
            -0.008017096174026,
            -0.013264730037754
        ],
        "annual_volatility_1_5_bps": [
            0.023456603877707,
            0.040788708333421006
        ],
        "sharpe_ratio_1_5_bps": [
            -0.331462961458142,
            -0.30703825541692703
        ],
        "downside_risk_1_5_bps": [
            0.018023193221716003,
            0.030458887564526003
        ],
        "sortino_ratio_1_5_bps": [
            -0.431388338981296,
            -0.41116714525020803
        ],
        "max_drawdown_1_5_bps": [
            0.032214273212378006,
            0.053802865284129
        ],
        "calmar_ratio_1_5_bps": [
            -0.24886782703964502,
            -0.24654318999006303
        ],
        "perc_pos_return_1_5_bps": [
            0.49224806201550303,
            0.49612403100775104
        ],
        "profit_loss_ratio_1_5_bps": [
            0.9744878792356111,
            0.9627585753681691
        ],
        "annual_return_2_0_bps": [
            -0.011049932927359,
            -0.016899906315141003
        ],
        "annual_volatility_2_0_bps": [
            0.023459908655959,
            0.040779092280709
        ],
        "sharpe_ratio_2_0_bps": [
            -0.461929738508193,
            -0.39762285447579804
        ],
        "downside_risk_2_0_bps": [
            0.018120262376807,
            0.030564591811850002
        ],
        "sortino_ratio_2_0_bps": [
            -0.5980503618282971,
            -0.530505991226782
        ],
        "max_drawdown_2_0_bps": [
            0.033446639484273004,
            0.054825017796990005
        ],
        "calmar_ratio_2_0_bps": [
            -0.330374982292479,
            -0.308251725110589
        ],
        "perc_pos_return_2_0_bps": [
            0.49224806201550303,
            0.49612403100775104
        ],
        "profit_loss_ratio_2_0_bps": [
            0.952919562027779,
            0.9476856781735451
        ],
        "annual_return_2_5_bps": [
            -0.014073541790152001,
            -0.020521758472483
        ],
        "annual_volatility_2_5_bps": [
            0.023463554133802002,
            0.040769853123911
        ],
        "sharpe_ratio_2_5_bps": [
            -0.5923511619524271,
            -0.48824567121379603
        ],
        "downside_risk_2_5_bps": [
            0.018218093215987,
            0.030671039492933004
        ],
        "sortino_ratio_2_5_bps": [
            -0.7629044044244331,
            -0.649006510143174
        ],
        "max_drawdown_2_5_bps": [
            0.034677455796914,
            0.055846081748259
        ],
        "calmar_ratio_2_5_bps": [
            -0.405841243734052,
            -0.367469978735307
        ],
        "perc_pos_return_2_5_bps": [
            0.49224806201550303,
            0.49224806201550303
        ],
        "profit_loss_ratio_2_5_bps": [
            0.9318247084276591,
            0.9474127888157221
        ],
        "annual_return_3_0_bps": [
            -0.017087950704405,
            -0.024130335098210002
        ],
        "annual_volatility_3_0_bps": [
            0.023467540152461,
            0.040760991119315006
        ],
        "sharpe_ratio_3_0_bps": [
            -0.722721577477747,
            -0.5789042141513191
        ],
        "downside_risk_3_0_bps": [
            0.018316673681810003,
            0.030778226709333
        ],
        "sortino_ratio_3_0_bps": [
            -0.9259594800420821,
            -0.766668910291724
        ],
        "max_drawdown_3_0_bps": [
            0.035927961864758,
            0.056866058280656
        ],
        "calmar_ratio_3_0_bps": [
            -0.475617035242054,
            -0.424336341005337
        ],
        "perc_pos_return_3_0_bps": [
            0.488372093023255,
            0.49224806201550303
        ],
        "profit_loss_ratio_3_0_bps": [
            0.925432312234381,
            0.9325561078365051
        ],
        "annual_return_rescaled": [
            0.0005928530103320728,
            -0.024633599931855987
        ],
        "annual_volatility_rescaled": [
            0.10945665498577764,
            0.1905433450142274
        ],
        "downside_risk_rescaled": [
            0.08279288179630002,
            0.1407196993515148
        ],
        "max_drawdown_rescaled": [
            0.12850146679755148,
            0.22131893785734685
        ],
        "annual_return_rescaled_0_5_bps": [
            -0.013610693677962193,
            -0.04129618338647367
        ],
        "annual_volatility_rescaled_0_5_bps": [
            0.10948172371618083,
            0.19051827628382165
        ],
        "downside_risk_rescaled_0_5_bps": [
            0.08324617150131673,
            0.14122154855463975
        ],
        "max_drawdown_rescaled_0_5_bps": [
            0.13356939526353367,
            0.22527166347355912
        ],
        "annual_return_rescaled_1_0_bps": [
            -0.02761687098961041,
            -0.057678999222325555
        ],
        "annual_volatility_rescaled_1_0_bps": [
            0.10950716935670539,
            0.19049283064329445
        ],
        "downside_risk_rescaled_1_0_bps": [
            0.08370227461916635,
            0.14172525730749078
        ],
        "max_drawdown_rescaled_1_0_bps": [
            0.13869083771849616,
            0.22920332095601348
        ],
        "annual_return_rescaled_1_5_bps": [
            -0.04142790248670203,
            -0.07378612742942703
        ],
        "annual_volatility_rescaled_1_5_bps": [
            0.10953299036335319,
            0.19046700963664823
        ],
        "downside_risk_rescaled_1_5_bps": [
            0.08416112834421642,
            0.14223086408747007
        ],
        "max_drawdown_rescaled_1_5_bps": [
            0.14382042766868863,
            0.23311389561026896
        ],
        "annual_return_rescaled_2_0_bps": [
            -0.05504600155090955,
            -0.08962160909113848
        ],
        "annual_volatility_rescaled_2_0_bps": [
            0.10955918513935764,
            0.19044081486064596
        ],
        "downside_risk_rescaled_2_0_bps": [
            0.08462271569885635,
            0.14273848300653122
        ],
        "max_drawdown_rescaled_2_0_bps": [
            0.14891939254148825,
            0.23700337478292294
        ],
        "annual_return_rescaled_2_5_bps": [
            -0.06847337105553453,
            -0.10518944618100612
        ],
        "annual_volatility_rescaled_2_5_bps": [
            0.10958575203552538,
            0.19041424796447576
        ],
        "downside_risk_rescaled_2_5_bps": [
            0.0850870006454442,
            0.1432480735602735
        ],
        "max_drawdown_rescaled_2_5_bps": [
            0.15398774587968475,
            0.24087174785082355
        ],
        "annual_return_rescaled_3_0_bps": [
            -0.0817122030464682,
            -0.12049360137743992
        ],
        "annual_volatility_rescaled_3_0_bps": [
            0.10961268935060013,
            0.19038731064940337
        ],
        "downside_risk_rescaled_3_0_bps": [
            0.08555391187899893,
            0.14375960075639144
        ],
        "max_drawdown_rescaled_3_0_bps": [
            0.1591282994953977,
            0.2447190062097602
        ],
        "sharpe_ratio_years": [
            0.302176044798359,
            -0.328228634364489
        ],
        "sharpe_ratio_years_0_5_bps": [
            0.175528831262374,
            -0.41798826617185303
        ],
        "sharpe_ratio_years_1_0_bps": [
            0.048909094720689,
            -0.5077866568834091
        ],
        "sharpe_ratio_years_1_5_bps": [
            -0.07767831140548201,
            -0.59762152257111
        ],
        "sharpe_ratio_years_2_0_bps": [
            -0.204228541210241,
            -0.687490573362966
        ],
        "sharpe_ratio_years_2_5_bps": [
            -0.33073675722504803,
            -0.7773915137279751
        ],
        "sharpe_ratio_years_3_0_bps": [
            -0.457198131336767,
            -0.86732204276289
        ]
    },
    "COMB": {
        "annual_return": [
            0.0011370621175590002,
            -0.0022787679434540004
        ],
        "annual_volatility": [
            0.023448735106749,
            0.04081981515124
        ],
        "sharpe_ratio": [
            0.06015279109843501,
            -0.035538577464796
        ],
        "downside_risk": [
            0.017736594949097,
            0.030146170233539004
        ],
        "sortino_ratio": [
            0.079525234039953,
            -0.048121474522726006
        ],
        "max_drawdown": [
            0.028546550221872004,
            0.050729864931037004
        ],
        "calmar_ratio": [
            0.039831857395084005,
            -0.044919653276277005
        ],
        "perc_pos_return": [
            0.5038759689922481,
            0.5038759689922481
        ],
        "profit_loss_ratio": [
            0.9948262891000591,
            0.9709007916828071
        ],
        "annual_return_0_5_bps": [
            -0.0019236268052080002,
            -0.005954209883913
        ],
        "annual_volatility_0_5_bps": [
            0.023451016981272003,
            0.040809070050423
        ],
        "sharpe_ratio_0_5_bps": [
            -0.07041601738372001,
            -0.12599364270448302
        ],
        "downside_risk_0_5_bps": [
            0.017831354085766003,
            0.030249696669573
        ],
        "sortino_ratio_0_5_bps": [
            -0.09260806618928101,
            -0.16997470907558102
        ],
        "max_drawdown_0_5_bps": [
            0.029754256533057,
            0.051755289996833
        ],
        "calmar_ratio_0_5_bps": [
            -0.064650474565576,
            -0.11504543563137701
        ],
        "perc_pos_return_0_5_bps": [
            0.5,
            0.5038759689922481
        ],
        "profit_loss_ratio_0_5_bps": [
            0.9879959253410711,
            0.9632604471414171
        ],
        "annual_return_1_0_bps": [
            -0.004975003503696,
            -0.009616180874976002
        ],
        "annual_volatility_1_0_bps": [
            0.023453639943066002,
            0.040798701015549006
        ],
        "sharpe_ratio_1_0_bps": [
            -0.20095649607815602,
            -0.216494358873169
        ],
        "downside_risk_1_0_bps": [
            0.017926890292807002,
            0.030353931849894003
        ],
        "sortino_ratio_1_0_bps": [
            -0.262910143714562,
            -0.290989933788431
        ],
        "max_drawdown_1_0_bps": [
            0.030980355053665004,
            0.052779623065772004
        ],
        "calmar_ratio_1_0_bps": [
            -0.160585748455079,
            -0.18219495169553102
        ],
        "perc_pos_return_1_0_bps": [
            0.49612403100775104,
            0.5038759689922481
        ],
        "profit_loss_ratio_1_0_bps": [
            0.9812165750930391,
            0.9481982452348701
        ],
        "annual_return_1_5_bps": [
            -0.008017096174026,
            -0.013264730037754
        ],
        "annual_volatility_1_5_bps": [
            0.023456603877707,
            0.040788708333421006
        ],
        "sharpe_ratio_1_5_bps": [
            -0.331462961458142,
            -0.30703825541692703
        ],
        "downside_risk_1_5_bps": [
            0.018023193221716003,
            0.030458887564526003
        ],
        "sortino_ratio_1_5_bps": [
            -0.431388338981296,
            -0.41116714525020803
        ],
        "max_drawdown_1_5_bps": [
            0.032214273212378006,
            0.053802865284129
        ],
        "calmar_ratio_1_5_bps": [
            -0.24886782703964502,
            -0.24654318999006303
        ],
        "perc_pos_return_1_5_bps": [
            0.49224806201550303,
            0.49612403100775104
        ],
        "profit_loss_ratio_1_5_bps": [
            0.9744878792356111,
            0.9627585753681691
        ],
        "annual_return_2_0_bps": [
            -0.011049932927359,
            -0.016899906315141003
        ],
        "annual_volatility_2_0_bps": [
            0.023459908655959,
            0.040779092280709
        ],
        "sharpe_ratio_2_0_bps": [
            -0.461929738508193,
            -0.39762285447579804
        ],
        "downside_risk_2_0_bps": [
            0.018120262376807,
            0.030564591811850002
        ],
        "sortino_ratio_2_0_bps": [
            -0.5980503618282971,
            -0.530505991226782
        ],
        "max_drawdown_2_0_bps": [
            0.033446639484273004,
            0.054825017796990005
        ],
        "calmar_ratio_2_0_bps": [
            -0.330374982292479,
            -0.308251725110589
        ],
        "perc_pos_return_2_0_bps": [
            0.49224806201550303,
            0.49612403100775104
        ],
        "profit_loss_ratio_2_0_bps": [
            0.952919562027779,
            0.9476856781735451
        ],
        "annual_return_2_5_bps": [
            -0.014073541790152001,
            -0.020521758472483
        ],
        "annual_volatility_2_5_bps": [
            0.023463554133802002,
            0.040769853123911
        ],
        "sharpe_ratio_2_5_bps": [
            -0.5923511619524271,
            -0.48824567121379603
        ],
        "downside_risk_2_5_bps": [
            0.018218093215987,
            0.030671039492933004
        ],
        "sortino_ratio_2_5_bps": [
            -0.7629044044244331,
            -0.649006510143174
        ],
        "max_drawdown_2_5_bps": [
            0.034677455796914,
            0.055846081748259
        ],
        "calmar_ratio_2_5_bps": [
            -0.405841243734052,
            -0.367469978735307
        ],
        "perc_pos_return_2_5_bps": [
            0.49224806201550303,
            0.49224806201550303
        ],
        "profit_loss_ratio_2_5_bps": [
            0.9318247084276591,
            0.9474127888157221
        ],
        "annual_return_3_0_bps": [
            -0.017087950704405,
            -0.024130335098210002
        ],
        "annual_volatility_3_0_bps": [
            0.023467540152461,
            0.040760991119315006
        ],
        "sharpe_ratio_3_0_bps": [
            -0.722721577477747,
            -0.5789042141513191
        ],
        "downside_risk_3_0_bps": [
            0.018316673681810003,
            0.030778226709333
        ],
        "sortino_ratio_3_0_bps": [
            -0.9259594800420821,
            -0.766668910291724
        ],
        "max_drawdown_3_0_bps": [
            0.035927961864758,
            0.056866058280656
        ],
        "calmar_ratio_3_0_bps": [
            -0.475617035242054,
            -0.424336341005337
        ],
        "perc_pos_return_3_0_bps": [
            0.488372093023255,
            0.49224806201550303
        ],
        "profit_loss_ratio_3_0_bps": [
            0.925432312234381,
            0.9325561078365051
        ],
        "annual_return_rescaled": [
            0.0005928530103320728,
            -0.024633599931855987
        ],
        "annual_volatility_rescaled": [
            0.10945665498577764,
            0.1905433450142274
        ],
        "downside_risk_rescaled": [
            0.08279288179630002,
            0.1407196993515148
        ],
        "max_drawdown_rescaled": [
            0.12850146679755148,
            0.22131893785734685
        ],
        "annual_return_rescaled_0_5_bps": [
            -0.013610693677962193,
            -0.04129618338647367
        ],
        "annual_volatility_rescaled_0_5_bps": [
            0.10948172371618083,
            0.19051827628382165
        ],
        "downside_risk_rescaled_0_5_bps": [
            0.08324617150131673,
            0.14122154855463975
        ],
        "max_drawdown_rescaled_0_5_bps": [
            0.13356939526353367,
            0.22527166347355912
        ],
        "annual_return_rescaled_1_0_bps": [
            -0.02761687098961041,
            -0.057678999222325555
        ],
        "annual_volatility_rescaled_1_0_bps": [
            0.10950716935670539,
            0.19049283064329445
        ],
        "downside_risk_rescaled_1_0_bps": [
            0.08370227461916635,
            0.14172525730749078
        ],
        "max_drawdown_rescaled_1_0_bps": [
            0.13869083771849616,
            0.22920332095601348
        ],
        "annual_return_rescaled_1_5_bps": [
            -0.04142790248670203,
            -0.07378612742942703
        ],
        "annual_volatility_rescaled_1_5_bps": [
            0.10953299036335319,
            0.19046700963664823
        ],
        "downside_risk_rescaled_1_5_bps": [
            0.08416112834421642,
            0.14223086408747007
        ],
        "max_drawdown_rescaled_1_5_bps": [
            0.14382042766868863,
            0.23311389561026896
        ],
        "annual_return_rescaled_2_0_bps": [
            -0.05504600155090955,
            -0.08962160909113848
        ],
        "annual_volatility_rescaled_2_0_bps": [
            0.10955918513935764,
            0.19044081486064596
        ],
        "downside_risk_rescaled_2_0_bps": [
            0.08462271569885635,
            0.14273848300653122
        ],
        "max_drawdown_rescaled_2_0_bps": [
            0.14891939254148825,
            0.23700337478292294
        ],
        "annual_return_rescaled_2_5_bps": [
            -0.06847337105553453,
            -0.10518944618100612
        ],
        "annual_volatility_rescaled_2_5_bps": [
            0.10958575203552538,
            0.19041424796447576
        ],
        "downside_risk_rescaled_2_5_bps": [
            0.0850870006454442,
            0.1432480735602735
        ],
        "max_drawdown_rescaled_2_5_bps": [
            0.15398774587968475,
            0.24087174785082355
        ],
        "annual_return_rescaled_3_0_bps": [
            -0.0817122030464682,
            -0.12049360137743992
        ],
        "annual_volatility_rescaled_3_0_bps": [
            0.10961268935060013,
            0.19038731064940337
        ],
        "downside_risk_rescaled_3_0_bps": [
            0.08555391187899893,
            0.14375960075639144
        ],
        "max_drawdown_rescaled_3_0_bps": [
            0.1591282994953977,
            0.2447190062097602
        ],
        "sharpe_ratio_years": [
            0.302176044798359,
            -0.328228634364489
        ],
        "sharpe_ratio_years_0_5_bps": [
            0.175528831262374,
            -0.41798826617185303
        ],
        "sharpe_ratio_years_1_0_bps": [
            0.048909094720689,
            -0.5077866568834091
        ],
        "sharpe_ratio_years_1_5_bps": [
            -0.07767831140548201,
            -0.59762152257111
        ],
        "sharpe_ratio_years_2_0_bps": [
            -0.204228541210241,
            -0.687490573362966
        ],
        "sharpe_ratio_years_2_5_bps": [
            -0.33073675722504803,
            -0.7773915137279751
        ],
        "sharpe_ratio_years_3_0_bps": [
            -0.457198131336767,
            -0.86732204276289
        ]
    }
}