{
    "ALL": {
        "annual_return": -0.0175537503894965,
        "annual_volatility": 0.025257725499548002,
        "sharpe_ratio": -0.7290928186291751,
        "downside_risk": 0.018514738786861502,
        "sortino_ratio": -0.9719728306426645,
        "max_drawdown": 0.0366052206336305,
        "calmar_ratio": -0.513427478691751,
        "perc_pos_return": 0.47195534404836703,
        "profit_loss_ratio": 0.9873814755248704,
        "annual_return_0_5_bps": -0.0195400032752745,
        "annual_volatility_0_5_bps": 0.0252537318593195,
        "sharpe_ratio_0_5_bps": -0.8016884300243381,
        "downside_risk_0_5_bps": 0.018580327349081,
        "sortino_ratio_0_5_bps": -1.0696534622944316,
        "max_drawdown_0_5_bps": 0.0371961431620355,
        "calmar_ratio_0_5_bps": -0.5524315527178221,
        "perc_pos_return_0_5_bps": 0.47195534404836703,
        "profit_loss_ratio_0_5_bps": 0.9787511619059931,
        "annual_return_1_0_bps": -0.0215205613167175,
        "annual_volatility_1_0_bps": 0.025249964383695,
        "sharpe_ratio_1_0_bps": -0.8743059155070935,
        "downside_risk_1_0_bps": 0.018646332128040503,
        "sortino_ratio_1_0_bps": -1.1664784440846314,
        "max_drawdown_1_0_bps": 0.03778670703043151,
        "calmar_ratio_1_0_bps": -0.590221116968028,
        "perc_pos_return_1_0_bps": 0.47195534404836703,
        "profit_loss_ratio_1_0_bps": 0.9665656098794361,
        "annual_return_1_5_bps": -0.023495442705846,
        "annual_volatility_1_5_bps": 0.025246423219734502,
        "sharpe_ratio_1_5_bps": -0.9469428727030206,
        "downside_risk_1_5_bps": 0.0187127488776485,
        "sortino_ratio_1_5_bps": -1.2624519759139652,
        "max_drawdown_1_5_bps": 0.038376912454088,
        "calmar_ratio_1_5_bps": -0.6268487031987591,
        "perc_pos_return_1_5_bps": 0.46808685762174107,
        "profit_loss_ratio_1_5_bps": 0.9695102757539475,
        "annual_return_2_0_bps": -0.025464665575309502,
        "annual_volatility_2_0_bps": 0.0252431085053555,
        "sharpe_ratio_2_0_bps": -1.0195968937245135,
        "downside_risk_2_0_bps": 0.018779578954455,
        "sortino_ratio_2_0_bps": -1.3575780979071355,
        "max_drawdown_2_0_bps": 0.038966759648152,
        "calmar_ratio_2_0_bps": -0.6623637989711466,
        "perc_pos_return_2_0_bps": 0.46034240220286704,
        "profit_loss_ratio_2_0_bps": 0.9878032591899821,
        "annual_return_2_5_bps": -0.027428247998579,
        "annual_volatility_2_5_bps": 0.025240020369303,
        "sharpe_ratio_2_5_bps": -1.0922655656671656,
        "downside_risk_2_5_bps": 0.018846830761263502,
        "sortino_ratio_2_5_bps": -1.451860406764591,
        "max_drawdown_2_5_bps": 0.039556248827642505,
        "calmar_ratio_2_5_bps": -0.6968130711940785,
        "perc_pos_return_2_5_bps": 0.458411900272365,
        "profit_loss_ratio_2_5_bps": 0.9832783317581106,
        "annual_return_3_0_bps": -0.0293862079901355,
        "annual_volatility_3_0_bps": 0.0252371589311225,
        "sharpe_ratio_3_0_bps": -1.1649464711089537,
        "downside_risk_3_0_bps": 0.018914503366422503,
        "sortino_ratio_3_0_bps": -1.545303106111569,
        "max_drawdown_3_0_bps": 0.040145380207448005,
        "calmar_ratio_3_0_bps": -0.730240569649006,
        "perc_pos_return_3_0_bps": 0.45454341384573904,
        "profit_loss_ratio_3_0_bps": 0.9865266611399202,
        "annual_return_rescaled": -0.1085414510622304,
        "annual_volatility_rescaled": 0.15000000000000163,
        "downside_risk_rescaled": 0.10995490540424632,
        "max_drawdown_rescaled": 0.20188392708215946,
        "annual_return_rescaled_0_5_bps": -0.11920966637369457,
        "annual_volatility_rescaled_0_5_bps": 0.1500000000000033,
        "downside_risk_rescaled_0_5_bps": 0.11036187118355227,
        "max_drawdown_rescaled_0_5_bps": 0.20481805767775402,
        "annual_return_rescaled_1_0_bps": -0.12969962288551073,
        "annual_volatility_rescaled_1_0_bps": 0.150000000000002,
        "downside_risk_rescaled_1_0_bps": 0.11077044611643976,
        "max_drawdown_rescaled_1_0_bps": 0.20774074509261953,
        "annual_return_rescaled_1_5_bps": -0.14001432141274295,
        "annual_volatility_rescaled_1_5_bps": 0.15000000000000152,
        "downside_risk_rescaled_1_5_bps": 0.11118059406740803,
        "max_drawdown_rescaled_1_5_bps": 0.21065195664241648,
        "annual_return_rescaled_2_0_bps": -0.15015672012372777,
        "annual_volatility_rescaled_2_0_bps": 0.15000000000000122,
        "downside_risk_rescaled_2_0_bps": 0.11159231211839953,
        "max_drawdown_rescaled_2_0_bps": 0.21355166060351216,
        "annual_return_rescaled_2_5_bps": -0.16012973486885085,
        "annual_volatility_rescaled_2_5_bps": 0.15000000000000135,
        "downside_risk_rescaled_2_5_bps": 0.11200563917245543,
        "max_drawdown_rescaled_2_5_bps": 0.2164398262151068,
        "annual_return_rescaled_3_0_bps": -0.1699362395145263,
        "annual_volatility_rescaled_3_0_bps": 0.15000000000000152,
        "downside_risk_rescaled_3_0_bps": 0.11242055861781797,
        "max_drawdown_rescaled_3_0_bps": 0.21931642368108245,
        "sharpe_ratio_years": -0.585422972775065,
        "sharpe_ratio_years_0_5_bps": -0.6574424048717801,
        "sharpe_ratio_years_1_0_bps": -0.729495780222289,
        "sharpe_ratio_years_1_5_bps": -0.8015806241411341,
        "sharpe_ratio_years_2_0_bps": -0.8736944530516606,
        "sharpe_ratio_years_2_5_bps": -0.945834775006816,
        "sharpe_ratio_years_3_0_bps": -1.0179990902146905,
        "sharpe_ratio_years_std": 0.052651226228354,
        "sharpe_ratio_years_std_0_5_bps": 0.013271516114434001,
        "sharpe_ratio_years_std_1_0_bps": 0.02614071299292403,
        "sharpe_ratio_years_std_1_5_bps": 0.06558306630837896,
        "sharpe_ratio_years_std_2_0_bps": 0.1050531401793805,
        "sharpe_ratio_years_std_2_5_bps": 0.14454852260598894,
        "sharpe_ratio_years_std_3_0_bps": 0.18406679376544144
    },
    "COMB": {
        "annual_return": -0.0175537503894965,
        "annual_volatility": 0.025257725499548002,
        "sharpe_ratio": -0.7290928186291751,
        "downside_risk": 0.018514738786861502,
        "sortino_ratio": -0.9719728306426645,
        "max_drawdown": 0.0366052206336305,
        "calmar_ratio": -0.513427478691751,
        "perc_pos_return": 0.47195534404836703,
        "profit_loss_ratio": 0.9873814755248704,
        "annual_return_0_5_bps": -0.0195400032752745,
        "annual_volatility_0_5_bps": 0.0252537318593195,
        "sharpe_ratio_0_5_bps": -0.8016884300243381,
        "downside_risk_0_5_bps": 0.018580327349081,
        "sortino_ratio_0_5_bps": -1.0696534622944316,
        "max_drawdown_0_5_bps": 0.0371961431620355,
        "calmar_ratio_0_5_bps": -0.5524315527178221,
        "perc_pos_return_0_5_bps": 0.47195534404836703,
        "profit_loss_ratio_0_5_bps": 0.9787511619059931,
        "annual_return_1_0_bps": -0.0215205613167175,
        "annual_volatility_1_0_bps": 0.025249964383695,
        "sharpe_ratio_1_0_bps": -0.8743059155070935,
        "downside_risk_1_0_bps": 0.018646332128040503,
        "sortino_ratio_1_0_bps": -1.1664784440846314,
        "max_drawdown_1_0_bps": 0.03778670703043151,
        "calmar_ratio_1_0_bps": -0.590221116968028,
        "perc_pos_return_1_0_bps": 0.47195534404836703,
        "profit_loss_ratio_1_0_bps": 0.9665656098794361,
        "annual_return_1_5_bps": -0.023495442705846,
        "annual_volatility_1_5_bps": 0.025246423219734502,
        "sharpe_ratio_1_5_bps": -0.9469428727030206,
        "downside_risk_1_5_bps": 0.0187127488776485,
        "sortino_ratio_1_5_bps": -1.2624519759139652,
        "max_drawdown_1_5_bps": 0.038376912454088,
        "calmar_ratio_1_5_bps": -0.6268487031987591,
        "perc_pos_return_1_5_bps": 0.46808685762174107,
        "profit_loss_ratio_1_5_bps": 0.9695102757539475,
        "annual_return_2_0_bps": -0.025464665575309502,
        "annual_volatility_2_0_bps": 0.0252431085053555,
        "sharpe_ratio_2_0_bps": -1.0195968937245135,
        "downside_risk_2_0_bps": 0.018779578954455,
        "sortino_ratio_2_0_bps": -1.3575780979071355,
        "max_drawdown_2_0_bps": 0.038966759648152,
        "calmar_ratio_2_0_bps": -0.6623637989711466,
        "perc_pos_return_2_0_bps": 0.46034240220286704,
        "profit_loss_ratio_2_0_bps": 0.9878032591899821,
        "annual_return_2_5_bps": -0.027428247998579,
        "annual_volatility_2_5_bps": 0.025240020369303,
        "sharpe_ratio_2_5_bps": -1.0922655656671656,
        "downside_risk_2_5_bps": 0.018846830761263502,
        "sortino_ratio_2_5_bps": -1.451860406764591,
        "max_drawdown_2_5_bps": 0.039556248827642505,
        "calmar_ratio_2_5_bps": -0.6968130711940785,
        "perc_pos_return_2_5_bps": 0.458411900272365,
        "profit_loss_ratio_2_5_bps": 0.9832783317581106,
        "annual_return_3_0_bps": -0.0293862079901355,
        "annual_volatility_3_0_bps": 0.0252371589311225,
        "sharpe_ratio_3_0_bps": -1.1649464711089537,
        "downside_risk_3_0_bps": 0.018914503366422503,
        "sortino_ratio_3_0_bps": -1.545303106111569,
        "max_drawdown_3_0_bps": 0.040145380207448005,
        "calmar_ratio_3_0_bps": -0.730240569649006,
        "perc_pos_return_3_0_bps": 0.45454341384573904,
        "profit_loss_ratio_3_0_bps": 0.9865266611399202,
        "annual_return_rescaled": -0.1085414510622304,
        "annual_volatility_rescaled": 0.15000000000000163,
        "downside_risk_rescaled": 0.10995490540424632,
        "max_drawdown_rescaled": 0.20188392708215946,
        "annual_return_rescaled_0_5_bps": -0.11920966637369457,
        "annual_volatility_rescaled_0_5_bps": 0.1500000000000033,
        "downside_risk_rescaled_0_5_bps": 0.11036187118355227,
        "max_drawdown_rescaled_0_5_bps": 0.20481805767775402,
        "annual_return_rescaled_1_0_bps": -0.12969962288551073,
        "annual_volatility_rescaled_1_0_bps": 0.150000000000002,
        "downside_risk_rescaled_1_0_bps": 0.11077044611643976,
        "max_drawdown_rescaled_1_0_bps": 0.20774074509261953,
        "annual_return_rescaled_1_5_bps": -0.14001432141274295,
        "annual_volatility_rescaled_1_5_bps": 0.15000000000000152,
        "downside_risk_rescaled_1_5_bps": 0.11118059406740803,
        "max_drawdown_rescaled_1_5_bps": 0.21065195664241648,
        "annual_return_rescaled_2_0_bps": -0.15015672012372777,
        "annual_volatility_rescaled_2_0_bps": 0.15000000000000122,
        "downside_risk_rescaled_2_0_bps": 0.11159231211839953,
        "max_drawdown_rescaled_2_0_bps": 0.21355166060351216,
        "annual_return_rescaled_2_5_bps": -0.16012973486885085,
        "annual_volatility_rescaled_2_5_bps": 0.15000000000000135,
        "downside_risk_rescaled_2_5_bps": 0.11200563917245543,
        "max_drawdown_rescaled_2_5_bps": 0.2164398262151068,
        "annual_return_rescaled_3_0_bps": -0.1699362395145263,
        "annual_volatility_rescaled_3_0_bps": 0.15000000000000152,
        "downside_risk_rescaled_3_0_bps": 0.11242055861781797,
        "max_drawdown_rescaled_3_0_bps": 0.21931642368108245,
        "sharpe_ratio_years": -0.585422972775065,
        "sharpe_ratio_years_0_5_bps": -0.6574424048717801,
        "sharpe_ratio_years_1_0_bps": -0.729495780222289,
        "sharpe_ratio_years_1_5_bps": -0.8015806241411341,
        "sharpe_ratio_years_2_0_bps": -0.8736944530516606,
        "sharpe_ratio_years_2_5_bps": -0.945834775006816,
        "sharpe_ratio_years_3_0_bps": -1.0179990902146905,
        "sharpe_ratio_years_std": 0.052651226228354,
        "sharpe_ratio_years_std_0_5_bps": 0.013271516114434001,
        "sharpe_ratio_years_std_1_0_bps": 0.02614071299292403,
        "sharpe_ratio_years_std_1_5_bps": 0.06558306630837896,
        "sharpe_ratio_years_std_2_0_bps": 0.1050531401793805,
        "sharpe_ratio_years_std_2_5_bps": 0.14454852260598894,
        "sharpe_ratio_years_std_3_0_bps": 0.18406679376544144
    }
}