{
    "ALL": {
        "annual_return": [
            -0.018853132934174,
            -0.016254367844819
        ],
        "annual_volatility": [
            0.020179569119943,
            0.030335881879153002
        ],
        "sharpe_ratio": [
            -0.9330927450703481,
            -0.525092892188002
        ],
        "downside_risk": [
            0.01575347236401,
            0.021276005209713
        ],
        "sortino_ratio": [
            -1.195254551465226,
            -0.748691109820103
        ],
        "max_drawdown": [
            0.028381953259282004,
            0.044828488007979006
        ],
        "calmar_ratio": [
            -0.664264815107771,
            -0.36259014227573105
        ],
        "perc_pos_return": [
            0.472868217054263,
            0.47104247104247104
        ],
        "profit_loss_ratio": [
            0.956319671498541,
            1.0184432795512
        ],
        "annual_return_0_5_bps": [
            -0.019541227635543,
            -0.019538778915006
        ],
        "annual_volatility_0_5_bps": [
            0.020178846748697,
            0.030328616969942
        ],
        "sharpe_ratio_0_5_bps": [
            -0.967891406632093,
            -0.635485453416583
        ],
        "downside_risk_0_5_bps": [
            0.015775470740125003,
            0.021385183958037002
        ],
        "sortino_ratio_0_5_bps": [
            -1.238057024449565,
            -0.9012499001392981
        ],
        "max_drawdown_0_5_bps": [
            0.0289575991407,
            0.045434687183371
        ],
        "calmar_ratio_0_5_bps": [
            -0.6748220921422291,
            -0.43004101329341504
        ],
        "perc_pos_return_0_5_bps": [
            0.472868217054263,
            0.47104247104247104
        ],
        "profit_loss_ratio_0_5_bps": [
            0.9508710401108271,
            1.006631283701159
        ],
        "annual_return_1_0_bps": [
            -0.020228842083113003,
            -0.022812280550322
        ],
        "annual_volatility_1_0_bps": [
            0.020178144916294,
            0.030321783851096
        ],
        "sharpe_ratio_1_0_bps": [
            -1.00269153914232,
            -0.745920291871867
        ],
        "downside_risk_1_0_bps": [
            0.015797516565977002,
            0.021495147690104
        ],
        "sortino_ratio_1_0_bps": [
            -1.280736443519906,
            -1.052220444649357
        ],
        "max_drawdown_1_0_bps": [
            0.029532905884912003,
            0.046040508175951005
        ],
        "calmar_ratio_1_0_bps": [
            -0.684959419907545,
            -0.495482814028511
        ],
        "perc_pos_return_1_0_bps": [
            0.472868217054263,
            0.47104247104247104
        ],
        "profit_loss_ratio_1_0_bps": [
            0.9454524387640341,
            0.9876787809948381
        ],
        "annual_return_1_5_bps": [
            -0.02091597661046,
            -0.026074908801232
        ],
        "annual_volatility_1_5_bps": [
            0.020177463624877,
            0.030315382814592003
        ],
        "sharpe_ratio_1_5_bps": [
            -1.037493036374109,
            -0.8563927090319321
        ],
        "downside_risk_1_5_bps": [
            0.015819609770255,
            0.021605887985042
        ],
        "sortino_ratio_1_5_bps": [
            -1.323292945055061,
            -1.2016110067728691
        ],
        "max_drawdown_1_5_bps": [
            0.030107873690592004,
            0.046645951217584004
        ],
        "calmar_ratio_1_5_bps": [
            -0.694701220863561,
            -0.558996185533957
        ],
        "perc_pos_return_1_5_bps": [
            0.46899224806201506,
            0.467181467181467
        ],
        "profit_loss_ratio_1_5_bps": [
            0.954804730994195,
            0.9842158205137
        ],
        "annual_return_2_0_bps": [
            -0.021602631550929,
            -0.029326699599690004
        ],
        "annual_volatility_2_0_bps": [
            0.020176802876527,
            0.030309414134184004
        ],
        "sharpe_ratio_2_0_bps": [
            -1.072295792066172,
            -0.966897995382855
        ],
        "downside_risk_2_0_bps": [
            0.015841751505913,
            0.021717406402997002
        ],
        "sortino_ratio_2_0_bps": [
            -1.365726562102232,
            -1.349429633712039
        ],
        "max_drawdown_2_0_bps": [
            0.030682502756302004,
            0.047251016540002
        ],
        "calmar_ratio_2_0_bps": [
            -0.704070059815839,
            -0.6206575381264541
        ],
        "perc_pos_return_2_0_bps": [
            0.457364341085271,
            0.46332046332046306
        ],
        "profit_loss_ratio_2_0_bps": [
            0.9948286177166091,
            0.9807779006633551
        ],
        "annual_return_2_5_bps": [
            -0.022288807237640002,
            -0.032567688759518
        ],
        "annual_volatility_2_5_bps": [
            0.020176162673261,
            0.030303878065345003
        ],
        "sharpe_ratio_2_5_bps": [
            -1.107099699924471,
            -1.07743143140986
        ],
        "downside_risk_2_5_bps": [
            0.015863944943917,
            0.021829716578610003
        ],
        "sortino_ratio_2_5_bps": [
            -1.408037138313382,
            -1.4956836752158
        ],
        "max_drawdown_2_5_bps": [
            0.031256793280490004,
            0.047855704374795006
        ],
        "calmar_ratio_2_5_bps": [
            -0.7130868172440651,
            -0.6805393251440921
        ],
        "perc_pos_return_2_5_bps": [
            0.457364341085271,
            0.45945945945945904
        ],
        "profit_loss_ratio_2_5_bps": [
            0.9891852045700281,
            0.977371458946193
        ],
        "annual_return_3_0_bps": [
            -0.022974504003475,
            -0.035797911976796
        ],
        "annual_volatility_3_0_bps": [
            0.020175543017035003,
            0.030298774845210003
        ],
        "sharpe_ratio_3_0_bps": [
            -1.141904653623827,
            -1.18798828859408
        ],
        "downside_risk_3_0_bps": [
            0.015886191715539,
            0.021942815017306
        ],
        "sortino_ratio_3_0_bps": [
            -1.450224627341277,
            -1.640381584881861
        ],
        "max_drawdown_3_0_bps": [
            0.031830745461485004,
            0.048460014953411006
        ],
        "calmar_ratio_3_0_bps": [
            -0.721770843578719,
            -0.738710295719293
        ],
        "perc_pos_return_3_0_bps": [
            0.45348837209302306,
            0.455598455598455
        ],
        "profit_loss_ratio_3_0_bps": [
            0.9990694434257601,
            0.9739838788540801
        ],
        "annual_return_rescaled": [
            -0.11222985457754564,
            -0.10485304754691516
        ],
        "annual_volatility_rescaled": [
            0.11984196154343418,
            0.1801580384565691
        ],
        "downside_risk_rescaled": [
            0.09355635980143061,
            0.12635345100706205
        ],
        "max_drawdown_rescaled": [
            0.16176747908808786,
            0.24200037507623107
        ],
        "annual_return_rescaled_0_5_bps": [
            -0.11594042942604554,
            -0.12247890332134359
        ],
        "annual_volatility_rescaled_0_5_bps": [
            0.11985662274257672,
            0.1801433772574299
        ],
        "downside_risk_rescaled_0_5_bps": [
            0.09370181897078741,
            0.12702192339631713
        ],
        "max_drawdown_rescaled_0_5_bps": [
            0.16473930873327114,
            0.2448968066222369
        ],
        "annual_return_rescaled_1_0_bps": [
            -0.11963567405019682,
            -0.13976357172082465
        ],
        "annual_volatility_rescaled_1_0_bps": [
            0.11987033690228495,
            0.18012966309771902
        ],
        "downside_risk_rescaled_1_0_bps": [
            0.09384676544045933,
            0.12769412679242018
        ],
        "max_drawdown_rescaled_1_0_bps": [
            0.16770017851166674,
            0.2477813116735723
        ],
        "annual_return_rescaled_1_5_bps": [
            -0.12331555165484787,
            -0.15671309117063803
        ],
        "annual_volatility_rescaled_1_5_bps": [
            0.11988310254443507,
            0.180116897455568
        ],
        "downside_risk_rescaled_1_5_bps": [
            0.09399119411431575,
            0.1283699940205003
        ],
        "max_drawdown_rescaled_1_5_bps": [
            0.1706500499177778,
            0.25065386336705514
        ],
        "annual_return_rescaled_2_0_bps": [
            -0.12698002675164255,
            -0.173333413495813
        ],
        "annual_volatility_rescaled_2_0_bps": [
            0.11989491828381306,
            0.18010508171618939
        ],
        "downside_risk_rescaled_2_0_bps": [
            0.09413510722670343,
            0.12904951701009562
        ],
        "max_drawdown_rescaled_2_0_bps": [
            0.17358888539081715,
            0.25351443581620714
        ],
        "annual_return_rescaled_2_5_bps": [
            -0.1306290651603843,
            -0.1896304045773174
        ],
        "annual_volatility_rescaled_2_5_bps": [
            0.11990578282852213,
            0.1800942171714806
        ],
        "downside_risk_rescaled_2_5_bps": [
            0.09427851906497133,
            0.12973275927993955
        ],
        "max_drawdown_rescaled_2_5_bps": [
            0.17651664831798647,
            0.2563630041122271
        ],
        "annual_return_rescaled_3_0_bps": [
            -0.1342626340100347,
            -0.2056098450190179
        ],
        "annual_volatility_rescaled_3_0_bps": [
            0.11991569498035767,
            0.1800843050196454
        ],
        "downside_risk_rescaled_3_0_bps": [
            0.09442143483085545,
            0.1304196824047805
        ],
        "max_drawdown_rescaled_3_0_bps": [
            0.17943330303746063,
            0.25919954432470427
        ],
        "sharpe_ratio_years": [
            -0.638074199003419,
            -0.532771746546711
        ],
        "sharpe_ratio_years_0_5_bps": [
            -0.6707139209862141,
            -0.6441708887573461
        ],
        "sharpe_ratio_years_1_0_bps": [
            -0.703355067229365,
            -0.7556364932152131
        ],
        "sharpe_ratio_years_1_5_bps": [
            -0.7359975578327551,
            -0.867163690449513
        ],
        "sharpe_ratio_years_2_0_bps": [
            -0.7686413128722801,
            -0.9787475932310411
        ],
        "sharpe_ratio_years_2_5_bps": [
            -0.8012862524008271,
            -1.090383297612805
        ],
        "sharpe_ratio_years_3_0_bps": [
            -0.833932296449249,
            -1.202065883980132
        ]
    },
    "COMB": {
        "annual_return": [
            -0.018853132934174,
            -0.016254367844819
        ],
        "annual_volatility": [
            0.020179569119943,
            0.030335881879153002
        ],
        "sharpe_ratio": [
            -0.9330927450703481,
            -0.525092892188002
        ],
        "downside_risk": [
            0.01575347236401,
            0.021276005209713
        ],
        "sortino_ratio": [
            -1.195254551465226,
            -0.748691109820103
        ],
        "max_drawdown": [
            0.028381953259282004,
            0.044828488007979006
        ],
        "calmar_ratio": [
            -0.664264815107771,
            -0.36259014227573105
        ],
        "perc_pos_return": [
            0.472868217054263,
            0.47104247104247104
        ],
        "profit_loss_ratio": [
            0.956319671498541,
            1.0184432795512
        ],
        "annual_return_0_5_bps": [
            -0.019541227635543,
            -0.019538778915006
        ],
        "annual_volatility_0_5_bps": [
            0.020178846748697,
            0.030328616969942
        ],
        "sharpe_ratio_0_5_bps": [
            -0.967891406632093,
            -0.635485453416583
        ],
        "downside_risk_0_5_bps": [
            0.015775470740125003,
            0.021385183958037002
        ],
        "sortino_ratio_0_5_bps": [
            -1.238057024449565,
            -0.9012499001392981
        ],
        "max_drawdown_0_5_bps": [
            0.0289575991407,
            0.045434687183371
        ],
        "calmar_ratio_0_5_bps": [
            -0.6748220921422291,
            -0.43004101329341504
        ],
        "perc_pos_return_0_5_bps": [
            0.472868217054263,
            0.47104247104247104
        ],
        "profit_loss_ratio_0_5_bps": [
            0.9508710401108271,
            1.006631283701159
        ],
        "annual_return_1_0_bps": [
            -0.020228842083113003,
            -0.022812280550322
        ],
        "annual_volatility_1_0_bps": [
            0.020178144916294,
            0.030321783851096
        ],
        "sharpe_ratio_1_0_bps": [
            -1.00269153914232,
            -0.745920291871867
        ],
        "downside_risk_1_0_bps": [
            0.015797516565977002,
            0.021495147690104
        ],
        "sortino_ratio_1_0_bps": [
            -1.280736443519906,
            -1.052220444649357
        ],
        "max_drawdown_1_0_bps": [
            0.029532905884912003,
            0.046040508175951005
        ],
        "calmar_ratio_1_0_bps": [
            -0.684959419907545,
            -0.495482814028511
        ],
        "perc_pos_return_1_0_bps": [
            0.472868217054263,
            0.47104247104247104
        ],
        "profit_loss_ratio_1_0_bps": [
            0.9454524387640341,
            0.9876787809948381
        ],
        "annual_return_1_5_bps": [
            -0.02091597661046,
            -0.026074908801232
        ],
        "annual_volatility_1_5_bps": [
            0.020177463624877,
            0.030315382814592003
        ],
        "sharpe_ratio_1_5_bps": [
            -1.037493036374109,
            -0.8563927090319321
        ],
        "downside_risk_1_5_bps": [
            0.015819609770255,
            0.021605887985042
        ],
        "sortino_ratio_1_5_bps": [
            -1.323292945055061,
            -1.2016110067728691
        ],
        "max_drawdown_1_5_bps": [
            0.030107873690592004,
            0.046645951217584004
        ],
        "calmar_ratio_1_5_bps": [
            -0.694701220863561,
            -0.558996185533957
        ],
        "perc_pos_return_1_5_bps": [
            0.46899224806201506,
            0.467181467181467
        ],
        "profit_loss_ratio_1_5_bps": [
            0.954804730994195,
            0.9842158205137
        ],
        "annual_return_2_0_bps": [
            -0.021602631550929,
            -0.029326699599690004
        ],
        "annual_volatility_2_0_bps": [
            0.020176802876527,
            0.030309414134184004
        ],
        "sharpe_ratio_2_0_bps": [
            -1.072295792066172,
            -0.966897995382855
        ],
        "downside_risk_2_0_bps": [
            0.015841751505913,
            0.021717406402997002
        ],
        "sortino_ratio_2_0_bps": [
            -1.365726562102232,
            -1.349429633712039
        ],
        "max_drawdown_2_0_bps": [
            0.030682502756302004,
            0.047251016540002
        ],
        "calmar_ratio_2_0_bps": [
            -0.704070059815839,
            -0.6206575381264541
        ],
        "perc_pos_return_2_0_bps": [
            0.457364341085271,
            0.46332046332046306
        ],
        "profit_loss_ratio_2_0_bps": [
            0.9948286177166091,
            0.9807779006633551
        ],
        "annual_return_2_5_bps": [
            -0.022288807237640002,
            -0.032567688759518
        ],
        "annual_volatility_2_5_bps": [
            0.020176162673261,
            0.030303878065345003
        ],
        "sharpe_ratio_2_5_bps": [
            -1.107099699924471,
            -1.07743143140986
        ],
        "downside_risk_2_5_bps": [
            0.015863944943917,
            0.021829716578610003
        ],
        "sortino_ratio_2_5_bps": [
            -1.408037138313382,
            -1.4956836752158
        ],
        "max_drawdown_2_5_bps": [
            0.031256793280490004,
            0.047855704374795006
        ],
        "calmar_ratio_2_5_bps": [
            -0.7130868172440651,
            -0.6805393251440921
        ],
        "perc_pos_return_2_5_bps": [
            0.457364341085271,
            0.45945945945945904
        ],
        "profit_loss_ratio_2_5_bps": [
            0.9891852045700281,
            0.977371458946193
        ],
        "annual_return_3_0_bps": [
            -0.022974504003475,
            -0.035797911976796
        ],
        "annual_volatility_3_0_bps": [
            0.020175543017035003,
            0.030298774845210003
        ],
        "sharpe_ratio_3_0_bps": [
            -1.141904653623827,
            -1.18798828859408
        ],
        "downside_risk_3_0_bps": [
            0.015886191715539,
            0.021942815017306
        ],
        "sortino_ratio_3_0_bps": [
            -1.450224627341277,
            -1.640381584881861
        ],
        "max_drawdown_3_0_bps": [
            0.031830745461485004,
            0.048460014953411006
        ],
        "calmar_ratio_3_0_bps": [
            -0.721770843578719,
            -0.738710295719293
        ],
        "perc_pos_return_3_0_bps": [
            0.45348837209302306,
            0.455598455598455
        ],
        "profit_loss_ratio_3_0_bps": [
            0.9990694434257601,
            0.9739838788540801
        ],
        "annual_return_rescaled": [
            -0.11222985457754564,
            -0.10485304754691516
        ],
        "annual_volatility_rescaled": [
            0.11984196154343418,
            0.1801580384565691
        ],
        "downside_risk_rescaled": [
            0.09355635980143061,
            0.12635345100706205
        ],
        "max_drawdown_rescaled": [
            0.16176747908808786,
            0.24200037507623107
        ],
        "annual_return_rescaled_0_5_bps": [
            -0.11594042942604554,
            -0.12247890332134359
        ],
        "annual_volatility_rescaled_0_5_bps": [
            0.11985662274257672,
            0.1801433772574299
        ],
        "downside_risk_rescaled_0_5_bps": [
            0.09370181897078741,
            0.12702192339631713
        ],
        "max_drawdown_rescaled_0_5_bps": [
            0.16473930873327114,
            0.2448968066222369
        ],
        "annual_return_rescaled_1_0_bps": [
            -0.11963567405019682,
            -0.13976357172082465
        ],
        "annual_volatility_rescaled_1_0_bps": [
            0.11987033690228495,
            0.18012966309771902
        ],
        "downside_risk_rescaled_1_0_bps": [
            0.09384676544045933,
            0.12769412679242018
        ],
        "max_drawdown_rescaled_1_0_bps": [
            0.16770017851166674,
            0.2477813116735723
        ],
        "annual_return_rescaled_1_5_bps": [
            -0.12331555165484787,
            -0.15671309117063803
        ],
        "annual_volatility_rescaled_1_5_bps": [
            0.11988310254443507,
            0.180116897455568
        ],
        "downside_risk_rescaled_1_5_bps": [
            0.09399119411431575,
            0.1283699940205003
        ],
        "max_drawdown_rescaled_1_5_bps": [
            0.1706500499177778,
            0.25065386336705514
        ],
        "annual_return_rescaled_2_0_bps": [
            -0.12698002675164255,
            -0.173333413495813
        ],
        "annual_volatility_rescaled_2_0_bps": [
            0.11989491828381306,
            0.18010508171618939
        ],
        "downside_risk_rescaled_2_0_bps": [
            0.09413510722670343,
            0.12904951701009562
        ],
        "max_drawdown_rescaled_2_0_bps": [
            0.17358888539081715,
            0.25351443581620714
        ],
        "annual_return_rescaled_2_5_bps": [
            -0.1306290651603843,
            -0.1896304045773174
        ],
        "annual_volatility_rescaled_2_5_bps": [
            0.11990578282852213,
            0.1800942171714806
        ],
        "downside_risk_rescaled_2_5_bps": [
            0.09427851906497133,
            0.12973275927993955
        ],
        "max_drawdown_rescaled_2_5_bps": [
            0.17651664831798647,
            0.2563630041122271
        ],
        "annual_return_rescaled_3_0_bps": [
            -0.1342626340100347,
            -0.2056098450190179
        ],
        "annual_volatility_rescaled_3_0_bps": [
            0.11991569498035767,
            0.1800843050196454
        ],
        "downside_risk_rescaled_3_0_bps": [
            0.09442143483085545,
            0.1304196824047805
        ],
        "max_drawdown_rescaled_3_0_bps": [
            0.17943330303746063,
            0.25919954432470427
        ],
        "sharpe_ratio_years": [
            -0.638074199003419,
            -0.532771746546711
        ],
        "sharpe_ratio_years_0_5_bps": [
            -0.6707139209862141,
            -0.6441708887573461
        ],
        "sharpe_ratio_years_1_0_bps": [
            -0.703355067229365,
            -0.7556364932152131
        ],
        "sharpe_ratio_years_1_5_bps": [
            -0.7359975578327551,
            -0.867163690449513
        ],
        "sharpe_ratio_years_2_0_bps": [
            -0.7686413128722801,
            -0.9787475932310411
        ],
        "sharpe_ratio_years_2_5_bps": [
            -0.8012862524008271,
            -1.090383297612805
        ],
        "sharpe_ratio_years_3_0_bps": [
            -0.833932296449249,
            -1.202065883980132
        ]
    }
}