{
    "ALL": {
        "annual_return": 0.005801815657750501,
        "annual_volatility": 0.055046776669038504,
        "sharpe_ratio": 0.105063746054765,
        "downside_risk": 0.039133510688483,
        "sortino_ratio": 0.16775902523465153,
        "max_drawdown": 0.038760567472649,
        "calmar_ratio": 0.26403856603219755,
        "perc_pos_return": 0.5215305118110235,
        "profit_loss_ratio": 0.9348728116386351,
        "annual_return_0_5_bps": 0.0011885990181995012,
        "annual_volatility_0_5_bps": 0.05504187805553601,
        "sharpe_ratio_0_5_bps": 0.02176347701959,
        "downside_risk_0_5_bps": 0.039282159346817,
        "sortino_ratio_0_5_bps": 0.05031248212220052,
        "max_drawdown_0_5_bps": 0.040169089904667006,
        "calmar_ratio_0_5_bps": 0.125429949148437,
        "perc_pos_return_0_5_bps": 0.5215305118110235,
        "profit_loss_ratio_0_5_bps": 0.9257143369522176,
        "annual_return_1_0_bps": -0.003403412417416,
        "annual_volatility_1_0_bps": 0.05503760299173151,
        "sharpe_ratio_1_0_bps": -0.061550803736929505,
        "downside_risk_1_0_bps": 0.039431555710134,
        "sortino_ratio_1_0_bps": -0.06624321111450099,
        "max_drawdown_1_0_bps": 0.041723405175542,
        "calmar_ratio_1_0_bps": -0.003137516778074001,
        "perc_pos_return_1_0_bps": 0.5215305118110235,
        "profit_loss_ratio_1_0_bps": 0.9125843550984505,
        "annual_return_1_5_bps": -0.0079743163193755,
        "annual_volatility_1_5_bps": 0.05503395163159751,
        "sharpe_ratio_1_5_bps": -0.1448762458653245,
        "downside_risk_1_5_bps": 0.0395816913706205,
        "sortino_ratio_1_5_bps": -0.18191170791548303,
        "max_drawdown_1_5_bps": 0.043275147764784,
        "calmar_ratio_1_5_bps": -0.11978193712010798,
        "perc_pos_return_1_5_bps": 0.5195773868110235,
        "profit_loss_ratio_1_5_bps": 0.9060630050434135,
        "annual_return_2_0_bps": -0.0125242099072855,
        "annual_volatility_2_0_bps": 0.055030924107612504,
        "sharpe_ratio_2_0_bps": -0.22820999649698354,
        "downside_risk_2_0_bps": 0.0397325607268815,
        "sortino_ratio_2_0_bps": -0.2966967476416885,
        "max_drawdown_2_0_bps": 0.0448243220147435,
        "calmar_ratio_2_0_bps": -0.22616033198688903,
        "perc_pos_return_2_0_bps": 0.5195773868110235,
        "profit_loss_ratio_2_0_bps": 0.893192536971332,
        "annual_return_2_5_bps": -0.0170531899521805,
        "annual_volatility_2_5_bps": 0.0550285205307355,
        "sharpe_ratio_2_5_bps": -0.311549200739256,
        "downside_risk_2_5_bps": 0.0398841597580565,
        "sortino_ratio_2_5_bps": -0.41060217652347203,
        "max_drawdown_2_5_bps": 0.046383112596365,
        "calmar_ratio_2_5_bps": -0.323480290479552,
        "perc_pos_return_2_5_bps": 0.5136872539370075,
        "profit_loss_ratio_2_5_bps": 0.9021512859447006,
        "annual_return_3_0_bps": -0.021561352778587502,
        "annual_volatility_3_0_bps": 0.0550267409903845,
        "sharpe_ratio_3_0_bps": -0.39489100217152756,
        "downside_risk_3_0_bps": 0.040036520141355,
        "sortino_ratio_3_0_bps": -0.523631367545031,
        "max_drawdown_3_0_bps": 0.0489867642100815,
        "calmar_ratio_3_0_bps": -0.4004128549839095,
        "perc_pos_return_3_0_bps": 0.509765625,
        "profit_loss_ratio_3_0_bps": 0.9033952856873206,
        "annual_return_rescaled": 0.009429045813111214,
        "annual_volatility_rescaled": 0.1500000000000001,
        "downside_risk_rescaled": 0.10663706321198863,
        "max_drawdown_rescaled": 0.10375905595805332,
        "annual_return_rescaled_0_5_bps": -0.003171492981685453,
        "annual_volatility_rescaled_0_5_bps": 0.15000000000000085,
        "downside_risk_rescaled_0_5_bps": 0.10705165067364468,
        "max_drawdown_rescaled_0_5_bps": 0.10773134442925772,
        "annual_return_rescaled_1_0_bps": -0.01561633046277111,
        "annual_volatility_rescaled_1_0_bps": 0.1500000000000004,
        "downside_risk_rescaled_1_0_bps": 0.10746713219703119,
        "max_drawdown_rescaled_1_0_bps": 0.11168512017356494,
        "annual_return_rescaled_1_5_bps": -0.02790695351920769,
        "annual_volatility_rescaled_1_5_bps": 0.15000000000000058,
        "downside_risk_rescaled_1_5_bps": 0.10788347064985752,
        "max_drawdown_rescaled_1_5_bps": 0.11562033835361393,
        "annual_return_rescaled_2_0_bps": -0.040044846556876845,
        "annual_volatility_rescaled_2_0_bps": 0.1500000000000005,
        "downside_risk_rescaled_2_0_bps": 0.10830063651807367,
        "max_drawdown_rescaled_2_0_bps": 0.11966090817659847,
        "annual_return_rescaled_2_5_bps": -0.05203149121498041,
        "annual_volatility_rescaled_2_5_bps": 0.1499999999999997,
        "downside_risk_rescaled_2_5_bps": 0.10871860457100632,
        "max_drawdown_rescaled_2_5_bps": 0.12526739060008085,
        "annual_return_rescaled_3_0_bps": -0.06386836608775842,
        "annual_volatility_rescaled_3_0_bps": 0.15000000000000085,
        "downside_risk_rescaled_3_0_bps": 0.10913744686883586,
        "max_drawdown_rescaled_3_0_bps": 0.13183306604469697,
        "sharpe_ratio_years": 0.12850509710444102,
        "sharpe_ratio_years_0_5_bps": 0.045108382540198,
        "sharpe_ratio_years_1_0_bps": -0.03830741886316302,
        "sharpe_ratio_years_1_5_bps": -0.121739465749236,
        "sharpe_ratio_years_2_0_bps": -0.20518491331425304,
        "sharpe_ratio_years_2_5_bps": -0.28864091379599255,
        "sharpe_ratio_years_3_0_bps": -0.372104616964023,
        "sharpe_ratio_years_std": 0.30677589301794106,
        "sharpe_ratio_years_std_0_5_bps": 0.30545144378745304,
        "sharpe_ratio_years_std_1_0_bps": 0.304126996317199,
        "sharpe_ratio_years_std_1_5_bps": 0.302802288929564,
        "sharpe_ratio_years_std_2_0_bps": 0.30147705927189905,
        "sharpe_ratio_years_std_2_5_bps": 0.30015104441292656,
        "sharpe_ratio_years_std_3_0_bps": 0.298823980939593
    },
    "COMB": {
        "annual_return": 0.005801815657750501,
        "annual_volatility": 0.055046776669038504,
        "sharpe_ratio": 0.105063746054765,
        "downside_risk": 0.039133510688483,
        "sortino_ratio": 0.16775902523465153,
        "max_drawdown": 0.038760567472649,
        "calmar_ratio": 0.26403856603219755,
        "perc_pos_return": 0.5215305118110235,
        "profit_loss_ratio": 0.9348728116386351,
        "annual_return_0_5_bps": 0.0011885990181995012,
        "annual_volatility_0_5_bps": 0.05504187805553601,
        "sharpe_ratio_0_5_bps": 0.02176347701959,
        "downside_risk_0_5_bps": 0.039282159346817,
        "sortino_ratio_0_5_bps": 0.05031248212220052,
        "max_drawdown_0_5_bps": 0.040169089904667006,
        "calmar_ratio_0_5_bps": 0.125429949148437,
        "perc_pos_return_0_5_bps": 0.5215305118110235,
        "profit_loss_ratio_0_5_bps": 0.9257143369522176,
        "annual_return_1_0_bps": -0.003403412417416,
        "annual_volatility_1_0_bps": 0.05503760299173151,
        "sharpe_ratio_1_0_bps": -0.061550803736929505,
        "downside_risk_1_0_bps": 0.039431555710134,
        "sortino_ratio_1_0_bps": -0.06624321111450099,
        "max_drawdown_1_0_bps": 0.041723405175542,
        "calmar_ratio_1_0_bps": -0.003137516778074001,
        "perc_pos_return_1_0_bps": 0.5215305118110235,
        "profit_loss_ratio_1_0_bps": 0.9125843550984505,
        "annual_return_1_5_bps": -0.0079743163193755,
        "annual_volatility_1_5_bps": 0.05503395163159751,
        "sharpe_ratio_1_5_bps": -0.1448762458653245,
        "downside_risk_1_5_bps": 0.0395816913706205,
        "sortino_ratio_1_5_bps": -0.18191170791548303,
        "max_drawdown_1_5_bps": 0.043275147764784,
        "calmar_ratio_1_5_bps": -0.11978193712010798,
        "perc_pos_return_1_5_bps": 0.5195773868110235,
        "profit_loss_ratio_1_5_bps": 0.9060630050434135,
        "annual_return_2_0_bps": -0.0125242099072855,
        "annual_volatility_2_0_bps": 0.055030924107612504,
        "sharpe_ratio_2_0_bps": -0.22820999649698354,
        "downside_risk_2_0_bps": 0.0397325607268815,
        "sortino_ratio_2_0_bps": -0.2966967476416885,
        "max_drawdown_2_0_bps": 0.0448243220147435,
        "calmar_ratio_2_0_bps": -0.22616033198688903,
        "perc_pos_return_2_0_bps": 0.5195773868110235,
        "profit_loss_ratio_2_0_bps": 0.893192536971332,
        "annual_return_2_5_bps": -0.0170531899521805,
        "annual_volatility_2_5_bps": 0.0550285205307355,
        "sharpe_ratio_2_5_bps": -0.311549200739256,
        "downside_risk_2_5_bps": 0.0398841597580565,
        "sortino_ratio_2_5_bps": -0.41060217652347203,
        "max_drawdown_2_5_bps": 0.046383112596365,
        "calmar_ratio_2_5_bps": -0.323480290479552,
        "perc_pos_return_2_5_bps": 0.5136872539370075,
        "profit_loss_ratio_2_5_bps": 0.9021512859447006,
        "annual_return_3_0_bps": -0.021561352778587502,
        "annual_volatility_3_0_bps": 0.0550267409903845,
        "sharpe_ratio_3_0_bps": -0.39489100217152756,
        "downside_risk_3_0_bps": 0.040036520141355,
        "sortino_ratio_3_0_bps": -0.523631367545031,
        "max_drawdown_3_0_bps": 0.0489867642100815,
        "calmar_ratio_3_0_bps": -0.4004128549839095,
        "perc_pos_return_3_0_bps": 0.509765625,
        "profit_loss_ratio_3_0_bps": 0.9033952856873206,
        "annual_return_rescaled": 0.009429045813111214,
        "annual_volatility_rescaled": 0.1500000000000001,
        "downside_risk_rescaled": 0.10663706321198863,
        "max_drawdown_rescaled": 0.10375905595805332,
        "annual_return_rescaled_0_5_bps": -0.003171492981685453,
        "annual_volatility_rescaled_0_5_bps": 0.15000000000000085,
        "downside_risk_rescaled_0_5_bps": 0.10705165067364468,
        "max_drawdown_rescaled_0_5_bps": 0.10773134442925772,
        "annual_return_rescaled_1_0_bps": -0.01561633046277111,
        "annual_volatility_rescaled_1_0_bps": 0.1500000000000004,
        "downside_risk_rescaled_1_0_bps": 0.10746713219703119,
        "max_drawdown_rescaled_1_0_bps": 0.11168512017356494,
        "annual_return_rescaled_1_5_bps": -0.02790695351920769,
        "annual_volatility_rescaled_1_5_bps": 0.15000000000000058,
        "downside_risk_rescaled_1_5_bps": 0.10788347064985752,
        "max_drawdown_rescaled_1_5_bps": 0.11562033835361393,
        "annual_return_rescaled_2_0_bps": -0.040044846556876845,
        "annual_volatility_rescaled_2_0_bps": 0.1500000000000005,
        "downside_risk_rescaled_2_0_bps": 0.10830063651807367,
        "max_drawdown_rescaled_2_0_bps": 0.11966090817659847,
        "annual_return_rescaled_2_5_bps": -0.05203149121498041,
        "annual_volatility_rescaled_2_5_bps": 0.1499999999999997,
        "downside_risk_rescaled_2_5_bps": 0.10871860457100632,
        "max_drawdown_rescaled_2_5_bps": 0.12526739060008085,
        "annual_return_rescaled_3_0_bps": -0.06386836608775842,
        "annual_volatility_rescaled_3_0_bps": 0.15000000000000085,
        "downside_risk_rescaled_3_0_bps": 0.10913744686883586,
        "max_drawdown_rescaled_3_0_bps": 0.13183306604469697,
        "sharpe_ratio_years": 0.12850509710444102,
        "sharpe_ratio_years_0_5_bps": 0.045108382540198,
        "sharpe_ratio_years_1_0_bps": -0.03830741886316302,
        "sharpe_ratio_years_1_5_bps": -0.121739465749236,
        "sharpe_ratio_years_2_0_bps": -0.20518491331425304,
        "sharpe_ratio_years_2_5_bps": -0.28864091379599255,
        "sharpe_ratio_years_3_0_bps": -0.372104616964023,
        "sharpe_ratio_years_std": 0.30677589301794106,
        "sharpe_ratio_years_std_0_5_bps": 0.30545144378745304,
        "sharpe_ratio_years_std_1_0_bps": 0.304126996317199,
        "sharpe_ratio_years_std_1_5_bps": 0.302802288929564,
        "sharpe_ratio_years_std_2_0_bps": 0.30147705927189905,
        "sharpe_ratio_years_std_2_5_bps": 0.30015104441292656,
        "sharpe_ratio_years_std_3_0_bps": 0.298823980939593
    }
}