{
    "ALL": {
        "annual_return": [
            -0.012902915274783001,
            0.024506546590284003
        ],
        "annual_volatility": [
            0.051016388510713,
            0.059077164827364005
        ],
        "sharpe_ratio": [
            -0.22911982729155403,
            0.439247319401084
        ],
        "downside_risk": [
            0.037945393001268,
            0.040321628375698006
        ],
        "sortino_ratio": [
            -0.30804440803189403,
            0.6435624585011971
        ],
        "max_drawdown": [
            0.046989742341346,
            0.030531392603952004
        ],
        "calmar_ratio": [
            -0.27459004097218903,
            0.8026671730365841
        ],
        "perc_pos_return": [
            0.53125,
            0.511811023622047
        ],
        "profit_loss_ratio": [
            0.8488934158494471,
            1.020852207427823
        ],
        "annual_return_0_5_bps": [
            -0.017023839246869,
            0.019401037283268002
        ],
        "annual_volatility_0_5_bps": [
            0.051009776237465006,
            0.059073979873607005
        ],
        "sharpe_ratio_0_5_bps": [
            -0.31116502953386604,
            0.35469198357304604
        ],
        "downside_risk_0_5_bps": [
            0.038075096961919006,
            0.040489221731715
        ],
        "sortino_ratio_0_5_bps": [
            -0.41687243883637204,
            0.5174974030807731
        ],
        "max_drawdown_0_5_bps": [
            0.04821439305550201,
            0.032123786753832005
        ],
        "calmar_ratio_0_5_bps": [
            -0.353086250142617,
            0.603946148439491
        ],
        "perc_pos_return_0_5_bps": [
            0.53125,
            0.511811023622047
        ],
        "profit_loss_ratio_0_5_bps": [
            0.8372058599901661,
            1.014222813914269
        ],
        "annual_return_1_0_bps": [
            -0.021127659892005,
            0.014320835057173001
        ],
        "annual_volatility_1_0_bps": [
            0.051003821052922005,
            0.059071384930541
        ],
        "sharpe_ratio_1_0_bps": [
            -0.393226439122466,
            0.270124831648607
        ],
        "downside_risk_1_0_bps": [
            0.038205565368077,
            0.040657546052191004
        ],
        "sortino_ratio_1_0_bps": [
            -0.524951031114381,
            0.39246460888537904
        ],
        "max_drawdown_1_0_bps": [
            0.049437511988573005,
            0.034009298362511
        ],
        "calmar_ratio_1_0_bps": [
            -0.42736090555869205,
            0.42108587200254405
        ],
        "perc_pos_return_1_0_bps": [
            0.53125,
            0.511811023622047
        ],
        "profit_loss_ratio_1_0_bps": [
            0.825665553984248,
            0.9995031562126531
        ],
        "annual_return_1_5_bps": [
            -0.025214447779031,
            0.009265815140280001
        ],
        "annual_volatility_1_5_bps": [
            0.05099852318727201,
            0.059069380075923
        ],
        "sharpe_ratio_1_5_bps": [
            -0.47530088763752104,
            0.18554839590687203
        ],
        "downside_risk_1_5_bps": [
            0.038336790445214,
            0.040826592296027
        ],
        "sortino_ratio_1_5_bps": [
            -0.6322814992494851,
            0.268458083418519
        ],
        "max_drawdown_1_5_bps": [
            0.050659101004884,
            0.035891194524684006
        ],
        "calmar_ratio_1_5_bps": [
            -0.497727896446494,
            0.25816402220627804
        ],
        "perc_pos_return_1_5_bps": [
            0.52734375,
            0.511811023622047
        ],
        "profit_loss_ratio_1_5_bps": [
            0.8271375371306451,
            0.9849884729561821
        ],
        "annual_return_2_0_bps": [
            -0.029284273187318,
            0.004235853372747
        ],
        "annual_volatility_2_0_bps": [
            0.050993882845387,
            0.05906796536983801
        ],
        "sharpe_ratio_2_0_bps": [
            -0.5573852030473081,
            0.10096521005334101
        ],
        "downside_risk_2_0_bps": [
            0.038468769920974005,
            0.040996351532789
        ],
        "sortino_ratio_2_0_bps": [
            -0.7388652094240681,
            0.14547171414069102
        ],
        "max_drawdown_2_0_bps": [
            0.051879161966546,
            0.037769482062941
        ],
        "calmar_ratio_2_0_bps": [
            -0.5644708217569491,
            0.11215015778317101
        ],
        "perc_pos_return_2_0_bps": [
            0.52734375,
            0.511811023622047
        ],
        "profit_loss_ratio_2_0_bps": [
            0.815710561664526,
            0.9706745122781381
        ],
        "annual_return_2_5_bps": [
            -0.033337206107961,
            -0.0007691737964
        ],
        "annual_volatility_2_5_bps": [
            0.05098990020678,
            0.059067140854691
        ],
        "sharpe_ratio_2_5_bps": [
            -0.6394762103190881,
            0.016377808840576002
        ],
        "downside_risk_2_5_bps": [
            0.038601501289094,
            0.041166818227019
        ],
        "sortino_ratio_2_5_bps": [
            -0.8447036270579391,
            0.023499274010995
        ],
        "max_drawdown_2_5_bps": [
            0.053122057405525,
            0.039644167787205004
        ],
        "calmar_ratio_2_5_bps": [
            -0.627558640160912,
            -0.019401940798192
        ],
        "perc_pos_return_2_5_bps": [
            0.5234375,
            0.5039370078740151
        ],
        "profit_loss_ratio_2_5_bps": [
            0.8171299771802981,
            0.9871725947091031
        ],
        "annual_return_3_0_bps": [
            -0.037373316244956004,
            -0.005749389312219
        ],
        "annual_volatility_3_0_bps": [
            0.05098657542557301,
            0.059066906555196
        ],
        "sharpe_ratio_3_0_bps": [
            -0.7215707320315611,
            -0.068211272311494
        ],
        "downside_risk_3_0_bps": [
            0.038735024440651,
            0.041338015842059005
        ],
        "sortino_ratio_3_0_bps": [
            -0.949797272233117,
            -0.097465462856945
        ],
        "max_drawdown_3_0_bps": [
            0.056413804789693,
            0.04155972363047
        ],
        "calmar_ratio_3_0_bps": [
            -0.662485297424647,
            -0.138340412543172
        ],
        "perc_pos_return_3_0_bps": [
            0.51953125,
            0.5
        ],
        "profit_loss_ratio_3_0_bps": [
            0.818544064951445,
            0.9882465064231961
        ],
        "annual_return_rescaled": [
            -0.040660542212500594,
            0.05951863383872302
        ],
        "annual_volatility_rescaled": [
            0.13901737285393348,
            0.16098262714606673
        ],
        "downside_risk_rescaled": [
            0.10339949574907034,
            0.1098746306749069
        ],
        "max_drawdown_rescaled": [
            0.1245417655108514,
            0.08297634640525525
        ],
        "annual_return_rescaled_0_5_bps": [
            -0.05154039296142188,
            0.04519740699805097
        ],
        "annual_volatility_rescaled_0_5_bps": [
            0.13901172536118006,
            0.16098827463882162
        ],
        "downside_risk_rescaled_0_5_bps": [
            0.1037621670271749,
            0.11034113432011446
        ],
        "max_drawdown_rescaled_0_5_bps": [
            0.12761575092379876,
            0.08784693793471667
        ],
        "annual_return_rescaled_1_0_bps": [
            -0.06229868928073512,
            0.0310660283551929
        ],
        "annual_volatility_rescaled_1_0_bps": [
            0.13900629282651883,
            0.16099370717348202
        ],
        "downside_risk_rescaled_1_0_bps": [
            0.10412580660666768,
            0.11080845778739469
        ],
        "max_drawdown_rescaled_1_0_bps": [
            0.13067836350413065,
            0.09269187684299925
        ],
        "annual_return_rescaled_1_5_bps": [
            -0.07293640902560306,
            0.017122501987187677
        ],
        "annual_volatility_rescaled_1_5_bps": [
            0.13900107572320497,
            0.16099892427679616
        ],
        "downside_risk_rescaled_1_5_bps": [
            0.10449038087027884,
            0.1112765604294362
        ],
        "max_drawdown_rescaled_1_5_bps": [
            0.13372954326134273,
            0.09751113344588515
        ],
        "annual_return_rescaled_2_0_bps": [
            -0.08345453156047677,
            0.003364838446723084
        ],
        "annual_volatility_rescaled_2_0_bps": [
            0.13899607449532111,
            0.16100392550467987
        ],
        "downside_risk_rescaled_2_0_bps": [
            0.10485587116186347,
            0.11174540187428386
        ],
        "max_drawdown_rescaled_2_0_bps": [
            0.13676923150324713,
            0.10255258484994981
        ],
        "annual_return_rescaled_2_5_bps": [
            -0.09385403753363597,
            -0.010208944896324845
        ],
        "annual_volatility_rescaled_2_5_bps": [
            0.13899128955765802,
            0.16100871044234136
        ],
        "downside_risk_rescaled_2_5_bps": [
            0.10522225815847908,
            0.11221495098353357
        ],
        "max_drawdown_rescaled_2_5_bps": [
            0.14292694880469448,
            0.10760783239546723
        ],
        "annual_return_rescaled_3_0_bps": [
            -0.10413590865439737,
            -0.023600823521119474
        ],
        "annual_volatility_rescaled_3_0_bps": [
            0.13898672129560508,
            0.16101327870439663
        ],
        "downside_risk_rescaled_3_0_bps": [
            0.10558963808365361,
            0.11268525565401813
        ],
        "max_drawdown_rescaled_3_0_bps": [
            0.1510319370577808,
            0.11263419503161314
        ],
        "sharpe_ratio_years": [
            -0.1782707959135,
            0.435280990122382
        ],
        "sharpe_ratio_years_0_5_bps": [
            -0.26034306124725504,
            0.35055982632765104
        ],
        "sharpe_ratio_years_1_0_bps": [
            -0.34243441518036205,
            0.265819577454036
        ],
        "sharpe_ratio_years_1_5_bps": [
            -0.4245417546788,
            0.18106282318032801
        ],
        "sharpe_ratio_years_2_0_bps": [
            -0.5066619725861521,
            0.09629214595764601
        ],
        "sharpe_ratio_years_2_5_bps": [
            -0.588791958208919,
            0.011510130616934
        ],
        "sharpe_ratio_years_3_0_bps": [
            -0.670928597903616,
            -0.07328063602443001
        ]
    },
    "COMB": {
        "annual_return": [
            -0.012902915274783001,
            0.024506546590284003
        ],
        "annual_volatility": [
            0.051016388510713,
            0.059077164827364005
        ],
        "sharpe_ratio": [
            -0.22911982729155403,
            0.439247319401084
        ],
        "downside_risk": [
            0.037945393001268,
            0.040321628375698006
        ],
        "sortino_ratio": [
            -0.30804440803189403,
            0.6435624585011971
        ],
        "max_drawdown": [
            0.046989742341346,
            0.030531392603952004
        ],
        "calmar_ratio": [
            -0.27459004097218903,
            0.8026671730365841
        ],
        "perc_pos_return": [
            0.53125,
            0.511811023622047
        ],
        "profit_loss_ratio": [
            0.8488934158494471,
            1.020852207427823
        ],
        "annual_return_0_5_bps": [
            -0.017023839246869,
            0.019401037283268002
        ],
        "annual_volatility_0_5_bps": [
            0.051009776237465006,
            0.059073979873607005
        ],
        "sharpe_ratio_0_5_bps": [
            -0.31116502953386604,
            0.35469198357304604
        ],
        "downside_risk_0_5_bps": [
            0.038075096961919006,
            0.040489221731715
        ],
        "sortino_ratio_0_5_bps": [
            -0.41687243883637204,
            0.5174974030807731
        ],
        "max_drawdown_0_5_bps": [
            0.04821439305550201,
            0.032123786753832005
        ],
        "calmar_ratio_0_5_bps": [
            -0.353086250142617,
            0.603946148439491
        ],
        "perc_pos_return_0_5_bps": [
            0.53125,
            0.511811023622047
        ],
        "profit_loss_ratio_0_5_bps": [
            0.8372058599901661,
            1.014222813914269
        ],
        "annual_return_1_0_bps": [
            -0.021127659892005,
            0.014320835057173001
        ],
        "annual_volatility_1_0_bps": [
            0.051003821052922005,
            0.059071384930541
        ],
        "sharpe_ratio_1_0_bps": [
            -0.393226439122466,
            0.270124831648607
        ],
        "downside_risk_1_0_bps": [
            0.038205565368077,
            0.040657546052191004
        ],
        "sortino_ratio_1_0_bps": [
            -0.524951031114381,
            0.39246460888537904
        ],
        "max_drawdown_1_0_bps": [
            0.049437511988573005,
            0.034009298362511
        ],
        "calmar_ratio_1_0_bps": [
            -0.42736090555869205,
            0.42108587200254405
        ],
        "perc_pos_return_1_0_bps": [
            0.53125,
            0.511811023622047
        ],
        "profit_loss_ratio_1_0_bps": [
            0.825665553984248,
            0.9995031562126531
        ],
        "annual_return_1_5_bps": [
            -0.025214447779031,
            0.009265815140280001
        ],
        "annual_volatility_1_5_bps": [
            0.05099852318727201,
            0.059069380075923
        ],
        "sharpe_ratio_1_5_bps": [
            -0.47530088763752104,
            0.18554839590687203
        ],
        "downside_risk_1_5_bps": [
            0.038336790445214,
            0.040826592296027
        ],
        "sortino_ratio_1_5_bps": [
            -0.6322814992494851,
            0.268458083418519
        ],
        "max_drawdown_1_5_bps": [
            0.050659101004884,
            0.035891194524684006
        ],
        "calmar_ratio_1_5_bps": [
            -0.497727896446494,
            0.25816402220627804
        ],
        "perc_pos_return_1_5_bps": [
            0.52734375,
            0.511811023622047
        ],
        "profit_loss_ratio_1_5_bps": [
            0.8271375371306451,
            0.9849884729561821
        ],
        "annual_return_2_0_bps": [
            -0.029284273187318,
            0.004235853372747
        ],
        "annual_volatility_2_0_bps": [
            0.050993882845387,
            0.05906796536983801
        ],
        "sharpe_ratio_2_0_bps": [
            -0.5573852030473081,
            0.10096521005334101
        ],
        "downside_risk_2_0_bps": [
            0.038468769920974005,
            0.040996351532789
        ],
        "sortino_ratio_2_0_bps": [
            -0.7388652094240681,
            0.14547171414069102
        ],
        "max_drawdown_2_0_bps": [
            0.051879161966546,
            0.037769482062941
        ],
        "calmar_ratio_2_0_bps": [
            -0.5644708217569491,
            0.11215015778317101
        ],
        "perc_pos_return_2_0_bps": [
            0.52734375,
            0.511811023622047
        ],
        "profit_loss_ratio_2_0_bps": [
            0.815710561664526,
            0.9706745122781381
        ],
        "annual_return_2_5_bps": [
            -0.033337206107961,
            -0.0007691737964
        ],
        "annual_volatility_2_5_bps": [
            0.05098990020678,
            0.059067140854691
        ],
        "sharpe_ratio_2_5_bps": [
            -0.6394762103190881,
            0.016377808840576002
        ],
        "downside_risk_2_5_bps": [
            0.038601501289094,
            0.041166818227019
        ],
        "sortino_ratio_2_5_bps": [
            -0.8447036270579391,
            0.023499274010995
        ],
        "max_drawdown_2_5_bps": [
            0.053122057405525,
            0.039644167787205004
        ],
        "calmar_ratio_2_5_bps": [
            -0.627558640160912,
            -0.019401940798192
        ],
        "perc_pos_return_2_5_bps": [
            0.5234375,
            0.5039370078740151
        ],
        "profit_loss_ratio_2_5_bps": [
            0.8171299771802981,
            0.9871725947091031
        ],
        "annual_return_3_0_bps": [
            -0.037373316244956004,
            -0.005749389312219
        ],
        "annual_volatility_3_0_bps": [
            0.05098657542557301,
            0.059066906555196
        ],
        "sharpe_ratio_3_0_bps": [
            -0.7215707320315611,
            -0.068211272311494
        ],
        "downside_risk_3_0_bps": [
            0.038735024440651,
            0.041338015842059005
        ],
        "sortino_ratio_3_0_bps": [
            -0.949797272233117,
            -0.097465462856945
        ],
        "max_drawdown_3_0_bps": [
            0.056413804789693,
            0.04155972363047
        ],
        "calmar_ratio_3_0_bps": [
            -0.662485297424647,
            -0.138340412543172
        ],
        "perc_pos_return_3_0_bps": [
            0.51953125,
            0.5
        ],
        "profit_loss_ratio_3_0_bps": [
            0.818544064951445,
            0.9882465064231961
        ],
        "annual_return_rescaled": [
            -0.040660542212500594,
            0.05951863383872302
        ],
        "annual_volatility_rescaled": [
            0.13901737285393348,
            0.16098262714606673
        ],
        "downside_risk_rescaled": [
            0.10339949574907034,
            0.1098746306749069
        ],
        "max_drawdown_rescaled": [
            0.1245417655108514,
            0.08297634640525525
        ],
        "annual_return_rescaled_0_5_bps": [
            -0.05154039296142188,
            0.04519740699805097
        ],
        "annual_volatility_rescaled_0_5_bps": [
            0.13901172536118006,
            0.16098827463882162
        ],
        "downside_risk_rescaled_0_5_bps": [
            0.1037621670271749,
            0.11034113432011446
        ],
        "max_drawdown_rescaled_0_5_bps": [
            0.12761575092379876,
            0.08784693793471667
        ],
        "annual_return_rescaled_1_0_bps": [
            -0.06229868928073512,
            0.0310660283551929
        ],
        "annual_volatility_rescaled_1_0_bps": [
            0.13900629282651883,
            0.16099370717348202
        ],
        "downside_risk_rescaled_1_0_bps": [
            0.10412580660666768,
            0.11080845778739469
        ],
        "max_drawdown_rescaled_1_0_bps": [
            0.13067836350413065,
            0.09269187684299925
        ],
        "annual_return_rescaled_1_5_bps": [
            -0.07293640902560306,
            0.017122501987187677
        ],
        "annual_volatility_rescaled_1_5_bps": [
            0.13900107572320497,
            0.16099892427679616
        ],
        "downside_risk_rescaled_1_5_bps": [
            0.10449038087027884,
            0.1112765604294362
        ],
        "max_drawdown_rescaled_1_5_bps": [
            0.13372954326134273,
            0.09751113344588515
        ],
        "annual_return_rescaled_2_0_bps": [
            -0.08345453156047677,
            0.003364838446723084
        ],
        "annual_volatility_rescaled_2_0_bps": [
            0.13899607449532111,
            0.16100392550467987
        ],
        "downside_risk_rescaled_2_0_bps": [
            0.10485587116186347,
            0.11174540187428386
        ],
        "max_drawdown_rescaled_2_0_bps": [
            0.13676923150324713,
            0.10255258484994981
        ],
        "annual_return_rescaled_2_5_bps": [
            -0.09385403753363597,
            -0.010208944896324845
        ],
        "annual_volatility_rescaled_2_5_bps": [
            0.13899128955765802,
            0.16100871044234136
        ],
        "downside_risk_rescaled_2_5_bps": [
            0.10522225815847908,
            0.11221495098353357
        ],
        "max_drawdown_rescaled_2_5_bps": [
            0.14292694880469448,
            0.10760783239546723
        ],
        "annual_return_rescaled_3_0_bps": [
            -0.10413590865439737,
            -0.023600823521119474
        ],
        "annual_volatility_rescaled_3_0_bps": [
            0.13898672129560508,
            0.16101327870439663
        ],
        "downside_risk_rescaled_3_0_bps": [
            0.10558963808365361,
            0.11268525565401813
        ],
        "max_drawdown_rescaled_3_0_bps": [
            0.1510319370577808,
            0.11263419503161314
        ],
        "sharpe_ratio_years": [
            -0.1782707959135,
            0.435280990122382
        ],
        "sharpe_ratio_years_0_5_bps": [
            -0.26034306124725504,
            0.35055982632765104
        ],
        "sharpe_ratio_years_1_0_bps": [
            -0.34243441518036205,
            0.265819577454036
        ],
        "sharpe_ratio_years_1_5_bps": [
            -0.4245417546788,
            0.18106282318032801
        ],
        "sharpe_ratio_years_2_0_bps": [
            -0.5066619725861521,
            0.09629214595764601
        ],
        "sharpe_ratio_years_2_5_bps": [
            -0.588791958208919,
            0.011510130616934
        ],
        "sharpe_ratio_years_3_0_bps": [
            -0.670928597903616,
            -0.07328063602443001
        ]
    }
}