{
    "ALL": {
        "annual_return": -0.012943590335792003,
        "annual_volatility": 0.043735263903339004,
        "sharpe_ratio": -0.6331756766257896,
        "downside_risk": 0.033404516696882,
        "sortino_ratio": -0.6927795549387745,
        "max_drawdown": 0.0769113210617115,
        "calmar_ratio": -0.3157291335355725,
        "perc_pos_return": 0.5157326525590551,
        "profit_loss_ratio": 0.816049997981483,
        "annual_return_0_5_bps": -0.0142014404332425,
        "annual_volatility_0_5_bps": 0.043734464834963,
        "sharpe_ratio_0_5_bps": -0.658874356375277,
        "downside_risk_0_5_bps": 0.033444970842661,
        "sortino_ratio_0_5_bps": -0.7260100644476335,
        "max_drawdown_0_5_bps": 0.0773960251833545,
        "calmar_ratio_0_5_bps": -0.32811192546751056,
        "perc_pos_return_0_5_bps": 0.5157326525590551,
        "profit_loss_ratio_0_5_bps": 0.8159083538365155,
        "annual_return_1_0_bps": -0.0154570972963115,
        "annual_volatility_1_0_bps": 0.043733739393658,
        "sharpe_ratio_1_0_bps": -0.6845736068374034,
        "downside_risk_1_0_bps": 0.0334855146661955,
        "sortino_ratio_1_0_bps": -0.7591578823868096,
        "max_drawdown_1_0_bps": 0.0778804450792625,
        "calmar_ratio_1_0_bps": -0.34031958000834106,
        "perc_pos_return_1_0_bps": 0.511811023622047,
        "profit_loss_ratio_1_0_bps": 0.8247804783535766,
        "annual_return_1_5_bps": -0.016710565173945,
        "annual_volatility_1_5_bps": 0.043733087586705,
        "sharpe_ratio_1_5_bps": -0.710273308348418,
        "downside_risk_1_5_bps": 0.033526149143552,
        "sortino_ratio_1_5_bps": -0.7922230782163331,
        "max_drawdown_1_5_bps": 0.07836458092808901,
        "calmar_ratio_1_5_bps": -0.352355522846492,
        "perc_pos_return_1_5_bps": 0.511811023622047,
        "profit_loss_ratio_1_5_bps": 0.8207470016929481,
        "annual_return_2_0_bps": -0.0179618483066475,
        "annual_volatility_2_0_bps": 0.0437325094209205,
        "sharpe_ratio_2_0_bps": -0.7359733411983561,
        "downside_risk_2_0_bps": 0.033566873987661505,
        "sortino_ratio_2_0_bps": -0.825205719246104,
        "max_drawdown_2_0_bps": 0.078848432908365,
        "calmar_ratio_2_0_bps": -0.364223091429803,
        "perc_pos_return_2_0_bps": 0.511811023622047,
        "profit_loss_ratio_2_0_bps": 0.8167322623031036,
        "annual_return_2_5_bps": -0.019210950926534503,
        "annual_volatility_2_5_bps": 0.043732004902655504,
        "sharpe_ratio_2_5_bps": -0.761673585634745,
        "downside_risk_2_5_bps": 0.0336076914328905,
        "sortino_ratio_2_5_bps": -0.85810588127579,
        "max_drawdown_2_5_bps": 0.07933200119851401,
        "calmar_ratio_2_5_bps": -0.3759255377878055,
        "perc_pos_return_2_5_bps": 0.5078740157480315,
        "profit_loss_ratio_2_5_bps": 0.8274380695770871,
        "annual_return_3_0_bps": -0.020457877257322,
        "annual_volatility_3_0_bps": 0.043731574037796005,
        "sharpe_ratio_3_0_bps": -0.7873739218663145,
        "downside_risk_3_0_bps": 0.0336486051588335,
        "sortino_ratio_3_0_bps": -0.8909236328963696,
        "max_drawdown_3_0_bps": 0.07981528597683851,
        "calmar_ratio_3_0_bps": -0.38746603124597556,
        "perc_pos_return_3_0_bps": 0.5078740157480315,
        "profit_loss_ratio_3_0_bps": 0.8233799416018046,
        "annual_return_rescaled": -0.05070862190497266,
        "annual_volatility_rescaled": 0.15000000000000063,
        "downside_risk_rescaled": 0.11456836102799448,
        "max_drawdown_rescaled": 0.2403180937833643,
        "annual_return_rescaled_0_5_bps": -0.054985480390749575,
        "annual_volatility_rescaled_0_5_bps": 0.15000000000000083,
        "downside_risk_rescaled_0_5_bps": 0.11470920349272537,
        "max_drawdown_rescaled_0_5_bps": 0.2416560554472825,
        "annual_return_rescaled_1_0_bps": -0.05923652703716337,
        "annual_volatility_rescaled_1_0_bps": 0.15000000000000058,
        "downside_risk_rescaled_1_0_bps": 0.1148501653315696,
        "max_drawdown_rescaled_1_0_bps": 0.2429910631433826,
        "annual_return_rescaled_1_5_bps": -0.06346191043648797,
        "annual_volatility_rescaled_1_5_bps": 0.15000000000000063,
        "downside_risk_rescaled_1_5_bps": 0.11499124916717893,
        "max_drawdown_rescaled_1_5_bps": 0.2443231175856717,
        "annual_return_rescaled_2_0_bps": -0.06766177855654915,
        "annual_volatility_rescaled_2_0_bps": 0.15000000000000036,
        "downside_risk_rescaled_2_0_bps": 0.11513245328978665,
        "max_drawdown_rescaled_2_0_bps": 0.24565221952502042,
        "annual_return_rescaled_2_5_bps": -0.07183627874047044,
        "annual_volatility_rescaled_2_5_bps": 0.1500000000000006,
        "downside_risk_rescaled_2_5_bps": 0.11527378463792964,
        "max_drawdown_rescaled_2_5_bps": 0.24697836974905021,
        "annual_return_rescaled_3_0_bps": -0.07598555770646026,
        "annual_volatility_rescaled_3_0_bps": 0.1500000000000011,
        "downside_risk_rescaled_3_0_bps": 0.11541525510750697,
        "max_drawdown_rescaled_3_0_bps": 0.24830156908202927,
        "sharpe_ratio_years": -0.6584289408005375,
        "sharpe_ratio_years_0_5_bps": -0.683370206466509,
        "sharpe_ratio_years_1_0_bps": -0.7083118841173675,
        "sharpe_ratio_years_1_5_bps": -0.7332538615721995,
        "sharpe_ratio_years_2_0_bps": -0.7581960266153556,
        "sharpe_ratio_years_2_5_bps": -0.7831382669998125,
        "sharpe_ratio_years_3_0_bps": -0.80808047045053,
        "sharpe_ratio_years_std": 0.7847321312529875,
        "sharpe_ratio_years_std_0_5_bps": 0.777183278011808,
        "sharpe_ratio_years_std_1_0_bps": 0.7696325711551095,
        "sharpe_ratio_years_std_1_5_bps": 0.7620801062742846,
        "sharpe_ratio_years_std_2_0_bps": 0.7545259790024956,
        "sharpe_ratio_years_std_2_5_bps": 0.7469702850113885,
        "sharpe_ratio_years_std_3_0_bps": 0.739413120007818
    },
    "COMB": {
        "annual_return": -0.012943590335792003,
        "annual_volatility": 0.043735263903339004,
        "sharpe_ratio": -0.6331756766257896,
        "downside_risk": 0.033404516696882,
        "sortino_ratio": -0.6927795549387745,
        "max_drawdown": 0.0769113210617115,
        "calmar_ratio": -0.3157291335355725,
        "perc_pos_return": 0.5157326525590551,
        "profit_loss_ratio": 0.816049997981483,
        "annual_return_0_5_bps": -0.0142014404332425,
        "annual_volatility_0_5_bps": 0.043734464834963,
        "sharpe_ratio_0_5_bps": -0.658874356375277,
        "downside_risk_0_5_bps": 0.033444970842661,
        "sortino_ratio_0_5_bps": -0.7260100644476335,
        "max_drawdown_0_5_bps": 0.0773960251833545,
        "calmar_ratio_0_5_bps": -0.32811192546751056,
        "perc_pos_return_0_5_bps": 0.5157326525590551,
        "profit_loss_ratio_0_5_bps": 0.8159083538365155,
        "annual_return_1_0_bps": -0.0154570972963115,
        "annual_volatility_1_0_bps": 0.043733739393658,
        "sharpe_ratio_1_0_bps": -0.6845736068374034,
        "downside_risk_1_0_bps": 0.0334855146661955,
        "sortino_ratio_1_0_bps": -0.7591578823868096,
        "max_drawdown_1_0_bps": 0.0778804450792625,
        "calmar_ratio_1_0_bps": -0.34031958000834106,
        "perc_pos_return_1_0_bps": 0.511811023622047,
        "profit_loss_ratio_1_0_bps": 0.8247804783535766,
        "annual_return_1_5_bps": -0.016710565173945,
        "annual_volatility_1_5_bps": 0.043733087586705,
        "sharpe_ratio_1_5_bps": -0.710273308348418,
        "downside_risk_1_5_bps": 0.033526149143552,
        "sortino_ratio_1_5_bps": -0.7922230782163331,
        "max_drawdown_1_5_bps": 0.07836458092808901,
        "calmar_ratio_1_5_bps": -0.352355522846492,
        "perc_pos_return_1_5_bps": 0.511811023622047,
        "profit_loss_ratio_1_5_bps": 0.8207470016929481,
        "annual_return_2_0_bps": -0.0179618483066475,
        "annual_volatility_2_0_bps": 0.0437325094209205,
        "sharpe_ratio_2_0_bps": -0.7359733411983561,
        "downside_risk_2_0_bps": 0.033566873987661505,
        "sortino_ratio_2_0_bps": -0.825205719246104,
        "max_drawdown_2_0_bps": 0.078848432908365,
        "calmar_ratio_2_0_bps": -0.364223091429803,
        "perc_pos_return_2_0_bps": 0.511811023622047,
        "profit_loss_ratio_2_0_bps": 0.8167322623031036,
        "annual_return_2_5_bps": -0.019210950926534503,
        "annual_volatility_2_5_bps": 0.043732004902655504,
        "sharpe_ratio_2_5_bps": -0.761673585634745,
        "downside_risk_2_5_bps": 0.0336076914328905,
        "sortino_ratio_2_5_bps": -0.85810588127579,
        "max_drawdown_2_5_bps": 0.07933200119851401,
        "calmar_ratio_2_5_bps": -0.3759255377878055,
        "perc_pos_return_2_5_bps": 0.5078740157480315,
        "profit_loss_ratio_2_5_bps": 0.8274380695770871,
        "annual_return_3_0_bps": -0.020457877257322,
        "annual_volatility_3_0_bps": 0.043731574037796005,
        "sharpe_ratio_3_0_bps": -0.7873739218663145,
        "downside_risk_3_0_bps": 0.0336486051588335,
        "sortino_ratio_3_0_bps": -0.8909236328963696,
        "max_drawdown_3_0_bps": 0.07981528597683851,
        "calmar_ratio_3_0_bps": -0.38746603124597556,
        "perc_pos_return_3_0_bps": 0.5078740157480315,
        "profit_loss_ratio_3_0_bps": 0.8233799416018046,
        "annual_return_rescaled": -0.05070862190497266,
        "annual_volatility_rescaled": 0.15000000000000063,
        "downside_risk_rescaled": 0.11456836102799448,
        "max_drawdown_rescaled": 0.2403180937833643,
        "annual_return_rescaled_0_5_bps": -0.054985480390749575,
        "annual_volatility_rescaled_0_5_bps": 0.15000000000000083,
        "downside_risk_rescaled_0_5_bps": 0.11470920349272537,
        "max_drawdown_rescaled_0_5_bps": 0.2416560554472825,
        "annual_return_rescaled_1_0_bps": -0.05923652703716337,
        "annual_volatility_rescaled_1_0_bps": 0.15000000000000058,
        "downside_risk_rescaled_1_0_bps": 0.1148501653315696,
        "max_drawdown_rescaled_1_0_bps": 0.2429910631433826,
        "annual_return_rescaled_1_5_bps": -0.06346191043648797,
        "annual_volatility_rescaled_1_5_bps": 0.15000000000000063,
        "downside_risk_rescaled_1_5_bps": 0.11499124916717893,
        "max_drawdown_rescaled_1_5_bps": 0.2443231175856717,
        "annual_return_rescaled_2_0_bps": -0.06766177855654915,
        "annual_volatility_rescaled_2_0_bps": 0.15000000000000036,
        "downside_risk_rescaled_2_0_bps": 0.11513245328978665,
        "max_drawdown_rescaled_2_0_bps": 0.24565221952502042,
        "annual_return_rescaled_2_5_bps": -0.07183627874047044,
        "annual_volatility_rescaled_2_5_bps": 0.1500000000000006,
        "downside_risk_rescaled_2_5_bps": 0.11527378463792964,
        "max_drawdown_rescaled_2_5_bps": 0.24697836974905021,
        "annual_return_rescaled_3_0_bps": -0.07598555770646026,
        "annual_volatility_rescaled_3_0_bps": 0.1500000000000011,
        "downside_risk_rescaled_3_0_bps": 0.11541525510750697,
        "max_drawdown_rescaled_3_0_bps": 0.24830156908202927,
        "sharpe_ratio_years": -0.6584289408005375,
        "sharpe_ratio_years_0_5_bps": -0.683370206466509,
        "sharpe_ratio_years_1_0_bps": -0.7083118841173675,
        "sharpe_ratio_years_1_5_bps": -0.7332538615721995,
        "sharpe_ratio_years_2_0_bps": -0.7581960266153556,
        "sharpe_ratio_years_2_5_bps": -0.7831382669998125,
        "sharpe_ratio_years_3_0_bps": -0.80808047045053,
        "sharpe_ratio_years_std": 0.7847321312529875,
        "sharpe_ratio_years_std_0_5_bps": 0.777183278011808,
        "sharpe_ratio_years_std_1_0_bps": 0.7696325711551095,
        "sharpe_ratio_years_std_1_5_bps": 0.7620801062742846,
        "sharpe_ratio_years_std_2_0_bps": 0.7545259790024956,
        "sharpe_ratio_years_std_2_5_bps": 0.7469702850113885,
        "sharpe_ratio_years_std_3_0_bps": 0.739413120007818
    }
}