{
    "ALL": {
        "annual_return": -0.083032388373837,
        "annual_volatility": 0.0706703000002785,
        "sharpe_ratio": -1.170394739203707,
        "downside_risk": 0.055548629902400504,
        "sortino_ratio": -1.4964776082604176,
        "max_drawdown": 0.100547300457694,
        "calmar_ratio": -0.8107544433380846,
        "perc_pos_return": 0.47194786148274454,
        "profit_loss_ratio": 0.902447279924798,
        "annual_return_0_5_bps": -0.0842771245272215,
        "annual_volatility_0_5_bps": 0.070666688581691,
        "sharpe_ratio_0_5_bps": -1.1920547342040324,
        "downside_risk_0_5_bps": 0.055589424778543506,
        "sortino_ratio_0_5_bps": -1.524122123152359,
        "max_drawdown_0_5_bps": 0.101126279842391,
        "calmar_ratio_0_5_bps": -0.8196374769265231,
        "perc_pos_return_0_5_bps": 0.47194786148274454,
        "profit_loss_ratio_0_5_bps": 0.9023655496660421,
        "annual_return_1_0_bps": -0.08551943819969751,
        "annual_volatility_1_0_bps": 0.070663175456184,
        "sharpe_ratio_1_0_bps": -1.213717574248895,
        "downside_risk_1_0_bps": 0.05563032819323001,
        "sortino_ratio_1_0_bps": -1.5516836808567436,
        "max_drawdown_1_0_bps": 0.10170483263459051,
        "calmar_ratio_1_0_bps": -0.8283414961885716,
        "perc_pos_return_1_0_bps": 0.47194786148274454,
        "profit_loss_ratio_1_0_bps": 0.898896554590294,
        "annual_return_1_5_bps": -0.0867593346004385,
        "annual_volatility_1_5_bps": 0.07065976065665851,
        "sharpe_ratio_1_5_bps": -1.235383080654572,
        "downside_risk_1_5_bps": 0.055671339801356,
        "sortino_ratio_1_5_bps": -1.579162336812372,
        "max_drawdown_1_5_bps": 0.10228295917547951,
        "calmar_ratio_1_5_bps": -0.8368714885753621,
        "perc_pos_return_1_5_bps": 0.46614887312561704,
        "profit_loss_ratio_1_5_bps": 0.9166660631189576,
        "annual_return_2_0_bps": -0.08799681892722351,
        "annual_volatility_2_0_bps": 0.070656444215171,
        "sharpe_ratio_2_0_bps": -1.2570510745339836,
        "downside_risk_2_0_bps": 0.055712464271376,
        "sortino_ratio_2_0_bps": -1.6065579686115086,
        "max_drawdown_2_0_bps": 0.10286065980595802,
        "calmar_ratio_2_0_bps": -0.845232258113781,
        "perc_pos_return_2_0_bps": 0.46614887312561704,
        "profit_loss_ratio_2_0_bps": 0.9131415867784771,
        "annual_return_2_5_bps": -0.089231896366478,
        "annual_volatility_2_5_bps": 0.070653226162927,
        "sharpe_ratio_2_5_bps": -1.2787213768048447,
        "downside_risk_2_5_bps": 0.055753703803824,
        "sortino_ratio_2_5_bps": -1.6338705280331056,
        "max_drawdown_2_5_bps": 0.10343793486664452,
        "calmar_ratio_2_5_bps": -0.8534284337728055,
        "perc_pos_return_2_5_bps": 0.46614887312561704,
        "profit_loss_ratio_2_5_bps": 0.9096357433400086,
        "annual_return_3_0_bps": -0.09046457209328601,
        "annual_volatility_3_0_bps": 0.0706501065302835,
        "sharpe_ratio_3_0_bps": -1.300393808197826,
        "downside_risk_3_0_bps": 0.055795057870619,
        "sortino_ratio_3_0_bps": -1.6611000643215366,
        "max_drawdown_3_0_bps": 0.10401478469787301,
        "calmar_ratio_3_0_bps": -0.8614644773756805,
        "perc_pos_return_3_0_bps": 0.46614887312561704,
        "profit_loss_ratio_3_0_bps": 0.9061483714921041,
        "annual_return_rescaled": -0.17251167551833624,
        "annual_volatility_rescaled": 0.1500000000000012,
        "downside_risk_rescaled": 0.11790376558932567,
        "max_drawdown_rescaled": 0.20549073251464856,
        "annual_return_rescaled_0_5_bps": -0.17494939748302168,
        "annual_volatility_rescaled_0_5_bps": 0.15000000000000097,
        "downside_risk_rescaled_0_5_bps": 0.11799638392765974,
        "max_drawdown_rescaled_0_5_bps": 0.20659371445833402,
        "annual_return_rescaled_1_0_bps": -0.17737699806375923,
        "annual_volatility_rescaled_1_0_bps": 0.15000000000000036,
        "downside_risk_rescaled_1_0_bps": 0.1180890778699688,
        "max_drawdown_rescaled_1_0_bps": 0.20769479781448263,
        "annual_return_rescaled_1_5_bps": -0.179794512054827,
        "annual_volatility_rescaled_1_5_bps": 0.1500000000000013,
        "downside_risk_rescaled_1_5_bps": 0.11818184625306236,
        "max_drawdown_rescaled_1_5_bps": 0.20879398137736108,
        "annual_return_rescaled_2_0_bps": -0.18220197421390272,
        "annual_volatility_rescaled_2_0_bps": 0.15000000000000052,
        "downside_risk_rescaled_2_0_bps": 0.11827469855767431,
        "max_drawdown_rescaled_2_0_bps": 0.20989126396484675,
        "annual_return_rescaled_2_5_bps": -0.1845994192614524,
        "annual_volatility_rescaled_2_5_bps": 0.15000000000000027,
        "downside_risk_rescaled_2_5_bps": 0.11836763902738645,
        "max_drawdown_rescaled_2_5_bps": 0.2109866444184488,
        "annual_return_rescaled_3_0_bps": -0.18698688188012558,
        "annual_volatility_rescaled_3_0_bps": 0.14999999999999988,
        "downside_risk_rescaled_3_0_bps": 0.11846066611386565,
        "max_drawdown_rescaled_3_0_bps": 0.21208012160331643,
        "sharpe_ratio_years": -1.309582453738277,
        "sharpe_ratio_years_0_5_bps": -1.329566127112632,
        "sharpe_ratio_years_1_0_bps": -1.349551473139259,
        "sharpe_ratio_years_1_5_bps": -1.3695383556503327,
        "sharpe_ratio_years_2_0_bps": -1.3895266383538694,
        "sharpe_ratio_years_2_5_bps": -1.4095161848389026,
        "sharpe_ratio_years_3_0_bps": -1.4295068585806596,
        "sharpe_ratio_years_std": 0.22760905158882405,
        "sharpe_ratio_years_std_0_5_bps": 0.24232468092835302,
        "sharpe_ratio_years_std_1_0_bps": 0.257042140479508,
        "sharpe_ratio_years_std_1_5_bps": 0.27176129649284453,
        "sharpe_ratio_years_std_2_0_bps": 0.2864820150945525,
        "sharpe_ratio_years_std_2_5_bps": 0.3012041622916175,
        "sharpe_ratio_years_std_3_0_bps": 0.3159276039770036
    },
    "COMB": {
        "annual_return": -0.083032388373837,
        "annual_volatility": 0.0706703000002785,
        "sharpe_ratio": -1.170394739203707,
        "downside_risk": 0.055548629902400504,
        "sortino_ratio": -1.4964776082604176,
        "max_drawdown": 0.100547300457694,
        "calmar_ratio": -0.8107544433380846,
        "perc_pos_return": 0.47194786148274454,
        "profit_loss_ratio": 0.902447279924798,
        "annual_return_0_5_bps": -0.0842771245272215,
        "annual_volatility_0_5_bps": 0.070666688581691,
        "sharpe_ratio_0_5_bps": -1.1920547342040324,
        "downside_risk_0_5_bps": 0.055589424778543506,
        "sortino_ratio_0_5_bps": -1.524122123152359,
        "max_drawdown_0_5_bps": 0.101126279842391,
        "calmar_ratio_0_5_bps": -0.8196374769265231,
        "perc_pos_return_0_5_bps": 0.47194786148274454,
        "profit_loss_ratio_0_5_bps": 0.9023655496660421,
        "annual_return_1_0_bps": -0.08551943819969751,
        "annual_volatility_1_0_bps": 0.070663175456184,
        "sharpe_ratio_1_0_bps": -1.213717574248895,
        "downside_risk_1_0_bps": 0.05563032819323001,
        "sortino_ratio_1_0_bps": -1.5516836808567436,
        "max_drawdown_1_0_bps": 0.10170483263459051,
        "calmar_ratio_1_0_bps": -0.8283414961885716,
        "perc_pos_return_1_0_bps": 0.47194786148274454,
        "profit_loss_ratio_1_0_bps": 0.898896554590294,
        "annual_return_1_5_bps": -0.0867593346004385,
        "annual_volatility_1_5_bps": 0.07065976065665851,
        "sharpe_ratio_1_5_bps": -1.235383080654572,
        "downside_risk_1_5_bps": 0.055671339801356,
        "sortino_ratio_1_5_bps": -1.579162336812372,
        "max_drawdown_1_5_bps": 0.10228295917547951,
        "calmar_ratio_1_5_bps": -0.8368714885753621,
        "perc_pos_return_1_5_bps": 0.46614887312561704,
        "profit_loss_ratio_1_5_bps": 0.9166660631189576,
        "annual_return_2_0_bps": -0.08799681892722351,
        "annual_volatility_2_0_bps": 0.070656444215171,
        "sharpe_ratio_2_0_bps": -1.2570510745339836,
        "downside_risk_2_0_bps": 0.055712464271376,
        "sortino_ratio_2_0_bps": -1.6065579686115086,
        "max_drawdown_2_0_bps": 0.10286065980595802,
        "calmar_ratio_2_0_bps": -0.845232258113781,
        "perc_pos_return_2_0_bps": 0.46614887312561704,
        "profit_loss_ratio_2_0_bps": 0.9131415867784771,
        "annual_return_2_5_bps": -0.089231896366478,
        "annual_volatility_2_5_bps": 0.070653226162927,
        "sharpe_ratio_2_5_bps": -1.2787213768048447,
        "downside_risk_2_5_bps": 0.055753703803824,
        "sortino_ratio_2_5_bps": -1.6338705280331056,
        "max_drawdown_2_5_bps": 0.10343793486664452,
        "calmar_ratio_2_5_bps": -0.8534284337728055,
        "perc_pos_return_2_5_bps": 0.46614887312561704,
        "profit_loss_ratio_2_5_bps": 0.9096357433400086,
        "annual_return_3_0_bps": -0.09046457209328601,
        "annual_volatility_3_0_bps": 0.0706501065302835,
        "sharpe_ratio_3_0_bps": -1.300393808197826,
        "downside_risk_3_0_bps": 0.055795057870619,
        "sortino_ratio_3_0_bps": -1.6611000643215366,
        "max_drawdown_3_0_bps": 0.10401478469787301,
        "calmar_ratio_3_0_bps": -0.8614644773756805,
        "perc_pos_return_3_0_bps": 0.46614887312561704,
        "profit_loss_ratio_3_0_bps": 0.9061483714921041,
        "annual_return_rescaled": -0.17251167551833624,
        "annual_volatility_rescaled": 0.1500000000000012,
        "downside_risk_rescaled": 0.11790376558932567,
        "max_drawdown_rescaled": 0.20549073251464856,
        "annual_return_rescaled_0_5_bps": -0.17494939748302168,
        "annual_volatility_rescaled_0_5_bps": 0.15000000000000097,
        "downside_risk_rescaled_0_5_bps": 0.11799638392765974,
        "max_drawdown_rescaled_0_5_bps": 0.20659371445833402,
        "annual_return_rescaled_1_0_bps": -0.17737699806375923,
        "annual_volatility_rescaled_1_0_bps": 0.15000000000000036,
        "downside_risk_rescaled_1_0_bps": 0.1180890778699688,
        "max_drawdown_rescaled_1_0_bps": 0.20769479781448263,
        "annual_return_rescaled_1_5_bps": -0.179794512054827,
        "annual_volatility_rescaled_1_5_bps": 0.1500000000000013,
        "downside_risk_rescaled_1_5_bps": 0.11818184625306236,
        "max_drawdown_rescaled_1_5_bps": 0.20879398137736108,
        "annual_return_rescaled_2_0_bps": -0.18220197421390272,
        "annual_volatility_rescaled_2_0_bps": 0.15000000000000052,
        "downside_risk_rescaled_2_0_bps": 0.11827469855767431,
        "max_drawdown_rescaled_2_0_bps": 0.20989126396484675,
        "annual_return_rescaled_2_5_bps": -0.1845994192614524,
        "annual_volatility_rescaled_2_5_bps": 0.15000000000000027,
        "downside_risk_rescaled_2_5_bps": 0.11836763902738645,
        "max_drawdown_rescaled_2_5_bps": 0.2109866444184488,
        "annual_return_rescaled_3_0_bps": -0.18698688188012558,
        "annual_volatility_rescaled_3_0_bps": 0.14999999999999988,
        "downside_risk_rescaled_3_0_bps": 0.11846066611386565,
        "max_drawdown_rescaled_3_0_bps": 0.21208012160331643,
        "sharpe_ratio_years": -1.309582453738277,
        "sharpe_ratio_years_0_5_bps": -1.329566127112632,
        "sharpe_ratio_years_1_0_bps": -1.349551473139259,
        "sharpe_ratio_years_1_5_bps": -1.3695383556503327,
        "sharpe_ratio_years_2_0_bps": -1.3895266383538694,
        "sharpe_ratio_years_2_5_bps": -1.4095161848389026,
        "sharpe_ratio_years_3_0_bps": -1.4295068585806596,
        "sharpe_ratio_years_std": 0.22760905158882405,
        "sharpe_ratio_years_std_0_5_bps": 0.24232468092835302,
        "sharpe_ratio_years_std_1_0_bps": 0.257042140479508,
        "sharpe_ratio_years_std_1_5_bps": 0.27176129649284453,
        "sharpe_ratio_years_std_2_0_bps": 0.2864820150945525,
        "sharpe_ratio_years_std_2_5_bps": 0.3012041622916175,
        "sharpe_ratio_years_std_3_0_bps": 0.3159276039770036
    }
}