{
    "ALL": {
        "annual_return": [
            -0.10572220778822101,
            -0.060342568959453
        ],
        "annual_volatility": [
            0.082284881358767,
            0.05905571864179
        ],
        "sharpe_ratio": [
            -1.316409224502599,
            -1.024380253904815
        ],
        "downside_risk": [
            0.06757461831764901,
            0.043522641487152
        ],
        "sortino_ratio": [
            -1.6029772650523721,
            -1.3899779514684631
        ],
        "max_drawdown": [
            0.11168723016890601,
            0.089407370746482
        ],
        "calmar_ratio": [
            -0.946591724303087,
            -0.6749171623730821
        ],
        "perc_pos_return": [
            0.46899224806201506,
            0.474903474903474
        ],
        "profit_loss_ratio": [
            0.8854656004329471,
            0.919428959416649
        ],
        "annual_return_0_5_bps": [
            -0.106108204872388,
            -0.062446044182055
        ],
        "annual_volatility_0_5_bps": [
            0.082284886869205,
            0.059048490294177004
        ],
        "sharpe_ratio_0_5_bps": [
            -1.321653444528825,
            -1.06245602387924
        ],
        "downside_risk_0_5_bps": [
            0.067586785522301,
            0.043592064034786
        ],
        "sortino_ratio_0_5_bps": [
            -1.609073479718393,
            -1.439170766586325
        ],
        "max_drawdown_0_5_bps": [
            0.11202923748089101,
            0.09022332220389101
        ],
        "calmar_ratio_0_5_bps": [
            -0.9471474345300931,
            -0.692127519322953
        ],
        "perc_pos_return_0_5_bps": [
            0.46899224806201506,
            0.474903474903474
        ],
        "profit_loss_ratio_0_5_bps": [
            0.88460076556555,
            0.9201303337665341
        ],
        "annual_return_1_0_bps": [
            -0.10649403694246001,
            -0.06454483945693501
        ],
        "annual_volatility_1_0_bps": [
            0.08228490512516701,
            0.059041445787201004
        ],
        "sharpe_ratio_1_0_bps": [
            -1.3268974583227902,
            -1.100537690175
        ],
        "downside_risk_1_0_bps": [
            0.06759896392596901,
            0.043661692460491
        ],
        "sortino_ratio_1_0_bps": [
            -1.615167232274267,
            -1.48820012943922
        ],
        "max_drawdown_1_0_bps": [
            0.112371114533585,
            0.09103855073559601
        ],
        "calmar_ratio_1_0_bps": [
            -0.9476993921834921,
            -0.708983600193651
        ],
        "perc_pos_return_1_0_bps": [
            0.46899224806201506,
            0.474903474903474
        ],
        "profit_loss_ratio_1_0_bps": [
            0.8837367557343071,
            0.9140563534462811
        ],
        "annual_return_1_5_bps": [
            -0.10687970406831601,
            -0.066638965132561
        ],
        "annual_volatility_1_5_bps": [
            0.082284936126644,
            0.059034585186673004
        ],
        "sharpe_ratio_1_5_bps": [
            -1.332141263447956,
            -1.138624897861188
        ],
        "downside_risk_1_5_bps": [
            0.067611153531988,
            0.043731526070724
        ],
        "sortino_ratio_1_5_bps": [
            -1.621258520942431,
            -1.537066152682313
        ],
        "max_drawdown_1_5_bps": [
            0.11271286137607701,
            0.09185305697488201
        ],
        "calmar_ratio_1_5_bps": [
            -0.9482476335304951,
            -0.725495343620229
        ],
        "perc_pos_return_1_5_bps": [
            0.46511627906976705,
            0.467181467181467
        ],
        "profit_loss_ratio_1_5_bps": [
            0.8967294514522071,
            0.936602674785708
        ],
        "annual_return_2_0_bps": [
            -0.10726520631979801,
            -0.06872843153464901
        ],
        "annual_volatility_2_0_bps": [
            0.082284979873623,
            0.059027908556719
        ],
        "sharpe_ratio_2_0_bps": [
            -1.337384857468078,
            -1.1767172915998891
        ],
        "downside_risk_2_0_bps": [
            0.067623354372309,
            0.043801574170443
        ],
        "sortino_ratio_2_0_bps": [
            -1.627347343259133,
            -1.5857685939638841
        ],
        "max_drawdown_2_0_bps": [
            0.11305447805743,
            0.09266684155448601
        ],
        "calmar_ratio_2_0_bps": [
            -0.948792194372949,
            -0.7416723218546131
        ],
        "perc_pos_return_2_0_bps": [
            0.46511627906976705,
            0.467181467181467
        ],
        "profit_loss_ratio_2_0_bps": [
            0.8958544970264011,
            0.9304286765305531
        ],
        "annual_return_2_5_bps": [
            -0.107650543766725,
            -0.07081324896623101
        ],
        "annual_volatility_2_5_bps": [
            0.082285036366082,
            0.059021415959772006
        ],
        "sharpe_ratio_2_5_bps": [
            -1.342628237947213,
            -1.2148145156624761
        ],
        "downside_risk_2_5_bps": [
            0.067635566444884,
            0.043871841162764005
        ],
        "sortino_ratio_2_5_bps": [
            -1.6334336975745432,
            -1.634307358491668
        ],
        "max_drawdown_2_5_bps": [
            0.113395964626695,
            0.09347990510659401
        ],
        "calmar_ratio_2_5_bps": [
            -0.949333110054804,
            -0.757523757490807
        ],
        "perc_pos_return_2_5_bps": [
            0.46511627906976705,
            0.467181467181467
        ],
        "profit_loss_ratio_2_5_bps": [
            0.8949803825633571,
            0.92429110411666
        ],
        "annual_return_3_0_bps": [
            -0.108035716478884,
            -0.072893427707688
        ],
        "annual_volatility_3_0_bps": [
            0.082285105603996,
            0.05901510745657101
        ],
        "sharpe_ratio_3_0_bps": [
            -1.347871402449723,
            -1.252916213945929
        ],
        "downside_risk_3_0_bps": [
            0.06764778974362701,
            0.043942325997611005
        ],
        "sortino_ratio_3_0_bps": [
            -1.639517582340956,
            -1.682682546302117
        ],
        "max_drawdown_3_0_bps": [
            0.11373732113290001,
            0.094292248262846
        ],
        "calmar_ratio_3_0_bps": [
            -0.9498704154693951,
            -0.7730585392819661
        ],
        "perc_pos_return_3_0_bps": [
            0.46511627906976705,
            0.467181467181467
        ],
        "profit_loss_ratio_3_0_bps": [
            0.8941071068540971,
            0.9181896361301111
        ],
        "annual_return_rescaled": [
            -0.21763591030018714,
            -0.12738744073648534
        ],
        "annual_volatility_rescaled": [
            0.17465232500451378,
            0.12534767499548857
        ],
        "downside_risk_rescaled": [
            0.14342931539285206,
            0.09237821578579926
        ],
        "max_drawdown_rescaled": [
            0.2286704593844691,
            0.18231100564482805
        ],
        "annual_return_rescaled_0_5_bps": [
            -0.21836337155602847,
            -0.1315354234100149
        ],
        "annual_volatility_rescaled_0_5_bps": [
            0.17466126230200463,
            0.12533873769799733
        ],
        "downside_risk_rescaled_0_5_bps": [
            0.1434624719485136,
            0.09253029590680587
        ],
        "max_drawdown_rescaled_0_5_bps": [
            0.22931191380974186,
            0.18387551510692618
        ],
        "annual_return_rescaled_1_0_bps": [
            -0.21908995133151332,
            -0.13566404479600513
        ],
        "annual_volatility_rescaled_1_0_bps": [
            0.17466998460079702,
            0.12533001539920371
        ],
        "downside_risk_rescaled_1_0_bps": [
            0.14349545606229994,
            0.09268269967763769
        ],
        "max_drawdown_rescaled_1_0_bps": [
            0.22995260917268195,
            0.18543698645628334
        ],
        "annual_return_rescaled_1_5_bps": [
            -0.2198156476656744,
            -0.13977337644397958
        ],
        "annual_volatility_rescaled_1_5_bps": [
            0.17467849175106973,
            0.12532150824893287
        ],
        "downside_risk_rescaled_1_5_bps": [
            0.14352826751108633,
            0.09283542499503838
        ],
        "max_drawdown_rescaled_1_5_bps": [
            0.23059254366868215,
            0.18699541908604
        ],
        "annual_return_rescaled_2_0_bps": [
            -0.22054045860980453,
            -0.1438634898180009
        ],
        "annual_volatility_rescaled_2_0_bps": [
            0.1746867836068274,
            0.1253132163931736
        ],
        "downside_risk_rescaled_2_0_bps": [
            0.14356090613555791,
            0.09298849097979071
        ],
        "max_drawdown_rescaled_2_0_bps": [
            0.23123171550378552,
            0.188550812425908
        ],
        "annual_return_rescaled_2_5_bps": [
            -0.22126438222751288,
            -0.14793445629539193
        ],
        "annual_volatility_rescaled_2_5_bps": [
            0.17469486002592188,
            0.12530513997407866
        ],
        "downside_risk_rescaled_2_5_bps": [
            0.1435933717072925,
            0.09314190634748042
        ],
        "max_drawdown_rescaled_2_5_bps": [
            0.23187012289474407,
            0.19010316594215354
        ],
        "annual_return_rescaled_3_0_bps": [
            -0.22198741659477694,
            -0.1519863471654742
        ],
        "annual_volatility_rescaled_3_0_bps": [
            0.17470272087004973,
            0.12529727912995003
        ],
        "downside_risk_rescaled_3_0_bps": [
            0.14362566399237714,
            0.09329566823535415
        ],
        "max_drawdown_rescaled_3_0_bps": [
            0.232507764069062,
            0.19165247913757086
        ],
        "sharpe_ratio_years": [
            -1.081973402149453,
            -1.537191505327101
        ],
        "sharpe_ratio_years_0_5_bps": [
            -1.087241446184279,
            -1.571890808040985
        ],
        "sharpe_ratio_years_1_0_bps": [
            -1.092509332659751,
            -1.606593613618767
        ],
        "sharpe_ratio_years_1_5_bps": [
            -1.097777059157488,
            -1.641299652143177
        ],
        "sharpe_ratio_years_2_0_bps": [
            -1.103044623259317,
            -1.676008653448422
        ],
        "sharpe_ratio_years_2_5_bps": [
            -1.1083120225472851,
            -1.7107203471305201
        ],
        "sharpe_ratio_years_3_0_bps": [
            -1.113579254603656,
            -1.7454344625576632
        ]
    },
    "COMB": {
        "annual_return": [
            -0.10572220778822101,
            -0.060342568959453
        ],
        "annual_volatility": [
            0.082284881358767,
            0.05905571864179
        ],
        "sharpe_ratio": [
            -1.316409224502599,
            -1.024380253904815
        ],
        "downside_risk": [
            0.06757461831764901,
            0.043522641487152
        ],
        "sortino_ratio": [
            -1.6029772650523721,
            -1.3899779514684631
        ],
        "max_drawdown": [
            0.11168723016890601,
            0.089407370746482
        ],
        "calmar_ratio": [
            -0.946591724303087,
            -0.6749171623730821
        ],
        "perc_pos_return": [
            0.46899224806201506,
            0.474903474903474
        ],
        "profit_loss_ratio": [
            0.8854656004329471,
            0.919428959416649
        ],
        "annual_return_0_5_bps": [
            -0.106108204872388,
            -0.062446044182055
        ],
        "annual_volatility_0_5_bps": [
            0.082284886869205,
            0.059048490294177004
        ],
        "sharpe_ratio_0_5_bps": [
            -1.321653444528825,
            -1.06245602387924
        ],
        "downside_risk_0_5_bps": [
            0.067586785522301,
            0.043592064034786
        ],
        "sortino_ratio_0_5_bps": [
            -1.609073479718393,
            -1.439170766586325
        ],
        "max_drawdown_0_5_bps": [
            0.11202923748089101,
            0.09022332220389101
        ],
        "calmar_ratio_0_5_bps": [
            -0.9471474345300931,
            -0.692127519322953
        ],
        "perc_pos_return_0_5_bps": [
            0.46899224806201506,
            0.474903474903474
        ],
        "profit_loss_ratio_0_5_bps": [
            0.88460076556555,
            0.9201303337665341
        ],
        "annual_return_1_0_bps": [
            -0.10649403694246001,
            -0.06454483945693501
        ],
        "annual_volatility_1_0_bps": [
            0.08228490512516701,
            0.059041445787201004
        ],
        "sharpe_ratio_1_0_bps": [
            -1.3268974583227902,
            -1.100537690175
        ],
        "downside_risk_1_0_bps": [
            0.06759896392596901,
            0.043661692460491
        ],
        "sortino_ratio_1_0_bps": [
            -1.615167232274267,
            -1.48820012943922
        ],
        "max_drawdown_1_0_bps": [
            0.112371114533585,
            0.09103855073559601
        ],
        "calmar_ratio_1_0_bps": [
            -0.9476993921834921,
            -0.708983600193651
        ],
        "perc_pos_return_1_0_bps": [
            0.46899224806201506,
            0.474903474903474
        ],
        "profit_loss_ratio_1_0_bps": [
            0.8837367557343071,
            0.9140563534462811
        ],
        "annual_return_1_5_bps": [
            -0.10687970406831601,
            -0.066638965132561
        ],
        "annual_volatility_1_5_bps": [
            0.082284936126644,
            0.059034585186673004
        ],
        "sharpe_ratio_1_5_bps": [
            -1.332141263447956,
            -1.138624897861188
        ],
        "downside_risk_1_5_bps": [
            0.067611153531988,
            0.043731526070724
        ],
        "sortino_ratio_1_5_bps": [
            -1.621258520942431,
            -1.537066152682313
        ],
        "max_drawdown_1_5_bps": [
            0.11271286137607701,
            0.09185305697488201
        ],
        "calmar_ratio_1_5_bps": [
            -0.9482476335304951,
            -0.725495343620229
        ],
        "perc_pos_return_1_5_bps": [
            0.46511627906976705,
            0.467181467181467
        ],
        "profit_loss_ratio_1_5_bps": [
            0.8967294514522071,
            0.936602674785708
        ],
        "annual_return_2_0_bps": [
            -0.10726520631979801,
            -0.06872843153464901
        ],
        "annual_volatility_2_0_bps": [
            0.082284979873623,
            0.059027908556719
        ],
        "sharpe_ratio_2_0_bps": [
            -1.337384857468078,
            -1.1767172915998891
        ],
        "downside_risk_2_0_bps": [
            0.067623354372309,
            0.043801574170443
        ],
        "sortino_ratio_2_0_bps": [
            -1.627347343259133,
            -1.5857685939638841
        ],
        "max_drawdown_2_0_bps": [
            0.11305447805743,
            0.09266684155448601
        ],
        "calmar_ratio_2_0_bps": [
            -0.948792194372949,
            -0.7416723218546131
        ],
        "perc_pos_return_2_0_bps": [
            0.46511627906976705,
            0.467181467181467
        ],
        "profit_loss_ratio_2_0_bps": [
            0.8958544970264011,
            0.9304286765305531
        ],
        "annual_return_2_5_bps": [
            -0.107650543766725,
            -0.07081324896623101
        ],
        "annual_volatility_2_5_bps": [
            0.082285036366082,
            0.059021415959772006
        ],
        "sharpe_ratio_2_5_bps": [
            -1.342628237947213,
            -1.2148145156624761
        ],
        "downside_risk_2_5_bps": [
            0.067635566444884,
            0.043871841162764005
        ],
        "sortino_ratio_2_5_bps": [
            -1.6334336975745432,
            -1.634307358491668
        ],
        "max_drawdown_2_5_bps": [
            0.113395964626695,
            0.09347990510659401
        ],
        "calmar_ratio_2_5_bps": [
            -0.949333110054804,
            -0.757523757490807
        ],
        "perc_pos_return_2_5_bps": [
            0.46511627906976705,
            0.467181467181467
        ],
        "profit_loss_ratio_2_5_bps": [
            0.8949803825633571,
            0.92429110411666
        ],
        "annual_return_3_0_bps": [
            -0.108035716478884,
            -0.072893427707688
        ],
        "annual_volatility_3_0_bps": [
            0.082285105603996,
            0.05901510745657101
        ],
        "sharpe_ratio_3_0_bps": [
            -1.347871402449723,
            -1.252916213945929
        ],
        "downside_risk_3_0_bps": [
            0.06764778974362701,
            0.043942325997611005
        ],
        "sortino_ratio_3_0_bps": [
            -1.639517582340956,
            -1.682682546302117
        ],
        "max_drawdown_3_0_bps": [
            0.11373732113290001,
            0.094292248262846
        ],
        "calmar_ratio_3_0_bps": [
            -0.9498704154693951,
            -0.7730585392819661
        ],
        "perc_pos_return_3_0_bps": [
            0.46511627906976705,
            0.467181467181467
        ],
        "profit_loss_ratio_3_0_bps": [
            0.8941071068540971,
            0.9181896361301111
        ],
        "annual_return_rescaled": [
            -0.21763591030018714,
            -0.12738744073648534
        ],
        "annual_volatility_rescaled": [
            0.17465232500451378,
            0.12534767499548857
        ],
        "downside_risk_rescaled": [
            0.14342931539285206,
            0.09237821578579926
        ],
        "max_drawdown_rescaled": [
            0.2286704593844691,
            0.18231100564482805
        ],
        "annual_return_rescaled_0_5_bps": [
            -0.21836337155602847,
            -0.1315354234100149
        ],
        "annual_volatility_rescaled_0_5_bps": [
            0.17466126230200463,
            0.12533873769799733
        ],
        "downside_risk_rescaled_0_5_bps": [
            0.1434624719485136,
            0.09253029590680587
        ],
        "max_drawdown_rescaled_0_5_bps": [
            0.22931191380974186,
            0.18387551510692618
        ],
        "annual_return_rescaled_1_0_bps": [
            -0.21908995133151332,
            -0.13566404479600513
        ],
        "annual_volatility_rescaled_1_0_bps": [
            0.17466998460079702,
            0.12533001539920371
        ],
        "downside_risk_rescaled_1_0_bps": [
            0.14349545606229994,
            0.09268269967763769
        ],
        "max_drawdown_rescaled_1_0_bps": [
            0.22995260917268195,
            0.18543698645628334
        ],
        "annual_return_rescaled_1_5_bps": [
            -0.2198156476656744,
            -0.13977337644397958
        ],
        "annual_volatility_rescaled_1_5_bps": [
            0.17467849175106973,
            0.12532150824893287
        ],
        "downside_risk_rescaled_1_5_bps": [
            0.14352826751108633,
            0.09283542499503838
        ],
        "max_drawdown_rescaled_1_5_bps": [
            0.23059254366868215,
            0.18699541908604
        ],
        "annual_return_rescaled_2_0_bps": [
            -0.22054045860980453,
            -0.1438634898180009
        ],
        "annual_volatility_rescaled_2_0_bps": [
            0.1746867836068274,
            0.1253132163931736
        ],
        "downside_risk_rescaled_2_0_bps": [
            0.14356090613555791,
            0.09298849097979071
        ],
        "max_drawdown_rescaled_2_0_bps": [
            0.23123171550378552,
            0.188550812425908
        ],
        "annual_return_rescaled_2_5_bps": [
            -0.22126438222751288,
            -0.14793445629539193
        ],
        "annual_volatility_rescaled_2_5_bps": [
            0.17469486002592188,
            0.12530513997407866
        ],
        "downside_risk_rescaled_2_5_bps": [
            0.1435933717072925,
            0.09314190634748042
        ],
        "max_drawdown_rescaled_2_5_bps": [
            0.23187012289474407,
            0.19010316594215354
        ],
        "annual_return_rescaled_3_0_bps": [
            -0.22198741659477694,
            -0.1519863471654742
        ],
        "annual_volatility_rescaled_3_0_bps": [
            0.17470272087004973,
            0.12529727912995003
        ],
        "downside_risk_rescaled_3_0_bps": [
            0.14362566399237714,
            0.09329566823535415
        ],
        "max_drawdown_rescaled_3_0_bps": [
            0.232507764069062,
            0.19165247913757086
        ],
        "sharpe_ratio_years": [
            -1.081973402149453,
            -1.537191505327101
        ],
        "sharpe_ratio_years_0_5_bps": [
            -1.087241446184279,
            -1.571890808040985
        ],
        "sharpe_ratio_years_1_0_bps": [
            -1.092509332659751,
            -1.606593613618767
        ],
        "sharpe_ratio_years_1_5_bps": [
            -1.097777059157488,
            -1.641299652143177
        ],
        "sharpe_ratio_years_2_0_bps": [
            -1.103044623259317,
            -1.676008653448422
        ],
        "sharpe_ratio_years_2_5_bps": [
            -1.1083120225472851,
            -1.7107203471305201
        ],
        "sharpe_ratio_years_3_0_bps": [
            -1.113579254603656,
            -1.7454344625576632
        ]
    }
}