{
    "ALL": {
        "annual_return": [
            -0.037375689215879006,
            0.011488508544295001
        ],
        "annual_volatility": [
            0.025490101055697004,
            0.061980426750981005
        ],
        "sharpe_ratio": [
            -1.4815344862094442,
            0.215183132957865
        ],
        "downside_risk": [
            0.022400359199905,
            0.044408674193859
        ],
        "sortino_ratio": [
            -1.6858865268168701,
            0.300327416939321
        ],
        "max_drawdown": [
            0.050339244959295,
            0.10348339716412801
        ],
        "calmar_ratio": [
            -0.7424761584346721,
            0.11101789136352701
        ],
        "perc_pos_return": [
            0.50390625,
            0.5275590551181101
        ],
        "profit_loss_ratio": [
            0.711574543423519,
            0.9205254525394471
        ],
        "annual_return_0_5_bps": [
            -0.037830871569998,
            0.009427990703513
        ],
        "annual_volatility_0_5_bps": [
            0.025490963097242,
            0.06197796657268401
        ],
        "sharpe_ratio_0_5_bps": [
            -1.500034998092979,
            0.18228628534242503
        ],
        "downside_risk_0_5_bps": [
            0.022413005594566,
            0.044476936090756
        ],
        "sortino_ratio_0_5_bps": [
            -1.706033428654907,
            0.25401329975964004
        ],
        "max_drawdown_0_5_bps": [
            0.050659842895559005,
            0.10413220747115001
        ],
        "calmar_ratio_0_5_bps": [
            -0.7467625126274181,
            0.09053866169239701
        ],
        "perc_pos_return_0_5_bps": [
            0.50390625,
            0.5275590551181101
        ],
        "profit_loss_ratio_0_5_bps": [
            0.708635323026867,
            0.9231813846461641
        ],
        "annual_return_1_0_bps": [
            -0.038285839769482,
            0.007371645176859001
        ],
        "annual_volatility_1_0_bps": [
            0.025491834400213003,
            0.061975644387103006
        ],
        "sharpe_ratio_1_0_bps": [
            -1.518533707037483,
            0.149386493362676
        ],
        "downside_risk_1_0_bps": [
            0.022425671000408,
            0.044545358331983004
        ],
        "sortino_ratio_1_0_bps": [
            -1.7261561444576712,
            0.20784037968405203
        ],
        "max_drawdown_1_0_bps": [
            0.05098033338551,
            0.10478055677301501
        ],
        "calmar_ratio_1_0_bps": [
            -0.7509923381624021,
            0.07035317814572001
        ],
        "perc_pos_return_1_0_bps": [
            0.5,
            0.523622047244094
        ],
        "profit_loss_ratio_1_0_bps": [
            0.716821054886676,
            0.9327399018204771
        ],
        "annual_return_1_5_bps": [
            -0.038740593914590005,
            0.0053194635667
        ],
        "annual_volatility_1_5_bps": [
            0.025492714963660002,
            0.06197346020975
        ],
        "sharpe_ratio_1_5_bps": [
            -1.537030593123502,
            0.11648397642666601
        ],
        "downside_risk_1_5_bps": [
            0.022438355537348003,
            0.044613942749756004
        ],
        "sortino_ratio_1_5_bps": [
            -1.7462546547006421,
            0.16180849826797603
        ],
        "max_drawdown_1_5_bps": [
            0.051300716464900004,
            0.105428445391278
        ],
        "calmar_ratio_1_5_bps": [
            -0.755166722497837,
            0.050455676804853
        ],
        "perc_pos_return_1_5_bps": [
            0.5,
            0.523622047244094
        ],
        "profit_loss_ratio_1_5_bps": [
            0.7138606937030011,
            0.927633309682895
        ],
        "annual_return_2_0_bps": [
            -0.039195134105508005,
            0.0032714374922130003
        ],
        "annual_volatility_2_0_bps": [
            0.025493604786623002,
            0.061971414055218006
        ],
        "sharpe_ratio_2_0_bps": [
            -1.5555256364416592,
            0.083578954044947
        ],
        "downside_risk_2_0_bps": [
            0.022451059227144,
            0.044682688748179
        ],
        "sortino_ratio_2_0_bps": [
            -1.766328947320111,
            0.11591750882790301
        ],
        "max_drawdown_2_0_bps": [
            0.051620992169456,
            0.10607587364727401
        ],
        "calmar_ratio_2_0_bps": [
            -0.7592867253857171,
            0.030840542526111004
        ],
        "perc_pos_return_2_0_bps": [
            0.5,
            0.523622047244094
        ],
        "profit_loss_ratio_2_0_bps": [
            0.7109106192043071,
            0.9225539054019001
        ],
        "annual_return_2_5_bps": [
            -0.039649460442399004,
            0.00122755858933
        ],
        "annual_volatility_2_5_bps": [
            0.025494503868133,
            0.061969505937178
        ],
        "sharpe_ratio_2_5_bps": [
            -1.574018817092755,
            0.050671645823265006
        ],
        "downside_risk_2_5_bps": [
            0.022463782037303003,
            0.044751600828478004
        ],
        "sortino_ratio_2_5_bps": [
            -1.786379014639984,
            0.070167252088404
        ],
        "max_drawdown_2_5_bps": [
            0.05194116053490801,
            0.10672284186212001
        ],
        "calmar_ratio_2_5_bps": [
            -0.7633533797488501,
            0.011502304173239001
        ],
        "perc_pos_return_2_5_bps": [
            0.5,
            0.5157480314960631
        ],
        "profit_loss_ratio_2_5_bps": [
            0.7079707778672131,
            0.9469053612869611
        ],
        "annual_return_3_0_bps": [
            -0.04010357302537,
            -0.000812181489274
        ],
        "annual_volatility_3_0_bps": [
            0.02549541220721,
            0.06196773586838201
        ],
        "sharpe_ratio_3_0_bps": [
            -1.592510115187878,
            0.017762271455249
        ],
        "downside_risk_3_0_bps": [
            0.022476523935355,
            0.04482068638231201
        ],
        "sortino_ratio_3_0_bps": [
            -1.806404849239203,
            0.024557583446464002
        ],
        "max_drawdown_3_0_bps": [
            0.05226122159696701,
            0.10736935035671001
        ],
        "calmar_ratio_3_0_bps": [
            -0.7673676925243901,
            -0.0075643699675610005
        ],
        "perc_pos_return_3_0_bps": [
            0.5,
            0.5157480314960631
        ],
        "profit_loss_ratio_3_0_bps": [
            0.705041116539015,
            0.9417187666645941
        ],
        "annual_return_rescaled": [
            -0.12489361493106632,
            0.023476371121120998
        ],
        "annual_volatility_rescaled": [
            0.08742407881212355,
            0.2125759211878777
        ],
        "downside_risk_rescaled": [
            0.076827108838579,
            0.15230961321740996
        ],
        "max_drawdown_rescaled": [
            0.16426476683913882,
            0.3163714207275898
        ],
        "annual_return_rescaled_0_5_bps": [
            -0.1263149562447845,
            0.016343995463285355
        ],
        "annual_volatility_rescaled_0_5_bps": [
            0.08742863275028738,
            0.21257136724971426
        ],
        "downside_risk_rescaled_0_5_bps": [
            0.07687188700883149,
            0.15254651997661925
        ],
        "max_drawdown_rescaled_0_5_bps": [
            0.16523571598701653,
            0.31807639490754847
        ],
        "annual_return_rescaled_1_0_bps": [
            -0.1277338459605707,
            0.009260791886243958
        ],
        "annual_volatility_rescaled_1_0_bps": [
            0.08743307142371808,
            0.21256692857628307
        ],
        "downside_risk_rescaled_1_0_bps": [
            0.07691660252928392,
            0.15278372813385527
        ],
        "max_drawdown_rescaled_1_0_bps": [
            0.1662053209387165,
            0.31977680534804864
        ],
        "annual_return_rescaled_1_5_bps": [
            -0.12915028134322415,
            0.002226460470248215
        ],
        "annual_volatility_rescaled_1_5_bps": [
            0.08743739478644715,
            0.2125626052135541
        ],
        "downside_risk_rescaled_1_5_bps": [
            0.07696125556946672,
            0.15302124276489115
        ],
        "max_drawdown_rescaled_1_5_bps": [
            0.16717357882646325,
            0.32147265634488015
        ],
        "annual_return_rescaled_2_0_bps": [
            -0.13056425969715335,
            -0.004759297415944941
        ],
        "annual_volatility_rescaled_2_0_bps": [
            0.08744160279455944,
            0.21255839720544126
        ],
        "downside_risk_rescaled_2_0_bps": [
            0.07700584596365992,
            0.15325906061591338
        ],
        "max_drawdown_rescaled_2_0_bps": [
            0.1681404868048334,
            0.32316395224520744
        ],
        "annual_return_rescaled_2_5_bps": [
            -0.13197577836637342,
            -0.011696779114567457
        ],
        "annual_volatility_rescaled_2_5_bps": [
            0.08744569540619729,
            0.21255430459380392
        ],
        "downside_risk_rescaled_2_5_bps": [
            0.07705037336147595,
            0.15349719591438335
        ],
        "max_drawdown_rescaled_2_5_bps": [
            0.16910604205080781,
            0.3248506974472926
        ],
        "annual_return_rescaled_3_0_bps": [
            -0.133384834734521,
            -0.018586280678399514
        ],
        "annual_volatility_rescaled_3_0_bps": [
            0.08744967258156007,
            0.21255032741844213
        ],
        "downside_risk_rescaled_3_0_bps": [
            0.07709483741402504,
            0.1537356728009889
        ],
        "max_drawdown_rescaled_3_0_bps": [
            0.1700702417638169,
            0.32653289640024163
        ],
        "sharpe_ratio_years": [
            -1.443161072053525,
            0.12630319045245
        ],
        "sharpe_ratio_years_0_5_bps": [
            -1.460553484478317,
            0.09381307154529901
        ],
        "sharpe_ratio_years_1_0_bps": [
            -1.477944455272477,
            0.061320687037742
        ],
        "sharpe_ratio_years_1_5_bps": [
            -1.495333967846484,
            0.028826244702085002
        ],
        "sharpe_ratio_years_2_0_bps": [
            -1.5127220056178512,
            -0.0036700476128600002
        ],
        "sharpe_ratio_years_2_5_bps": [
            -1.530108552011201,
            -0.036167981988424004
        ],
        "sharpe_ratio_years_3_0_bps": [
            -1.547493590458348,
            -0.06866735044271201
        ]
    },
    "COMB": {
        "annual_return": [
            -0.037375689215879006,
            0.011488508544295001
        ],
        "annual_volatility": [
            0.025490101055697004,
            0.061980426750981005
        ],
        "sharpe_ratio": [
            -1.4815344862094442,
            0.215183132957865
        ],
        "downside_risk": [
            0.022400359199905,
            0.044408674193859
        ],
        "sortino_ratio": [
            -1.6858865268168701,
            0.300327416939321
        ],
        "max_drawdown": [
            0.050339244959295,
            0.10348339716412801
        ],
        "calmar_ratio": [
            -0.7424761584346721,
            0.11101789136352701
        ],
        "perc_pos_return": [
            0.50390625,
            0.5275590551181101
        ],
        "profit_loss_ratio": [
            0.711574543423519,
            0.9205254525394471
        ],
        "annual_return_0_5_bps": [
            -0.037830871569998,
            0.009427990703513
        ],
        "annual_volatility_0_5_bps": [
            0.025490963097242,
            0.06197796657268401
        ],
        "sharpe_ratio_0_5_bps": [
            -1.500034998092979,
            0.18228628534242503
        ],
        "downside_risk_0_5_bps": [
            0.022413005594566,
            0.044476936090756
        ],
        "sortino_ratio_0_5_bps": [
            -1.706033428654907,
            0.25401329975964004
        ],
        "max_drawdown_0_5_bps": [
            0.050659842895559005,
            0.10413220747115001
        ],
        "calmar_ratio_0_5_bps": [
            -0.7467625126274181,
            0.09053866169239701
        ],
        "perc_pos_return_0_5_bps": [
            0.50390625,
            0.5275590551181101
        ],
        "profit_loss_ratio_0_5_bps": [
            0.708635323026867,
            0.9231813846461641
        ],
        "annual_return_1_0_bps": [
            -0.038285839769482,
            0.007371645176859001
        ],
        "annual_volatility_1_0_bps": [
            0.025491834400213003,
            0.061975644387103006
        ],
        "sharpe_ratio_1_0_bps": [
            -1.518533707037483,
            0.149386493362676
        ],
        "downside_risk_1_0_bps": [
            0.022425671000408,
            0.044545358331983004
        ],
        "sortino_ratio_1_0_bps": [
            -1.7261561444576712,
            0.20784037968405203
        ],
        "max_drawdown_1_0_bps": [
            0.05098033338551,
            0.10478055677301501
        ],
        "calmar_ratio_1_0_bps": [
            -0.7509923381624021,
            0.07035317814572001
        ],
        "perc_pos_return_1_0_bps": [
            0.5,
            0.523622047244094
        ],
        "profit_loss_ratio_1_0_bps": [
            0.716821054886676,
            0.9327399018204771
        ],
        "annual_return_1_5_bps": [
            -0.038740593914590005,
            0.0053194635667
        ],
        "annual_volatility_1_5_bps": [
            0.025492714963660002,
            0.06197346020975
        ],
        "sharpe_ratio_1_5_bps": [
            -1.537030593123502,
            0.11648397642666601
        ],
        "downside_risk_1_5_bps": [
            0.022438355537348003,
            0.044613942749756004
        ],
        "sortino_ratio_1_5_bps": [
            -1.7462546547006421,
            0.16180849826797603
        ],
        "max_drawdown_1_5_bps": [
            0.051300716464900004,
            0.105428445391278
        ],
        "calmar_ratio_1_5_bps": [
            -0.755166722497837,
            0.050455676804853
        ],
        "perc_pos_return_1_5_bps": [
            0.5,
            0.523622047244094
        ],
        "profit_loss_ratio_1_5_bps": [
            0.7138606937030011,
            0.927633309682895
        ],
        "annual_return_2_0_bps": [
            -0.039195134105508005,
            0.0032714374922130003
        ],
        "annual_volatility_2_0_bps": [
            0.025493604786623002,
            0.061971414055218006
        ],
        "sharpe_ratio_2_0_bps": [
            -1.5555256364416592,
            0.083578954044947
        ],
        "downside_risk_2_0_bps": [
            0.022451059227144,
            0.044682688748179
        ],
        "sortino_ratio_2_0_bps": [
            -1.766328947320111,
            0.11591750882790301
        ],
        "max_drawdown_2_0_bps": [
            0.051620992169456,
            0.10607587364727401
        ],
        "calmar_ratio_2_0_bps": [
            -0.7592867253857171,
            0.030840542526111004
        ],
        "perc_pos_return_2_0_bps": [
            0.5,
            0.523622047244094
        ],
        "profit_loss_ratio_2_0_bps": [
            0.7109106192043071,
            0.9225539054019001
        ],
        "annual_return_2_5_bps": [
            -0.039649460442399004,
            0.00122755858933
        ],
        "annual_volatility_2_5_bps": [
            0.025494503868133,
            0.061969505937178
        ],
        "sharpe_ratio_2_5_bps": [
            -1.574018817092755,
            0.050671645823265006
        ],
        "downside_risk_2_5_bps": [
            0.022463782037303003,
            0.044751600828478004
        ],
        "sortino_ratio_2_5_bps": [
            -1.786379014639984,
            0.070167252088404
        ],
        "max_drawdown_2_5_bps": [
            0.05194116053490801,
            0.10672284186212001
        ],
        "calmar_ratio_2_5_bps": [
            -0.7633533797488501,
            0.011502304173239001
        ],
        "perc_pos_return_2_5_bps": [
            0.5,
            0.5157480314960631
        ],
        "profit_loss_ratio_2_5_bps": [
            0.7079707778672131,
            0.9469053612869611
        ],
        "annual_return_3_0_bps": [
            -0.04010357302537,
            -0.000812181489274
        ],
        "annual_volatility_3_0_bps": [
            0.02549541220721,
            0.06196773586838201
        ],
        "sharpe_ratio_3_0_bps": [
            -1.592510115187878,
            0.017762271455249
        ],
        "downside_risk_3_0_bps": [
            0.022476523935355,
            0.04482068638231201
        ],
        "sortino_ratio_3_0_bps": [
            -1.806404849239203,
            0.024557583446464002
        ],
        "max_drawdown_3_0_bps": [
            0.05226122159696701,
            0.10736935035671001
        ],
        "calmar_ratio_3_0_bps": [
            -0.7673676925243901,
            -0.0075643699675610005
        ],
        "perc_pos_return_3_0_bps": [
            0.5,
            0.5157480314960631
        ],
        "profit_loss_ratio_3_0_bps": [
            0.705041116539015,
            0.9417187666645941
        ],
        "annual_return_rescaled": [
            -0.12489361493106632,
            0.023476371121120998
        ],
        "annual_volatility_rescaled": [
            0.08742407881212355,
            0.2125759211878777
        ],
        "downside_risk_rescaled": [
            0.076827108838579,
            0.15230961321740996
        ],
        "max_drawdown_rescaled": [
            0.16426476683913882,
            0.3163714207275898
        ],
        "annual_return_rescaled_0_5_bps": [
            -0.1263149562447845,
            0.016343995463285355
        ],
        "annual_volatility_rescaled_0_5_bps": [
            0.08742863275028738,
            0.21257136724971426
        ],
        "downside_risk_rescaled_0_5_bps": [
            0.07687188700883149,
            0.15254651997661925
        ],
        "max_drawdown_rescaled_0_5_bps": [
            0.16523571598701653,
            0.31807639490754847
        ],
        "annual_return_rescaled_1_0_bps": [
            -0.1277338459605707,
            0.009260791886243958
        ],
        "annual_volatility_rescaled_1_0_bps": [
            0.08743307142371808,
            0.21256692857628307
        ],
        "downside_risk_rescaled_1_0_bps": [
            0.07691660252928392,
            0.15278372813385527
        ],
        "max_drawdown_rescaled_1_0_bps": [
            0.1662053209387165,
            0.31977680534804864
        ],
        "annual_return_rescaled_1_5_bps": [
            -0.12915028134322415,
            0.002226460470248215
        ],
        "annual_volatility_rescaled_1_5_bps": [
            0.08743739478644715,
            0.2125626052135541
        ],
        "downside_risk_rescaled_1_5_bps": [
            0.07696125556946672,
            0.15302124276489115
        ],
        "max_drawdown_rescaled_1_5_bps": [
            0.16717357882646325,
            0.32147265634488015
        ],
        "annual_return_rescaled_2_0_bps": [
            -0.13056425969715335,
            -0.004759297415944941
        ],
        "annual_volatility_rescaled_2_0_bps": [
            0.08744160279455944,
            0.21255839720544126
        ],
        "downside_risk_rescaled_2_0_bps": [
            0.07700584596365992,
            0.15325906061591338
        ],
        "max_drawdown_rescaled_2_0_bps": [
            0.1681404868048334,
            0.32316395224520744
        ],
        "annual_return_rescaled_2_5_bps": [
            -0.13197577836637342,
            -0.011696779114567457
        ],
        "annual_volatility_rescaled_2_5_bps": [
            0.08744569540619729,
            0.21255430459380392
        ],
        "downside_risk_rescaled_2_5_bps": [
            0.07705037336147595,
            0.15349719591438335
        ],
        "max_drawdown_rescaled_2_5_bps": [
            0.16910604205080781,
            0.3248506974472926
        ],
        "annual_return_rescaled_3_0_bps": [
            -0.133384834734521,
            -0.018586280678399514
        ],
        "annual_volatility_rescaled_3_0_bps": [
            0.08744967258156007,
            0.21255032741844213
        ],
        "downside_risk_rescaled_3_0_bps": [
            0.07709483741402504,
            0.1537356728009889
        ],
        "max_drawdown_rescaled_3_0_bps": [
            0.1700702417638169,
            0.32653289640024163
        ],
        "sharpe_ratio_years": [
            -1.443161072053525,
            0.12630319045245
        ],
        "sharpe_ratio_years_0_5_bps": [
            -1.460553484478317,
            0.09381307154529901
        ],
        "sharpe_ratio_years_1_0_bps": [
            -1.477944455272477,
            0.061320687037742
        ],
        "sharpe_ratio_years_1_5_bps": [
            -1.495333967846484,
            0.028826244702085002
        ],
        "sharpe_ratio_years_2_0_bps": [
            -1.5127220056178512,
            -0.0036700476128600002
        ],
        "sharpe_ratio_years_2_5_bps": [
            -1.530108552011201,
            -0.036167981988424004
        ],
        "sharpe_ratio_years_3_0_bps": [
            -1.547493590458348,
            -0.06866735044271201
        ]
    }
}