{
    "ALL": {
        "annual_return": -0.033834225406783505,
        "annual_volatility": 0.033004403033417506,
        "sharpe_ratio": -0.8205996244142275,
        "downside_risk": 0.024632222749368,
        "sortino_ratio": -0.9114467002933452,
        "max_drawdown": 0.0728536014944235,
        "calmar_ratio": -0.04563116870567302,
        "perc_pos_return": 0.48171260961958606,
        "profit_loss_ratio": 0.9309040440135226,
        "annual_return_0_5_bps": -0.0364324357962335,
        "annual_volatility_0_5_bps": 0.033004416868528,
        "sharpe_ratio_0_5_bps": -0.9042680273381924,
        "downside_risk_0_5_bps": 0.0247241748025065,
        "sortino_ratio_0_5_bps": -1.0259325195176405,
        "max_drawdown_0_5_bps": 0.073689899296633,
        "calmar_ratio_0_5_bps": -0.10219558542868751,
        "perc_pos_return_0_5_bps": 0.47977462512346203,
        "profit_loss_ratio_0_5_bps": 0.9280584472778171,
        "annual_return_1_0_bps": -0.039023687416627005,
        "annual_volatility_1_0_bps": 0.033004793006552,
        "sharpe_ratio_1_0_bps": -0.9879159457098021,
        "downside_risk_1_0_bps": 0.0248166600427275,
        "sortino_ratio_1_0_bps": -1.1393925280850885,
        "max_drawdown_1_0_bps": 0.07461904109968501,
        "calmar_ratio_1_0_bps": -0.15584780910238705,
        "perc_pos_return_1_0_bps": 0.47396067163509004,
        "profit_loss_ratio_1_0_bps": 0.9384922519164896,
        "annual_return_1_5_bps": -0.041607998828925005,
        "annual_volatility_1_5_bps": 0.033005531437943506,
        "sharpe_ratio_1_5_bps": -1.0715406391926725,
        "downside_risk_1_5_bps": 0.024909681411717004,
        "sortino_ratio_1_5_bps": -1.2518338875995858,
        "max_drawdown_1_5_bps": 0.07554715978413151,
        "calmar_ratio_1_5_bps": -0.207356323952291,
        "perc_pos_return_1_5_bps": 0.470092185208464,
        "profit_loss_ratio_1_5_bps": 0.93928692130811,
        "annual_return_2_0_bps": -0.044185388544788005,
        "annual_volatility_2_0_bps": 0.033006632141395,
        "sharpe_ratio_2_0_bps": -1.1551393708497257,
        "downside_risk_2_0_bps": 0.025003238636711,
        "sortino_ratio_2_0_bps": -1.363263444241994,
        "max_drawdown_2_0_bps": 0.07647425655934151,
        "calmar_ratio_2_0_bps": -0.25684496366360354,
        "perc_pos_return_2_0_bps": 0.46622369878183806,
        "profit_loss_ratio_2_0_bps": 0.940097218048153,
        "annual_return_2_5_bps": -0.0467558750267035,
        "annual_volatility_2_5_bps": 0.0330080950838385,
        "sharpe_ratio_2_5_bps": -1.238709407583765,
        "downside_risk_2_5_bps": 0.025097330426933503,
        "sortino_ratio_2_5_bps": -1.4736879829765215,
        "max_drawdown_2_5_bps": 0.07740033263319052,
        "calmar_ratio_2_5_bps": -0.30442807156101753,
        "perc_pos_return_2_5_bps": 0.46622369878183806,
        "profit_loss_ratio_2_5_bps": 0.9263365252154315,
        "annual_return_3_0_bps": -0.049319476688121505,
        "annual_volatility_3_0_bps": 0.033009920220452,
        "sharpe_ratio_3_0_bps": -1.3222480205767215,
        "downside_risk_3_0_bps": 0.025191950573538,
        "sortino_ratio_3_0_bps": -1.5831142621859284,
        "max_drawdown_3_0_bps": 0.07832538921206601,
        "calmar_ratio_3_0_bps": -0.3502114003713335,
        "perc_pos_return_3_0_bps": 0.46622369878183806,
        "profit_loss_ratio_3_0_bps": 0.912778324658852,
        "annual_return_rescaled": -0.12980922726849048,
        "annual_volatility_rescaled": 0.15000000000000244,
        "downside_risk_rescaled": 0.11194971194189528,
        "max_drawdown_rescaled": 0.28258608324931556,
        "annual_return_rescaled_0_5_bps": -0.14031557634557945,
        "annual_volatility_rescaled_0_5_bps": 0.15000000000000224,
        "downside_risk_rescaled_0_5_bps": 0.11236757295695356,
        "max_drawdown_rescaled_0_5_bps": 0.2854814716112459,
        "annual_return_rescaled_1_0_bps": -0.15069425874627057,
        "annual_volatility_rescaled_1_0_bps": 0.15000000000000135,
        "downside_risk_rescaled_1_0_bps": 0.11278661876989299,
        "max_drawdown_rescaled_1_0_bps": 0.28856186731228217,
        "annual_return_rescaled_1_5_bps": -0.16094650319052822,
        "annual_volatility_rescaled_1_5_bps": 0.15000000000000172,
        "downside_risk_rescaled_1_5_bps": 0.11320684894235897,
        "max_drawdown_rescaled_1_5_bps": 0.291624973028962,
        "annual_return_rescaled_2_0_bps": -0.17107353534998065,
        "annual_volatility_rescaled_2_0_bps": 0.15000000000000102,
        "downside_risk_rescaled_2_0_bps": 0.11362824839081476,
        "max_drawdown_rescaled_2_0_bps": 0.2946708059681161,
        "annual_return_rescaled_2_5_bps": -0.18107657764247953,
        "annual_volatility_rescaled_2_5_bps": 0.1500000000000014,
        "downside_risk_rescaled_2_5_bps": 0.11405079737192472,
        "max_drawdown_rescaled_2_5_bps": 0.2976993846021339,
        "annual_return_rescaled_3_0_bps": -0.19095684903085308,
        "annual_volatility_rescaled_3_0_bps": 0.1500000000000019,
        "downside_risk_rescaled_3_0_bps": 0.11447445376403911,
        "max_drawdown_rescaled_3_0_bps": 0.3007107286564808,
        "sharpe_ratio_years": -0.80734511072281,
        "sharpe_ratio_years_0_5_bps": -0.8888816059547601,
        "sharpe_ratio_years_1_0_bps": -0.9703940715864761,
        "sharpe_ratio_years_1_5_bps": -1.0518799992070351,
        "sharpe_ratio_years_2_0_bps": -1.1333368846848864,
        "sharpe_ratio_years_2_5_bps": -1.2147622285425284,
        "sharpe_ratio_years_3_0_bps": -1.2961535363294354,
        "sharpe_ratio_years_std": 1.778272649191971,
        "sharpe_ratio_years_std_0_5_bps": 1.767490621923566,
        "sharpe_ratio_years_std_1_0_bps": 1.756730839595936,
        "sharpe_ratio_years_std_1_5_bps": 1.7459937204132971,
        "sharpe_ratio_years_std_2_0_bps": 1.7352796766163143,
        "sharpe_ratio_years_std_2_5_bps": 1.7245891144135894,
        "sharpe_ratio_years_std_3_0_bps": 1.7139224339157124
    },
    "COMB": {
        "annual_return": -0.033834225406783505,
        "annual_volatility": 0.033004403033417506,
        "sharpe_ratio": -0.8205996244142275,
        "downside_risk": 0.024632222749368,
        "sortino_ratio": -0.9114467002933452,
        "max_drawdown": 0.0728536014944235,
        "calmar_ratio": -0.04563116870567302,
        "perc_pos_return": 0.48171260961958606,
        "profit_loss_ratio": 0.9309040440135226,
        "annual_return_0_5_bps": -0.0364324357962335,
        "annual_volatility_0_5_bps": 0.033004416868528,
        "sharpe_ratio_0_5_bps": -0.9042680273381924,
        "downside_risk_0_5_bps": 0.0247241748025065,
        "sortino_ratio_0_5_bps": -1.0259325195176405,
        "max_drawdown_0_5_bps": 0.073689899296633,
        "calmar_ratio_0_5_bps": -0.10219558542868751,
        "perc_pos_return_0_5_bps": 0.47977462512346203,
        "profit_loss_ratio_0_5_bps": 0.9280584472778171,
        "annual_return_1_0_bps": -0.039023687416627005,
        "annual_volatility_1_0_bps": 0.033004793006552,
        "sharpe_ratio_1_0_bps": -0.9879159457098021,
        "downside_risk_1_0_bps": 0.0248166600427275,
        "sortino_ratio_1_0_bps": -1.1393925280850885,
        "max_drawdown_1_0_bps": 0.07461904109968501,
        "calmar_ratio_1_0_bps": -0.15584780910238705,
        "perc_pos_return_1_0_bps": 0.47396067163509004,
        "profit_loss_ratio_1_0_bps": 0.9384922519164896,
        "annual_return_1_5_bps": -0.041607998828925005,
        "annual_volatility_1_5_bps": 0.033005531437943506,
        "sharpe_ratio_1_5_bps": -1.0715406391926725,
        "downside_risk_1_5_bps": 0.024909681411717004,
        "sortino_ratio_1_5_bps": -1.2518338875995858,
        "max_drawdown_1_5_bps": 0.07554715978413151,
        "calmar_ratio_1_5_bps": -0.207356323952291,
        "perc_pos_return_1_5_bps": 0.470092185208464,
        "profit_loss_ratio_1_5_bps": 0.93928692130811,
        "annual_return_2_0_bps": -0.044185388544788005,
        "annual_volatility_2_0_bps": 0.033006632141395,
        "sharpe_ratio_2_0_bps": -1.1551393708497257,
        "downside_risk_2_0_bps": 0.025003238636711,
        "sortino_ratio_2_0_bps": -1.363263444241994,
        "max_drawdown_2_0_bps": 0.07647425655934151,
        "calmar_ratio_2_0_bps": -0.25684496366360354,
        "perc_pos_return_2_0_bps": 0.46622369878183806,
        "profit_loss_ratio_2_0_bps": 0.940097218048153,
        "annual_return_2_5_bps": -0.0467558750267035,
        "annual_volatility_2_5_bps": 0.0330080950838385,
        "sharpe_ratio_2_5_bps": -1.238709407583765,
        "downside_risk_2_5_bps": 0.025097330426933503,
        "sortino_ratio_2_5_bps": -1.4736879829765215,
        "max_drawdown_2_5_bps": 0.07740033263319052,
        "calmar_ratio_2_5_bps": -0.30442807156101753,
        "perc_pos_return_2_5_bps": 0.46622369878183806,
        "profit_loss_ratio_2_5_bps": 0.9263365252154315,
        "annual_return_3_0_bps": -0.049319476688121505,
        "annual_volatility_3_0_bps": 0.033009920220452,
        "sharpe_ratio_3_0_bps": -1.3222480205767215,
        "downside_risk_3_0_bps": 0.025191950573538,
        "sortino_ratio_3_0_bps": -1.5831142621859284,
        "max_drawdown_3_0_bps": 0.07832538921206601,
        "calmar_ratio_3_0_bps": -0.3502114003713335,
        "perc_pos_return_3_0_bps": 0.46622369878183806,
        "profit_loss_ratio_3_0_bps": 0.912778324658852,
        "annual_return_rescaled": -0.12980922726849048,
        "annual_volatility_rescaled": 0.15000000000000244,
        "downside_risk_rescaled": 0.11194971194189528,
        "max_drawdown_rescaled": 0.28258608324931556,
        "annual_return_rescaled_0_5_bps": -0.14031557634557945,
        "annual_volatility_rescaled_0_5_bps": 0.15000000000000224,
        "downside_risk_rescaled_0_5_bps": 0.11236757295695356,
        "max_drawdown_rescaled_0_5_bps": 0.2854814716112459,
        "annual_return_rescaled_1_0_bps": -0.15069425874627057,
        "annual_volatility_rescaled_1_0_bps": 0.15000000000000135,
        "downside_risk_rescaled_1_0_bps": 0.11278661876989299,
        "max_drawdown_rescaled_1_0_bps": 0.28856186731228217,
        "annual_return_rescaled_1_5_bps": -0.16094650319052822,
        "annual_volatility_rescaled_1_5_bps": 0.15000000000000172,
        "downside_risk_rescaled_1_5_bps": 0.11320684894235897,
        "max_drawdown_rescaled_1_5_bps": 0.291624973028962,
        "annual_return_rescaled_2_0_bps": -0.17107353534998065,
        "annual_volatility_rescaled_2_0_bps": 0.15000000000000102,
        "downside_risk_rescaled_2_0_bps": 0.11362824839081476,
        "max_drawdown_rescaled_2_0_bps": 0.2946708059681161,
        "annual_return_rescaled_2_5_bps": -0.18107657764247953,
        "annual_volatility_rescaled_2_5_bps": 0.1500000000000014,
        "downside_risk_rescaled_2_5_bps": 0.11405079737192472,
        "max_drawdown_rescaled_2_5_bps": 0.2976993846021339,
        "annual_return_rescaled_3_0_bps": -0.19095684903085308,
        "annual_volatility_rescaled_3_0_bps": 0.1500000000000019,
        "downside_risk_rescaled_3_0_bps": 0.11447445376403911,
        "max_drawdown_rescaled_3_0_bps": 0.3007107286564808,
        "sharpe_ratio_years": -0.80734511072281,
        "sharpe_ratio_years_0_5_bps": -0.8888816059547601,
        "sharpe_ratio_years_1_0_bps": -0.9703940715864761,
        "sharpe_ratio_years_1_5_bps": -1.0518799992070351,
        "sharpe_ratio_years_2_0_bps": -1.1333368846848864,
        "sharpe_ratio_years_2_5_bps": -1.2147622285425284,
        "sharpe_ratio_years_3_0_bps": -1.2961535363294354,
        "sharpe_ratio_years_std": 1.778272649191971,
        "sharpe_ratio_years_std_0_5_bps": 1.767490621923566,
        "sharpe_ratio_years_std_1_0_bps": 1.756730839595936,
        "sharpe_ratio_years_std_1_5_bps": 1.7459937204132971,
        "sharpe_ratio_years_std_2_0_bps": 1.7352796766163143,
        "sharpe_ratio_years_std_2_5_bps": 1.7245891144135894,
        "sharpe_ratio_years_std_3_0_bps": 1.7139224339157124
    }
}