{
    "ALL": {
        "annual_return": [
            0.02113580998141,
            -0.08880426079497701
        ],
        "annual_volatility": [
            0.027722727245738002,
            0.038286078821097004
        ],
        "sharpe_ratio": [
            0.768282243770939,
            -2.409481492599394
        ],
        "downside_risk": [
            0.018347286096361,
            0.030917159402375
        ],
        "sortino_ratio": [
            1.160873547179784,
            -2.9837669477664743
        ],
        "max_drawdown": [
            0.030961088209147003,
            0.11474611477970001
        ],
        "calmar_ratio": [
            0.6826572063176201,
            -0.7739195437289661
        ],
        "perc_pos_return": [
            0.527131782945736,
            0.43629343629343603
        ],
        "profit_loss_ratio": [
            1.023440603904931,
            0.838367484122114
        ],
        "annual_return_0_5_bps": [
            0.018492480453888002,
            -0.091357352046355
        ],
        "annual_volatility_0_5_bps": [
            0.027729191135379003,
            0.038279642601677
        ],
        "sharpe_ratio_0_5_bps": [
            0.674628004068765,
            -2.48316405874515
        ],
        "downside_risk_0_5_bps": [
            0.018445755236029003,
            0.031002594368984
        ],
        "sortino_ratio_0_5_bps": [
            1.014156841546044,
            -3.066021880581325
        ],
        "max_drawdown_0_5_bps": [
            0.031621126996155005,
            0.11575867159711101
        ],
        "calmar_ratio_0_5_bps": [
            0.584814085093705,
            -0.78920525595108
        ],
        "perc_pos_return_0_5_bps": [
            0.5232558139534881,
            0.43629343629343603
        ],
        "profit_loss_ratio_0_5_bps": [
            1.022906346856318,
            0.833210547699316
        ],
        "annual_return_1_0_bps": [
            0.015855957946872,
            -0.09390333278012601
        ],
        "annual_volatility_1_0_bps": [
            0.027735954836523004,
            0.038273631176581
        ],
        "sharpe_ratio_1_0_bps": [
            0.5810111367494201,
            -2.556843028169024
        ],
        "downside_risk_1_0_bps": [
            0.018544673849269,
            0.031088646236186002
        ],
        "sortino_ratio_1_0_bps": [
            0.868977194173398,
            -3.147762250343575
        ],
        "max_drawdown_1_0_bps": [
            0.032280727353661005,
            0.116957354845709
        ],
        "calmar_ratio_1_0_bps": [
            0.491189612091375,
            -0.8028852302961491
        ],
        "perc_pos_return_1_0_bps": [
            0.511627906976744,
            0.43629343629343603
        ],
        "profit_loss_ratio_1_0_bps": [
            1.054586421410412,
            0.8223980824225671
        ],
        "annual_return_1_5_bps": [
            0.013226225022447,
            -0.09644222268029701
        ],
        "annual_volatility_1_5_bps": [
            0.027743018129890003,
            0.038268044745997
        ],
        "sharpe_ratio_1_5_bps": [
            0.48743465341020403,
            -2.630515931795549
        ],
        "downside_risk_1_5_bps": [
            0.018644052877108002,
            0.031175309946326002
        ],
        "sortino_ratio_1_5_bps": [
            0.725320214216947,
            -3.228987989416119
        ],
        "max_drawdown_1_5_bps": [
            0.032939889565572006,
            0.118154430002691
        ],
        "calmar_ratio_1_5_bps": [
            0.401526088790271,
            -0.816238736694853
        ],
        "perc_pos_return_1_5_bps": [
            0.507751937984496,
            0.432432432432432
        ],
        "profit_loss_ratio_1_5_bps": [
            1.054004218777233,
            0.824569623838987
        ],
        "annual_return_2_0_bps": [
            0.010603264287147,
            -0.09897404137672301
        ],
        "annual_volatility_2_0_bps": [
            0.027750380786713002,
            0.038262883496077
        ],
        "sharpe_ratio_2_0_bps": [
            0.39390155720768605,
            -2.7041802989071373
        ],
        "downside_risk_2_0_bps": [
            0.01874389590129,
            0.031262581372132
        ],
        "sortino_ratio_2_0_bps": [
            0.583172157088236,
            -3.309699045572224
        ],
        "max_drawdown_2_0_bps": [
            0.033598613915614,
            0.11934989920306902
        ],
        "calmar_ratio_2_0_bps": [
            0.31558636060935,
            -0.829276287936557
        ],
        "perc_pos_return_2_0_bps": [
            0.5038759689922481,
            0.42857142857142805
        ],
        "profit_loss_ratio_2_0_bps": [
            1.05342268643064,
            0.826771749665666
        ],
        "annual_return_2_5_bps": [
            0.007987058391832001,
            -0.10149880844523901
        ],
        "annual_volatility_2_5_bps": [
            0.027758042568780002,
            0.038258147598897
        ],
        "sharpe_ratio_2_5_bps": [
            0.300414842387629,
            -2.777833657555159
        ],
        "downside_risk_2_5_bps": [
            0.018844204457248003,
            0.031350456396619
        ],
        "sortino_ratio_2_5_bps": [
            0.44251950259868006,
            -3.389895468551723
        ],
        "max_drawdown_2_5_bps": [
            0.034256900687331004,
            0.12054376457905001
        ],
        "calmar_ratio_2_5_bps": [
            0.23315180975451602,
            -0.8420079528765511
        ],
        "perc_pos_return_2_5_bps": [
            0.5038759689922481,
            0.42857142857142805
        ],
        "profit_loss_ratio_2_5_bps": [
            1.036660375293289,
            0.816012675137574
        ],
        "annual_return_3_0_bps": [
            0.005377590031571001,
            -0.10401654340781401
        ],
        "annual_volatility_3_0_bps": [
            0.027766003228468002,
            0.038253837212436005
        ],
        "sharpe_ratio_3_0_bps": [
            0.20697749381854103,
            -2.851473534971984
        ],
        "downside_risk_3_0_bps": [
            0.018944971150387003,
            0.031438929996689
        ],
        "sortino_ratio_3_0_bps": [
            0.30334898459153903,
            -3.469577508963396
        ],
        "max_drawdown_3_0_bps": [
            0.034914750164094004,
            0.12173602826003802
        ],
        "calmar_ratio_3_0_bps": [
            0.15402057887562,
            -0.8544433796182871
        ],
        "perc_pos_return_3_0_bps": [
            0.5038759689922481,
            0.42857142857142805
        ],
        "profit_loss_ratio_3_0_bps": [
            1.020180763934967,
            0.8053758853827371
        ],
        "annual_return_rescaled": [
            0.09297838777300438,
            -0.35259684230998534
        ],
        "annual_volatility_rescaled": [
            0.1259955855783954,
            0.17400441442160947
        ],
        "downside_risk_rescaled": [
            0.08338562923461251,
            0.14051379464917804
        ],
        "max_drawdown_rescaled": [
            0.13441900706695706,
            0.4307531594316741
        ],
        "annual_return_rescaled_0_5_bps": [
            0.08017796459974491,
            -0.3608091172909038
        ],
        "annual_volatility_rescaled_0_5_bps": [
            0.12602491014689696,
            0.17397508985310756
        ],
        "downside_risk_rescaled_0_5_bps": [
            0.08383312137966437,
            0.14090202453424275
        ],
        "max_drawdown_rescaled_0_5_bps": [
            0.13710317206675482,
            0.43385977115573693
        ],
        "annual_return_rescaled_1_0_bps": [
            0.06752601831245686,
            -0.368914535804998
        ],
        "annual_volatility_rescaled_1_0_bps": [
            0.12605421353961102,
            0.1739457864603917
        ],
        "downside_risk_rescaled_1_0_bps": [
            0.08428173074250916,
            0.1412915067972768
        ],
        "max_drawdown_rescaled_1_0_bps": [
            0.13977777804079272,
            0.4373459565837717
        ],
        "annual_return_rescaled_1_5_bps": [
            0.05502125302899974,
            -0.3769142594100562
        ],
        "annual_volatility_rescaled_1_5_bps": [
            0.12608349383217188,
            0.17391650616783155
        ],
        "downside_risk_rescaled_1_5_bps": [
            0.08473149225984493,
            0.14168220562487302
        ],
        "max_drawdown_rescaled_1_5_bps": [
            0.14244277438719763,
            0.4408071716707264
        ],
        "annual_return_rescaled_2_0_bps": [
            0.042662373150404775,
            -0.3848094438503661
        ],
        "annual_volatility_rescaled_2_0_bps": [
            0.12611274910373424,
            0.17388725089626778
        ],
        "downside_risk_rescaled_2_0_bps": [
            0.08518240737646686,
            0.14207408940516267
        ],
        "max_drawdown_rescaled_2_0_bps": [
            0.14509811156785907,
            0.4442435003683732
        ],
        "annual_return_rescaled_2_5_bps": [
            0.030448083631320122,
            -0.3926012389162792
        ],
        "annual_volatility_rescaled_2_5_bps": [
            0.12614197743739883,
            0.17385802256260396
        ],
        "downside_risk_rescaled_2_5_bps": [
            0.08563446819356761,
            0.14246712655028182
        ],
        "max_drawdown_rescaled_2_5_bps": [
            0.14774374111158708,
            0.44765502809268076
        ],
        "annual_return_rescaled_3_0_bps": [
            0.018377090246259442,
            -0.4002907883079656
        ],
        "annual_volatility_rescaled_3_0_bps": [
            0.1261711769206228,
            0.17382882307938105
        ],
        "downside_risk_rescaled_3_0_bps": [
            0.08608762619175991,
            0.1428612813363183
        ],
        "max_drawdown_rescaled_3_0_bps": [
            0.15037961561695012,
            0.45104184169601147
        ],
        "sharpe_ratio_years": [
            0.970927538469161,
            -2.585617759914781
        ],
        "sharpe_ratio_years_0_5_bps": [
            0.878609015968806,
            -2.656372227878326
        ],
        "sharpe_ratio_years_1_0_bps": [
            0.7863367680094601,
            -2.727124911182412
        ],
        "sharpe_ratio_years_1_5_bps": [
            0.694113721206262,
            -2.7978737196203323
        ],
        "sharpe_ratio_years_2_0_bps": [
            0.6019427919314281,
            -2.868616561301201
        ],
        "sharpe_ratio_years_2_5_bps": [
            0.5098268858710611,
            -2.939351342956118
        ],
        "sharpe_ratio_years_3_0_bps": [
            0.41776889758627705,
            -3.010075970245148
        ]
    },
    "COMB": {
        "annual_return": [
            0.02113580998141,
            -0.08880426079497701
        ],
        "annual_volatility": [
            0.027722727245738002,
            0.038286078821097004
        ],
        "sharpe_ratio": [
            0.768282243770939,
            -2.409481492599394
        ],
        "downside_risk": [
            0.018347286096361,
            0.030917159402375
        ],
        "sortino_ratio": [
            1.160873547179784,
            -2.9837669477664743
        ],
        "max_drawdown": [
            0.030961088209147003,
            0.11474611477970001
        ],
        "calmar_ratio": [
            0.6826572063176201,
            -0.7739195437289661
        ],
        "perc_pos_return": [
            0.527131782945736,
            0.43629343629343603
        ],
        "profit_loss_ratio": [
            1.023440603904931,
            0.838367484122114
        ],
        "annual_return_0_5_bps": [
            0.018492480453888002,
            -0.091357352046355
        ],
        "annual_volatility_0_5_bps": [
            0.027729191135379003,
            0.038279642601677
        ],
        "sharpe_ratio_0_5_bps": [
            0.674628004068765,
            -2.48316405874515
        ],
        "downside_risk_0_5_bps": [
            0.018445755236029003,
            0.031002594368984
        ],
        "sortino_ratio_0_5_bps": [
            1.014156841546044,
            -3.066021880581325
        ],
        "max_drawdown_0_5_bps": [
            0.031621126996155005,
            0.11575867159711101
        ],
        "calmar_ratio_0_5_bps": [
            0.584814085093705,
            -0.78920525595108
        ],
        "perc_pos_return_0_5_bps": [
            0.5232558139534881,
            0.43629343629343603
        ],
        "profit_loss_ratio_0_5_bps": [
            1.022906346856318,
            0.833210547699316
        ],
        "annual_return_1_0_bps": [
            0.015855957946872,
            -0.09390333278012601
        ],
        "annual_volatility_1_0_bps": [
            0.027735954836523004,
            0.038273631176581
        ],
        "sharpe_ratio_1_0_bps": [
            0.5810111367494201,
            -2.556843028169024
        ],
        "downside_risk_1_0_bps": [
            0.018544673849269,
            0.031088646236186002
        ],
        "sortino_ratio_1_0_bps": [
            0.868977194173398,
            -3.147762250343575
        ],
        "max_drawdown_1_0_bps": [
            0.032280727353661005,
            0.116957354845709
        ],
        "calmar_ratio_1_0_bps": [
            0.491189612091375,
            -0.8028852302961491
        ],
        "perc_pos_return_1_0_bps": [
            0.511627906976744,
            0.43629343629343603
        ],
        "profit_loss_ratio_1_0_bps": [
            1.054586421410412,
            0.8223980824225671
        ],
        "annual_return_1_5_bps": [
            0.013226225022447,
            -0.09644222268029701
        ],
        "annual_volatility_1_5_bps": [
            0.027743018129890003,
            0.038268044745997
        ],
        "sharpe_ratio_1_5_bps": [
            0.48743465341020403,
            -2.630515931795549
        ],
        "downside_risk_1_5_bps": [
            0.018644052877108002,
            0.031175309946326002
        ],
        "sortino_ratio_1_5_bps": [
            0.725320214216947,
            -3.228987989416119
        ],
        "max_drawdown_1_5_bps": [
            0.032939889565572006,
            0.118154430002691
        ],
        "calmar_ratio_1_5_bps": [
            0.401526088790271,
            -0.816238736694853
        ],
        "perc_pos_return_1_5_bps": [
            0.507751937984496,
            0.432432432432432
        ],
        "profit_loss_ratio_1_5_bps": [
            1.054004218777233,
            0.824569623838987
        ],
        "annual_return_2_0_bps": [
            0.010603264287147,
            -0.09897404137672301
        ],
        "annual_volatility_2_0_bps": [
            0.027750380786713002,
            0.038262883496077
        ],
        "sharpe_ratio_2_0_bps": [
            0.39390155720768605,
            -2.7041802989071373
        ],
        "downside_risk_2_0_bps": [
            0.01874389590129,
            0.031262581372132
        ],
        "sortino_ratio_2_0_bps": [
            0.583172157088236,
            -3.309699045572224
        ],
        "max_drawdown_2_0_bps": [
            0.033598613915614,
            0.11934989920306902
        ],
        "calmar_ratio_2_0_bps": [
            0.31558636060935,
            -0.829276287936557
        ],
        "perc_pos_return_2_0_bps": [
            0.5038759689922481,
            0.42857142857142805
        ],
        "profit_loss_ratio_2_0_bps": [
            1.05342268643064,
            0.826771749665666
        ],
        "annual_return_2_5_bps": [
            0.007987058391832001,
            -0.10149880844523901
        ],
        "annual_volatility_2_5_bps": [
            0.027758042568780002,
            0.038258147598897
        ],
        "sharpe_ratio_2_5_bps": [
            0.300414842387629,
            -2.777833657555159
        ],
        "downside_risk_2_5_bps": [
            0.018844204457248003,
            0.031350456396619
        ],
        "sortino_ratio_2_5_bps": [
            0.44251950259868006,
            -3.389895468551723
        ],
        "max_drawdown_2_5_bps": [
            0.034256900687331004,
            0.12054376457905001
        ],
        "calmar_ratio_2_5_bps": [
            0.23315180975451602,
            -0.8420079528765511
        ],
        "perc_pos_return_2_5_bps": [
            0.5038759689922481,
            0.42857142857142805
        ],
        "profit_loss_ratio_2_5_bps": [
            1.036660375293289,
            0.816012675137574
        ],
        "annual_return_3_0_bps": [
            0.005377590031571001,
            -0.10401654340781401
        ],
        "annual_volatility_3_0_bps": [
            0.027766003228468002,
            0.038253837212436005
        ],
        "sharpe_ratio_3_0_bps": [
            0.20697749381854103,
            -2.851473534971984
        ],
        "downside_risk_3_0_bps": [
            0.018944971150387003,
            0.031438929996689
        ],
        "sortino_ratio_3_0_bps": [
            0.30334898459153903,
            -3.469577508963396
        ],
        "max_drawdown_3_0_bps": [
            0.034914750164094004,
            0.12173602826003802
        ],
        "calmar_ratio_3_0_bps": [
            0.15402057887562,
            -0.8544433796182871
        ],
        "perc_pos_return_3_0_bps": [
            0.5038759689922481,
            0.42857142857142805
        ],
        "profit_loss_ratio_3_0_bps": [
            1.020180763934967,
            0.8053758853827371
        ],
        "annual_return_rescaled": [
            0.09297838777300438,
            -0.35259684230998534
        ],
        "annual_volatility_rescaled": [
            0.1259955855783954,
            0.17400441442160947
        ],
        "downside_risk_rescaled": [
            0.08338562923461251,
            0.14051379464917804
        ],
        "max_drawdown_rescaled": [
            0.13441900706695706,
            0.4307531594316741
        ],
        "annual_return_rescaled_0_5_bps": [
            0.08017796459974491,
            -0.3608091172909038
        ],
        "annual_volatility_rescaled_0_5_bps": [
            0.12602491014689696,
            0.17397508985310756
        ],
        "downside_risk_rescaled_0_5_bps": [
            0.08383312137966437,
            0.14090202453424275
        ],
        "max_drawdown_rescaled_0_5_bps": [
            0.13710317206675482,
            0.43385977115573693
        ],
        "annual_return_rescaled_1_0_bps": [
            0.06752601831245686,
            -0.368914535804998
        ],
        "annual_volatility_rescaled_1_0_bps": [
            0.12605421353961102,
            0.1739457864603917
        ],
        "downside_risk_rescaled_1_0_bps": [
            0.08428173074250916,
            0.1412915067972768
        ],
        "max_drawdown_rescaled_1_0_bps": [
            0.13977777804079272,
            0.4373459565837717
        ],
        "annual_return_rescaled_1_5_bps": [
            0.05502125302899974,
            -0.3769142594100562
        ],
        "annual_volatility_rescaled_1_5_bps": [
            0.12608349383217188,
            0.17391650616783155
        ],
        "downside_risk_rescaled_1_5_bps": [
            0.08473149225984493,
            0.14168220562487302
        ],
        "max_drawdown_rescaled_1_5_bps": [
            0.14244277438719763,
            0.4408071716707264
        ],
        "annual_return_rescaled_2_0_bps": [
            0.042662373150404775,
            -0.3848094438503661
        ],
        "annual_volatility_rescaled_2_0_bps": [
            0.12611274910373424,
            0.17388725089626778
        ],
        "downside_risk_rescaled_2_0_bps": [
            0.08518240737646686,
            0.14207408940516267
        ],
        "max_drawdown_rescaled_2_0_bps": [
            0.14509811156785907,
            0.4442435003683732
        ],
        "annual_return_rescaled_2_5_bps": [
            0.030448083631320122,
            -0.3926012389162792
        ],
        "annual_volatility_rescaled_2_5_bps": [
            0.12614197743739883,
            0.17385802256260396
        ],
        "downside_risk_rescaled_2_5_bps": [
            0.08563446819356761,
            0.14246712655028182
        ],
        "max_drawdown_rescaled_2_5_bps": [
            0.14774374111158708,
            0.44765502809268076
        ],
        "annual_return_rescaled_3_0_bps": [
            0.018377090246259442,
            -0.4002907883079656
        ],
        "annual_volatility_rescaled_3_0_bps": [
            0.1261711769206228,
            0.17382882307938105
        ],
        "downside_risk_rescaled_3_0_bps": [
            0.08608762619175991,
            0.1428612813363183
        ],
        "max_drawdown_rescaled_3_0_bps": [
            0.15037961561695012,
            0.45104184169601147
        ],
        "sharpe_ratio_years": [
            0.970927538469161,
            -2.585617759914781
        ],
        "sharpe_ratio_years_0_5_bps": [
            0.878609015968806,
            -2.656372227878326
        ],
        "sharpe_ratio_years_1_0_bps": [
            0.7863367680094601,
            -2.727124911182412
        ],
        "sharpe_ratio_years_1_5_bps": [
            0.694113721206262,
            -2.7978737196203323
        ],
        "sharpe_ratio_years_2_0_bps": [
            0.6019427919314281,
            -2.868616561301201
        ],
        "sharpe_ratio_years_2_5_bps": [
            0.5098268858710611,
            -2.939351342956118
        ],
        "sharpe_ratio_years_3_0_bps": [
            0.41776889758627705,
            -3.010075970245148
        ]
    }
}