{
    "ALL": {
        "annual_return": -0.0076990868406820005,
        "annual_volatility": 0.043427648391822005,
        "sharpe_ratio": 0.017432077148087533,
        "downside_risk": 0.0319824774945945,
        "sortino_ratio": 0.0500186176533895,
        "max_drawdown": 0.041209897078884006,
        "calmar_ratio": 0.15315750115275198,
        "perc_pos_return": 0.5010576210474305,
        "profit_loss_ratio": 0.994832985533648,
        "annual_return_0_5_bps": -0.008956023041279002,
        "annual_volatility_0_5_bps": 0.0434251218033935,
        "sharpe_ratio_0_5_bps": -0.009542542943860033,
        "downside_risk_0_5_bps": 0.032021141703798,
        "sortino_ratio_0_5_bps": 0.013355522430599509,
        "max_drawdown_0_5_bps": 0.0417922156183865,
        "calmar_ratio_0_5_bps": 0.1251560673364245,
        "perc_pos_return_0_5_bps": 0.5010576210474305,
        "profit_loss_ratio_0_5_bps": 0.9945396357718015,
        "annual_return_1_0_bps": -0.0102108387852835,
        "annual_volatility_1_0_bps": 0.0434226573974545,
        "sharpe_ratio_1_0_bps": -0.03651943546044653,
        "downside_risk_1_0_bps": 0.032059888191689506,
        "sortino_ratio_1_0_bps": -0.023220414523779986,
        "max_drawdown_1_0_bps": 0.042373900668847005,
        "calmar_ratio_1_0_bps": 0.09768962061029399,
        "perc_pos_return_1_0_bps": 0.5010576210474305,
        "profit_loss_ratio_1_0_bps": 0.990082544931274,
        "annual_return_1_5_bps": -0.011463538091058,
        "annual_volatility_1_5_bps": 0.043420255192086504,
        "sharpe_ratio_1_5_bps": -0.063498491390474,
        "downside_risk_1_5_bps": 0.0320987166469815,
        "sortino_ratio_1_5_bps": -0.05970925116946901,
        "max_drawdown_1_5_bps": 0.04295495295167451,
        "calmar_ratio_1_5_bps": 0.07073679541697903,
        "perc_pos_return_1_5_bps": 0.5010576210474305,
        "profit_loss_ratio_1_5_bps": 0.985645479564604,
        "annual_return_2_0_bps": -0.0127141249690885,
        "annual_volatility_2_0_bps": 0.0434179152050455,
        "sharpe_ratio_2_0_bps": -0.090479601608801,
        "downside_risk_2_0_bps": 0.032137626759243504,
        "sortino_ratio_2_0_bps": -0.09611104779601154,
        "max_drawdown_2_0_bps": 0.0435353731874585,
        "calmar_ratio_2_0_bps": 0.04427754195076955,
        "perc_pos_return_2_0_bps": 0.5010576210474305,
        "profit_loss_ratio_2_0_bps": 0.981228300643495,
        "annual_return_2_5_bps": -0.013962603422021002,
        "annual_volatility_2_5_bps": 0.043415637453764505,
        "sharpe_ratio_2_5_bps": -0.11746265687911303,
        "downside_risk_2_5_bps": 0.0321766192658035,
        "sortino_ratio_2_5_bps": -0.13242584739311347,
        "max_drawdown_2_5_bps": 0.0441151620959785,
        "calmar_ratio_2_5_bps": 0.01829302173818803,
        "perc_pos_return_2_5_bps": 0.4991044960474305,
        "profit_loss_ratio_2_5_bps": 0.9842498069403685,
        "annual_return_3_0_bps": -0.015208977444657504,
        "annual_volatility_3_0_bps": 0.0434134219553515,
        "sharpe_ratio_3_0_bps": -0.14444754785670402,
        "downside_risk_3_0_bps": 0.0322156970661985,
        "sortino_ratio_3_0_bps": -0.168653649653005,
        "max_drawdown_3_0_bps": 0.0446943203961975,
        "calmar_ratio_3_0_bps": -0.007234486876906476,
        "perc_pos_return_3_0_bps": 0.4971282114624505,
        "profit_loss_ratio_3_0_bps": 0.9878769971220496,
        "annual_return_rescaled": -0.0328131305760882,
        "annual_volatility_rescaled": 0.15000000000000044,
        "downside_risk_rescaled": 0.11046814188291741,
        "max_drawdown_rescaled": 0.13669057781102703,
        "annual_return_rescaled_0_5_bps": -0.036894871175870536,
        "annual_volatility_rescaled_0_5_bps": 0.1499999999999997,
        "downside_risk_rescaled_0_5_bps": 0.11060812396372915,
        "max_drawdown_rescaled_0_5_bps": 0.13840490795835658,
        "annual_return_rescaled_1_0_bps": -0.04095368836222257,
        "annual_volatility_rescaled_1_0_bps": 0.150000000000001,
        "downside_risk_rescaled_1_0_bps": 0.11074824796502328,
        "max_drawdown_rescaled_1_0_bps": 0.140112844018526,
        "annual_return_rescaled_1_5_bps": -0.044989710206688294,
        "annual_volatility_rescaled_1_5_bps": 0.1500000000000007,
        "downside_risk_rescaled_1_5_bps": 0.1108885121873889,
        "max_drawdown_rescaled_1_5_bps": 0.14181440344932608,
        "annual_return_rescaled_2_0_bps": -0.049003064217140624,
        "annual_volatility_rescaled_2_0_bps": 0.15000000000000113,
        "downside_risk_rescaled_2_0_bps": 0.11102891493340075,
        "max_drawdown_rescaled_2_0_bps": 0.14350960371937413,
        "annual_return_rescaled_2_5_bps": -0.05299387733829719,
        "annual_volatility_rescaled_2_5_bps": 0.15000000000000124,
        "downside_risk_rescaled_2_5_bps": 0.11116945812463368,
        "max_drawdown_rescaled_2_5_bps": 0.1451984623076372,
        "annual_return_rescaled_3_0_bps": -0.056962275952271935,
        "annual_volatility_rescaled_3_0_bps": 0.15000000000000085,
        "downside_risk_rescaled_3_0_bps": 0.11131015115324658,
        "max_drawdown_rescaled_3_0_bps": 0.14688099670296217,
        "sharpe_ratio_years": 0.08277041766214802,
        "sharpe_ratio_years_0_5_bps": 0.05592726406467549,
        "sharpe_ratio_years_1_0_bps": 0.02908259444953104,
        "sharpe_ratio_years_1_5_bps": 0.002236514917835497,
        "sharpe_ratio_years_2_0_bps": -0.024610868346045478,
        "sharpe_ratio_years_2_5_bps": -0.05145944907715,
        "sharpe_ratio_years_3_0_bps": -0.07830912093258202,
        "sharpe_ratio_years_std": 0.4648212204341601,
        "sharpe_ratio_years_std_0_5_bps": 0.4719603167925195,
        "sharpe_ratio_years_std_1_0_bps": 0.47910314221715805,
        "sharpe_ratio_years_std_1_5_bps": 0.4862496140038645,
        "sharpe_ratio_years_std_2_0_bps": 0.4933996493483415,
        "sharpe_ratio_years_std_2_5_bps": 0.5005531653487181,
        "sharpe_ratio_years_std_3_0_bps": 0.5077100790080801
    },
    "COMB": {
        "annual_return": -0.0076990868406820005,
        "annual_volatility": 0.043427648391822005,
        "sharpe_ratio": 0.017432077148087533,
        "downside_risk": 0.0319824774945945,
        "sortino_ratio": 0.0500186176533895,
        "max_drawdown": 0.041209897078884006,
        "calmar_ratio": 0.15315750115275198,
        "perc_pos_return": 0.5010576210474305,
        "profit_loss_ratio": 0.994832985533648,
        "annual_return_0_5_bps": -0.008956023041279002,
        "annual_volatility_0_5_bps": 0.0434251218033935,
        "sharpe_ratio_0_5_bps": -0.009542542943860033,
        "downside_risk_0_5_bps": 0.032021141703798,
        "sortino_ratio_0_5_bps": 0.013355522430599509,
        "max_drawdown_0_5_bps": 0.0417922156183865,
        "calmar_ratio_0_5_bps": 0.1251560673364245,
        "perc_pos_return_0_5_bps": 0.5010576210474305,
        "profit_loss_ratio_0_5_bps": 0.9945396357718015,
        "annual_return_1_0_bps": -0.0102108387852835,
        "annual_volatility_1_0_bps": 0.0434226573974545,
        "sharpe_ratio_1_0_bps": -0.03651943546044653,
        "downside_risk_1_0_bps": 0.032059888191689506,
        "sortino_ratio_1_0_bps": -0.023220414523779986,
        "max_drawdown_1_0_bps": 0.042373900668847005,
        "calmar_ratio_1_0_bps": 0.09768962061029399,
        "perc_pos_return_1_0_bps": 0.5010576210474305,
        "profit_loss_ratio_1_0_bps": 0.990082544931274,
        "annual_return_1_5_bps": -0.011463538091058,
        "annual_volatility_1_5_bps": 0.043420255192086504,
        "sharpe_ratio_1_5_bps": -0.063498491390474,
        "downside_risk_1_5_bps": 0.0320987166469815,
        "sortino_ratio_1_5_bps": -0.05970925116946901,
        "max_drawdown_1_5_bps": 0.04295495295167451,
        "calmar_ratio_1_5_bps": 0.07073679541697903,
        "perc_pos_return_1_5_bps": 0.5010576210474305,
        "profit_loss_ratio_1_5_bps": 0.985645479564604,
        "annual_return_2_0_bps": -0.0127141249690885,
        "annual_volatility_2_0_bps": 0.0434179152050455,
        "sharpe_ratio_2_0_bps": -0.090479601608801,
        "downside_risk_2_0_bps": 0.032137626759243504,
        "sortino_ratio_2_0_bps": -0.09611104779601154,
        "max_drawdown_2_0_bps": 0.0435353731874585,
        "calmar_ratio_2_0_bps": 0.04427754195076955,
        "perc_pos_return_2_0_bps": 0.5010576210474305,
        "profit_loss_ratio_2_0_bps": 0.981228300643495,
        "annual_return_2_5_bps": -0.013962603422021002,
        "annual_volatility_2_5_bps": 0.043415637453764505,
        "sharpe_ratio_2_5_bps": -0.11746265687911303,
        "downside_risk_2_5_bps": 0.0321766192658035,
        "sortino_ratio_2_5_bps": -0.13242584739311347,
        "max_drawdown_2_5_bps": 0.0441151620959785,
        "calmar_ratio_2_5_bps": 0.01829302173818803,
        "perc_pos_return_2_5_bps": 0.4991044960474305,
        "profit_loss_ratio_2_5_bps": 0.9842498069403685,
        "annual_return_3_0_bps": -0.015208977444657504,
        "annual_volatility_3_0_bps": 0.0434134219553515,
        "sharpe_ratio_3_0_bps": -0.14444754785670402,
        "downside_risk_3_0_bps": 0.0322156970661985,
        "sortino_ratio_3_0_bps": -0.168653649653005,
        "max_drawdown_3_0_bps": 0.0446943203961975,
        "calmar_ratio_3_0_bps": -0.007234486876906476,
        "perc_pos_return_3_0_bps": 0.4971282114624505,
        "profit_loss_ratio_3_0_bps": 0.9878769971220496,
        "annual_return_rescaled": -0.0328131305760882,
        "annual_volatility_rescaled": 0.15000000000000044,
        "downside_risk_rescaled": 0.11046814188291741,
        "max_drawdown_rescaled": 0.13669057781102703,
        "annual_return_rescaled_0_5_bps": -0.036894871175870536,
        "annual_volatility_rescaled_0_5_bps": 0.1499999999999997,
        "downside_risk_rescaled_0_5_bps": 0.11060812396372915,
        "max_drawdown_rescaled_0_5_bps": 0.13840490795835658,
        "annual_return_rescaled_1_0_bps": -0.04095368836222257,
        "annual_volatility_rescaled_1_0_bps": 0.150000000000001,
        "downside_risk_rescaled_1_0_bps": 0.11074824796502328,
        "max_drawdown_rescaled_1_0_bps": 0.140112844018526,
        "annual_return_rescaled_1_5_bps": -0.044989710206688294,
        "annual_volatility_rescaled_1_5_bps": 0.1500000000000007,
        "downside_risk_rescaled_1_5_bps": 0.1108885121873889,
        "max_drawdown_rescaled_1_5_bps": 0.14181440344932608,
        "annual_return_rescaled_2_0_bps": -0.049003064217140624,
        "annual_volatility_rescaled_2_0_bps": 0.15000000000000113,
        "downside_risk_rescaled_2_0_bps": 0.11102891493340075,
        "max_drawdown_rescaled_2_0_bps": 0.14350960371937413,
        "annual_return_rescaled_2_5_bps": -0.05299387733829719,
        "annual_volatility_rescaled_2_5_bps": 0.15000000000000124,
        "downside_risk_rescaled_2_5_bps": 0.11116945812463368,
        "max_drawdown_rescaled_2_5_bps": 0.1451984623076372,
        "annual_return_rescaled_3_0_bps": -0.056962275952271935,
        "annual_volatility_rescaled_3_0_bps": 0.15000000000000085,
        "downside_risk_rescaled_3_0_bps": 0.11131015115324658,
        "max_drawdown_rescaled_3_0_bps": 0.14688099670296217,
        "sharpe_ratio_years": 0.08277041766214802,
        "sharpe_ratio_years_0_5_bps": 0.05592726406467549,
        "sharpe_ratio_years_1_0_bps": 0.02908259444953104,
        "sharpe_ratio_years_1_5_bps": 0.002236514917835497,
        "sharpe_ratio_years_2_0_bps": -0.024610868346045478,
        "sharpe_ratio_years_2_5_bps": -0.05145944907715,
        "sharpe_ratio_years_3_0_bps": -0.07830912093258202,
        "sharpe_ratio_years_std": 0.4648212204341601,
        "sharpe_ratio_years_std_0_5_bps": 0.4719603167925195,
        "sharpe_ratio_years_std_1_0_bps": 0.47910314221715805,
        "sharpe_ratio_years_std_1_5_bps": 0.4862496140038645,
        "sharpe_ratio_years_std_2_0_bps": 0.4933996493483415,
        "sharpe_ratio_years_std_2_5_bps": 0.5005531653487181,
        "sharpe_ratio_years_std_3_0_bps": 0.5077100790080801
    }
}