{
    "ALL": {
        "annual_return": [
            -0.029024380689404,
            0.01362620700804
        ],
        "annual_volatility": [
            0.059187135305304006,
            0.027668161478340003
        ],
        "sharpe_ratio": [
            -0.468090495689201,
            0.5029546499853761
        ],
        "downside_risk": [
            0.044651158136061006,
            0.019313796853128
        ],
        "sortino_ratio": [
            -0.6204751827278671,
            0.720512418034646
        ],
        "max_drawdown": [
            0.06441682048498301,
            0.018002973672785
        ],
        "calmar_ratio": [
            -0.45057145743742705,
            0.756886459742931
        ],
        "perc_pos_return": [
            0.48828125,
            0.513833992094861
        ],
        "profit_loss_ratio": [
            0.9687926837777691,
            1.020873287289527
        ],
        "annual_return_0_5_bps": [
            -0.030986254661966004,
            0.013074208579408001
        ],
        "annual_volatility_0_5_bps": [
            0.059180368536933,
            0.027669875069854
        ],
        "sharpe_ratio_0_5_bps": [
            -0.5023226742048791,
            0.483237588317159
        ],
        "downside_risk_0_5_bps": [
            0.04470926525242001,
            0.019333018155176
        ],
        "sortino_ratio_0_5_bps": [
            -0.664910076604156,
            0.691621121465355
        ],
        "max_drawdown_0_5_bps": [
            0.065509125891146,
            0.018075305345627003
        ],
        "calmar_ratio_0_5_bps": [
            -0.47300668785376404,
            0.7233188225266131
        ],
        "perc_pos_return_0_5_bps": [
            0.48828125,
            0.513833992094861
        ],
        "profit_loss_ratio_0_5_bps": [
            0.9632288323189021,
            1.025850439224701
        ],
        "annual_return_1_0_bps": [
            -0.032944186823567,
            0.012522509253
        ],
        "annual_volatility_1_0_bps": [
            0.059173715082151,
            0.027671599712758004
        ],
        "sharpe_ratio_1_0_bps": [
            -0.5365616544481271,
            0.46352278352723403
        ],
        "downside_risk_1_0_bps": [
            0.044767516299080004,
            0.019352260084299
        ],
        "sortino_ratio_1_0_bps": [
            -0.7092273391314611,
            0.6627865100839011
        ],
        "max_drawdown_1_0_bps": [
            0.06660016938531,
            0.018147631952384002
        ],
        "calmar_ratio_1_0_bps": [
            -0.49465620174283703,
            0.690035442963425
        ],
        "perc_pos_return_1_0_bps": [
            0.48828125,
            0.513833992094861
        ],
        "profit_loss_ratio_1_0_bps": [
            0.9576935785515781,
            1.02247151131097
        ],
        "annual_return_1_5_bps": [
            -0.034898185049669,
            0.011971108867553001
        ],
        "annual_volatility_1_5_bps": [
            0.059167174979186006,
            0.027673335404987003
        ],
        "sharpe_ratio_1_5_bps": [
            -0.570807241627146,
            0.443810258846198
        ],
        "downside_risk_1_5_bps": [
            0.044825910714932006,
            0.019371522579031002
        ],
        "sortino_ratio_1_5_bps": [
            -0.753427011433592,
            0.634008509094654
        ],
        "max_drawdown_1_5_bps": [
            0.06768995240995801,
            0.018219953493391002
        ],
        "calmar_ratio_1_5_bps": [
            -0.515559308393533,
            0.6570328992274911
        ],
        "perc_pos_return_1_5_bps": [
            0.48828125,
            0.513833992094861
        ],
        "profit_loss_ratio_1_5_bps": [
            0.952186702556673,
            1.019104256572535
        ],
        "annual_return_2_0_bps": [
            -0.036848257200080003,
            0.011420007261903
        ],
        "annual_volatility_2_0_bps": [
            0.05916074826563,
            0.027675082144461002
        ],
        "sharpe_ratio_2_0_bps": [
            -0.605059240705286,
            0.42410003748768405
        ],
        "downside_risk_2_0_bps": [
            0.044884447940406004,
            0.019390805578081
        ],
        "sortino_ratio_2_0_bps": [
            -0.7975091388599761,
            0.605287043267953
        ],
        "max_drawdown_2_0_bps": [
            0.06877847640593,
            0.018292269968987
        ],
        "calmar_ratio_2_0_bps": [
            -0.535752740182873,
            0.6243078240844121
        ],
        "perc_pos_return_2_0_bps": [
            0.48828125,
            0.513833992094861
        ],
        "profit_loss_ratio_2_0_bps": [
            0.9467079866642271,
            1.015748614622763
        ],
        "annual_return_2_5_bps": [
            -0.038794411119001004,
            0.010869204274959
        ],
        "annual_volatility_2_5_bps": [
            0.05915443497844,
            0.027676839929089002
        ],
        "sharpe_ratio_2_5_bps": [
            -0.6393174564064571,
            0.40439214264823103
        ],
        "downside_risk_2_5_bps": [
            0.044943129511266,
            0.019410109020341
        ],
        "sortino_ratio_2_5_bps": [
            -0.841473731732403,
            0.5766220369461761
        ],
        "max_drawdown_2_5_bps": [
            0.06986574281245,
            0.018364581379507
        ],
        "calmar_ratio_2_5_bps": [
            -0.555270860329109,
            0.5918569038054851
        ],
        "perc_pos_return_2_5_bps": [
            0.484375,
            0.513833992094861
        ],
        "profit_loss_ratio_2_5_bps": [
            0.9560950883899181,
            1.012404525490819
        ],
        "annual_return_3_0_bps": [
            -0.040736654635046006,
            0.010318699745731
        ],
        "annual_volatility_3_0_bps": [
            0.059148235153936,
            0.027678608756767004
        ],
        "sharpe_ratio_3_0_bps": [
            -0.673581693220561,
            0.384686597507153
        ],
        "downside_risk_3_0_bps": [
            0.045001961248775,
            0.019429432883622002
        ],
        "sortino_ratio_3_0_bps": [
            -0.885320712262975,
            0.548013412956965
        ],
        "max_drawdown_3_0_bps": [
            0.07095175306710601,
            0.018436887725289
        ],
        "calmar_ratio_3_0_bps": [
            -0.574145850864572,
            0.5596768771107591
        ],
        "perc_pos_return_3_0_bps": [
            0.484375,
            0.509881422924901
        ],
        "profit_loss_ratio_3_0_bps": [
            0.9505928580167371,
            1.025161136227362
        ],
        "annual_return_rescaled": [
            -0.11009949312339085,
            0.044473231971214444
        ],
        "annual_volatility_rescaled": [
            0.2044335952915075,
            0.09556640470849337
        ],
        "downside_risk_rescaled": [
            0.15422602808192803,
            0.06671025568390679
        ],
        "max_drawdown_rescaled": [
            0.21222021683740605,
            0.061160938784648004
        ],
        "annual_return_rescaled_0_5_bps": [
            -0.11630167428017035,
            0.04251193192842928
        ],
        "annual_volatility_rescaled_0_5_bps": [
            0.20442211586027711,
            0.09557788413972228
        ],
        "downside_risk_rescaled_0_5_bps": [
            0.15443571622495744,
            0.06678053170250085
        ],
        "max_drawdown_rescaled_0_5_bps": [
            0.21540600245579627,
            0.06140381346091691
        ],
        "annual_return_rescaled_1_0_bps": [
            -0.1224613929384113,
            0.04055401621396615
        ],
        "annual_volatility_rescaled_1_0_bps": [
            0.20441073380375488,
            0.09558926619624712
        ],
        "downside_risk_rescaled_1_0_bps": [
            0.1546457045085353,
            0.06685079142151126
        ],
        "max_drawdown_rescaled_1_0_bps": [
            0.2185791175719791,
            0.06164657046507293
        ],
        "annual_return_rescaled_1_5_bps": [
            -0.12857890833112462,
            0.03859948791774803
        ],
        "annual_volatility_rescaled_1_5_bps": [
            0.2043994492343631,
            0.09560055076563828
        ],
        "downside_risk_rescaled_1_5_bps": [
            0.1548559900786865,
            0.06692103429609131
        ],
        "max_drawdown_rescaled_1_5_bps": [
            0.2217395981227834,
            0.061889208775868745
        ],
        "annual_return_rescaled_2_0_bps": [
            -0.1346544785163004,
            0.036648350082019165
        ],
        "annual_volatility_rescaled_2_0_bps": [
            0.2043882622630702,
            0.09561173773693207
        ],
        "downside_risk_rescaled_2_0_bps": [
            0.15506657008438277,
            0.06699125978241875
        ],
        "max_drawdown_rescaled_2_0_bps": [
            0.22488748006534703,
            0.06213172737340122
        ],
        "annual_return_rescaled_2_5_bps": [
            -0.14068836037793297,
            0.034700605701338594
        ],
        "annual_volatility_rescaled_2_5_bps": [
            0.20437717299937277,
            0.09562282700062968
        ],
        "downside_risk_rescaled_2_5_bps": [
            0.15527744891156425,
            0.0670614673377031
        ],
        "max_drawdown_rescaled_2_5_bps": [
            0.22802279937613945,
            0.062374125239134943
        ],
        "annual_return_rescaled_3_0_bps": [
            -0.14668080962712027,
            0.0327562577225764
        ],
        "annual_volatility_rescaled_3_0_bps": [
            0.20436618155129865,
            0.09563381844870303
        ],
        "downside_risk_rescaled_3_0_bps": [
            0.1554886457524272,
            0.06713165655406593
        ],
        "max_drawdown_rescaled_3_0_bps": [
            0.2311455920499942,
            0.06261640135593016
        ],
        "sharpe_ratio_years": [
            -0.38205080277201203,
            0.5475916380963081
        ],
        "sharpe_ratio_years_0_5_bps": [
            -0.416033052727844,
            0.527887580857195
        ],
        "sharpe_ratio_years_1_0_bps": [
            -0.450020547767627,
            0.5081857366666891
        ],
        "sharpe_ratio_years_1_5_bps": [
            -0.484013099086029,
            0.4884861289217
        ],
        "sharpe_ratio_years_2_0_bps": [
            -0.518010517694387,
            0.46878878100229604
        ],
        "sharpe_ratio_years_2_5_bps": [
            -0.552012614425868,
            0.449093716271568
        ],
        "sharpe_ratio_years_3_0_bps": [
            -0.5860191999406621,
            0.42940095807549805
        ]
    },
    "COMB": {
        "annual_return": [
            -0.029024380689404,
            0.01362620700804
        ],
        "annual_volatility": [
            0.059187135305304006,
            0.027668161478340003
        ],
        "sharpe_ratio": [
            -0.468090495689201,
            0.5029546499853761
        ],
        "downside_risk": [
            0.044651158136061006,
            0.019313796853128
        ],
        "sortino_ratio": [
            -0.6204751827278671,
            0.720512418034646
        ],
        "max_drawdown": [
            0.06441682048498301,
            0.018002973672785
        ],
        "calmar_ratio": [
            -0.45057145743742705,
            0.756886459742931
        ],
        "perc_pos_return": [
            0.48828125,
            0.513833992094861
        ],
        "profit_loss_ratio": [
            0.9687926837777691,
            1.020873287289527
        ],
        "annual_return_0_5_bps": [
            -0.030986254661966004,
            0.013074208579408001
        ],
        "annual_volatility_0_5_bps": [
            0.059180368536933,
            0.027669875069854
        ],
        "sharpe_ratio_0_5_bps": [
            -0.5023226742048791,
            0.483237588317159
        ],
        "downside_risk_0_5_bps": [
            0.04470926525242001,
            0.019333018155176
        ],
        "sortino_ratio_0_5_bps": [
            -0.664910076604156,
            0.691621121465355
        ],
        "max_drawdown_0_5_bps": [
            0.065509125891146,
            0.018075305345627003
        ],
        "calmar_ratio_0_5_bps": [
            -0.47300668785376404,
            0.7233188225266131
        ],
        "perc_pos_return_0_5_bps": [
            0.48828125,
            0.513833992094861
        ],
        "profit_loss_ratio_0_5_bps": [
            0.9632288323189021,
            1.025850439224701
        ],
        "annual_return_1_0_bps": [
            -0.032944186823567,
            0.012522509253
        ],
        "annual_volatility_1_0_bps": [
            0.059173715082151,
            0.027671599712758004
        ],
        "sharpe_ratio_1_0_bps": [
            -0.5365616544481271,
            0.46352278352723403
        ],
        "downside_risk_1_0_bps": [
            0.044767516299080004,
            0.019352260084299
        ],
        "sortino_ratio_1_0_bps": [
            -0.7092273391314611,
            0.6627865100839011
        ],
        "max_drawdown_1_0_bps": [
            0.06660016938531,
            0.018147631952384002
        ],
        "calmar_ratio_1_0_bps": [
            -0.49465620174283703,
            0.690035442963425
        ],
        "perc_pos_return_1_0_bps": [
            0.48828125,
            0.513833992094861
        ],
        "profit_loss_ratio_1_0_bps": [
            0.9576935785515781,
            1.02247151131097
        ],
        "annual_return_1_5_bps": [
            -0.034898185049669,
            0.011971108867553001
        ],
        "annual_volatility_1_5_bps": [
            0.059167174979186006,
            0.027673335404987003
        ],
        "sharpe_ratio_1_5_bps": [
            -0.570807241627146,
            0.443810258846198
        ],
        "downside_risk_1_5_bps": [
            0.044825910714932006,
            0.019371522579031002
        ],
        "sortino_ratio_1_5_bps": [
            -0.753427011433592,
            0.634008509094654
        ],
        "max_drawdown_1_5_bps": [
            0.06768995240995801,
            0.018219953493391002
        ],
        "calmar_ratio_1_5_bps": [
            -0.515559308393533,
            0.6570328992274911
        ],
        "perc_pos_return_1_5_bps": [
            0.48828125,
            0.513833992094861
        ],
        "profit_loss_ratio_1_5_bps": [
            0.952186702556673,
            1.019104256572535
        ],
        "annual_return_2_0_bps": [
            -0.036848257200080003,
            0.011420007261903
        ],
        "annual_volatility_2_0_bps": [
            0.05916074826563,
            0.027675082144461002
        ],
        "sharpe_ratio_2_0_bps": [
            -0.605059240705286,
            0.42410003748768405
        ],
        "downside_risk_2_0_bps": [
            0.044884447940406004,
            0.019390805578081
        ],
        "sortino_ratio_2_0_bps": [
            -0.7975091388599761,
            0.605287043267953
        ],
        "max_drawdown_2_0_bps": [
            0.06877847640593,
            0.018292269968987
        ],
        "calmar_ratio_2_0_bps": [
            -0.535752740182873,
            0.6243078240844121
        ],
        "perc_pos_return_2_0_bps": [
            0.48828125,
            0.513833992094861
        ],
        "profit_loss_ratio_2_0_bps": [
            0.9467079866642271,
            1.015748614622763
        ],
        "annual_return_2_5_bps": [
            -0.038794411119001004,
            0.010869204274959
        ],
        "annual_volatility_2_5_bps": [
            0.05915443497844,
            0.027676839929089002
        ],
        "sharpe_ratio_2_5_bps": [
            -0.6393174564064571,
            0.40439214264823103
        ],
        "downside_risk_2_5_bps": [
            0.044943129511266,
            0.019410109020341
        ],
        "sortino_ratio_2_5_bps": [
            -0.841473731732403,
            0.5766220369461761
        ],
        "max_drawdown_2_5_bps": [
            0.06986574281245,
            0.018364581379507
        ],
        "calmar_ratio_2_5_bps": [
            -0.555270860329109,
            0.5918569038054851
        ],
        "perc_pos_return_2_5_bps": [
            0.484375,
            0.513833992094861
        ],
        "profit_loss_ratio_2_5_bps": [
            0.9560950883899181,
            1.012404525490819
        ],
        "annual_return_3_0_bps": [
            -0.040736654635046006,
            0.010318699745731
        ],
        "annual_volatility_3_0_bps": [
            0.059148235153936,
            0.027678608756767004
        ],
        "sharpe_ratio_3_0_bps": [
            -0.673581693220561,
            0.384686597507153
        ],
        "downside_risk_3_0_bps": [
            0.045001961248775,
            0.019429432883622002
        ],
        "sortino_ratio_3_0_bps": [
            -0.885320712262975,
            0.548013412956965
        ],
        "max_drawdown_3_0_bps": [
            0.07095175306710601,
            0.018436887725289
        ],
        "calmar_ratio_3_0_bps": [
            -0.574145850864572,
            0.5596768771107591
        ],
        "perc_pos_return_3_0_bps": [
            0.484375,
            0.509881422924901
        ],
        "profit_loss_ratio_3_0_bps": [
            0.9505928580167371,
            1.025161136227362
        ],
        "annual_return_rescaled": [
            -0.11009949312339085,
            0.044473231971214444
        ],
        "annual_volatility_rescaled": [
            0.2044335952915075,
            0.09556640470849337
        ],
        "downside_risk_rescaled": [
            0.15422602808192803,
            0.06671025568390679
        ],
        "max_drawdown_rescaled": [
            0.21222021683740605,
            0.061160938784648004
        ],
        "annual_return_rescaled_0_5_bps": [
            -0.11630167428017035,
            0.04251193192842928
        ],
        "annual_volatility_rescaled_0_5_bps": [
            0.20442211586027711,
            0.09557788413972228
        ],
        "downside_risk_rescaled_0_5_bps": [
            0.15443571622495744,
            0.06678053170250085
        ],
        "max_drawdown_rescaled_0_5_bps": [
            0.21540600245579627,
            0.06140381346091691
        ],
        "annual_return_rescaled_1_0_bps": [
            -0.1224613929384113,
            0.04055401621396615
        ],
        "annual_volatility_rescaled_1_0_bps": [
            0.20441073380375488,
            0.09558926619624712
        ],
        "downside_risk_rescaled_1_0_bps": [
            0.1546457045085353,
            0.06685079142151126
        ],
        "max_drawdown_rescaled_1_0_bps": [
            0.2185791175719791,
            0.06164657046507293
        ],
        "annual_return_rescaled_1_5_bps": [
            -0.12857890833112462,
            0.03859948791774803
        ],
        "annual_volatility_rescaled_1_5_bps": [
            0.2043994492343631,
            0.09560055076563828
        ],
        "downside_risk_rescaled_1_5_bps": [
            0.1548559900786865,
            0.06692103429609131
        ],
        "max_drawdown_rescaled_1_5_bps": [
            0.2217395981227834,
            0.061889208775868745
        ],
        "annual_return_rescaled_2_0_bps": [
            -0.1346544785163004,
            0.036648350082019165
        ],
        "annual_volatility_rescaled_2_0_bps": [
            0.2043882622630702,
            0.09561173773693207
        ],
        "downside_risk_rescaled_2_0_bps": [
            0.15506657008438277,
            0.06699125978241875
        ],
        "max_drawdown_rescaled_2_0_bps": [
            0.22488748006534703,
            0.06213172737340122
        ],
        "annual_return_rescaled_2_5_bps": [
            -0.14068836037793297,
            0.034700605701338594
        ],
        "annual_volatility_rescaled_2_5_bps": [
            0.20437717299937277,
            0.09562282700062968
        ],
        "downside_risk_rescaled_2_5_bps": [
            0.15527744891156425,
            0.0670614673377031
        ],
        "max_drawdown_rescaled_2_5_bps": [
            0.22802279937613945,
            0.062374125239134943
        ],
        "annual_return_rescaled_3_0_bps": [
            -0.14668080962712027,
            0.0327562577225764
        ],
        "annual_volatility_rescaled_3_0_bps": [
            0.20436618155129865,
            0.09563381844870303
        ],
        "downside_risk_rescaled_3_0_bps": [
            0.1554886457524272,
            0.06713165655406593
        ],
        "max_drawdown_rescaled_3_0_bps": [
            0.2311455920499942,
            0.06261640135593016
        ],
        "sharpe_ratio_years": [
            -0.38205080277201203,
            0.5475916380963081
        ],
        "sharpe_ratio_years_0_5_bps": [
            -0.416033052727844,
            0.527887580857195
        ],
        "sharpe_ratio_years_1_0_bps": [
            -0.450020547767627,
            0.5081857366666891
        ],
        "sharpe_ratio_years_1_5_bps": [
            -0.484013099086029,
            0.4884861289217
        ],
        "sharpe_ratio_years_2_0_bps": [
            -0.518010517694387,
            0.46878878100229604
        ],
        "sharpe_ratio_years_2_5_bps": [
            -0.552012614425868,
            0.449093716271568
        ],
        "sharpe_ratio_years_3_0_bps": [
            -0.5860191999406621,
            0.42940095807549805
        ]
    }
}