{
    "ALL": {
        "annual_return": 0.0394973472002205,
        "annual_volatility": 0.0450317221730665,
        "sharpe_ratio": 0.670572459691658,
        "downside_risk": 0.0282870574669195,
        "sortino_ratio": 1.062172105753167,
        "max_drawdown": 0.032047080465748,
        "calmar_ratio": 1.09637492996814,
        "perc_pos_return": 0.49889605978260854,
        "profit_loss_ratio": 1.113050442947293,
        "annual_return_0_5_bps": 0.037141628543754,
        "annual_volatility_0_5_bps": 0.045023014437954506,
        "sharpe_ratio_0_5_bps": 0.6206947729079035,
        "downside_risk_0_5_bps": 0.0283626442662705,
        "sortino_ratio_0_5_bps": 0.980407321536926,
        "max_drawdown_0_5_bps": 0.03223175914644601,
        "calmar_ratio_0_5_bps": 1.021877121100424,
        "perc_pos_return_0_5_bps": 0.49889605978260854,
        "profit_loss_ratio_0_5_bps": 1.105934806452322,
        "annual_return_1_0_bps": 0.0347914089897375,
        "annual_volatility_1_0_bps": 0.0450146063356985,
        "sharpe_ratio_1_0_bps": 0.5707994752859901,
        "downside_risk_1_0_bps": 0.028438559598338006,
        "sortino_ratio_1_0_bps": 0.8990881430684534,
        "max_drawdown_1_0_bps": 0.0324163984869045,
        "calmar_ratio_1_0_bps": 0.948338816918552,
        "perc_pos_return_1_0_bps": 0.49889605978260854,
        "profit_loss_ratio_1_0_bps": 1.0950300275653495,
        "annual_return_1_5_bps": 0.032446675363159504,
        "annual_volatility_1_5_bps": 0.045006497978350005,
        "sharpe_ratio_1_5_bps": 0.520887674090161,
        "downside_risk_1_5_bps": 0.028514800759175,
        "sortino_ratio_1_5_bps": 0.818213737156466,
        "max_drawdown_1_5_bps": 0.032755610461551,
        "calmar_ratio_1_5_bps": 0.8782767995652909,
        "perc_pos_return_1_5_bps": 0.496919775197628,
        "profit_loss_ratio_1_5_bps": 1.0921714766922945,
        "annual_return_2_0_bps": 0.030107414521245005,
        "annual_volatility_2_0_bps": 0.0449986894702155,
        "sharpe_ratio_2_0_bps": 0.47096047779351,
        "downside_risk_2_0_bps": 0.028591365293461,
        "sortino_ratio_2_0_bps": 0.7377832196655145,
        "max_drawdown_2_0_bps": 0.033621851211196,
        "calmar_ratio_2_0_bps": 0.8185346413205581,
        "perc_pos_return_2_0_bps": 0.492967206027668,
        "profit_loss_ratio_2_0_bps": 1.0974741871777005,
        "annual_return_2_5_bps": 0.027773613353366505,
        "annual_volatility_2_5_bps": 0.04499118090785001,
        "sharpe_ratio_2_5_bps": 0.4210189959222539,
        "downside_risk_2_5_bps": 0.0286682513478115,
        "sortino_ratio_2_5_bps": 0.6577956733061089,
        "max_drawdown_2_5_bps": 0.034486738501663505,
        "calmar_ratio_2_5_bps": 0.760720404842308,
        "perc_pos_return_2_5_bps": 0.492967206027668,
        "profit_loss_ratio_2_5_bps": 1.0866161412093711,
        "annual_return_3_0_bps": 0.025445258780974006,
        "annual_volatility_3_0_bps": 0.044983972380054,
        "sharpe_ratio_3_0_bps": 0.371064338899814,
        "downside_risk_3_0_bps": 0.028745456364716003,
        "sortino_ratio_3_0_bps": 0.5782501095357314,
        "max_drawdown_3_0_bps": 0.0353502745481365,
        "calmar_ratio_3_0_bps": 0.7046106713836869,
        "perc_pos_return_3_0_bps": 0.4890146368577075,
        "profit_loss_ratio_3_0_bps": 1.0921095762890651,
        "annual_return_rescaled": 0.1375568375109471,
        "annual_volatility_rescaled": 0.1500000000000012,
        "downside_risk_rescaled": 0.09422376971795576,
        "max_drawdown_rescaled": 0.10352584959291036,
        "annual_return_rescaled_0_5_bps": 0.12885543323321447,
        "annual_volatility_rescaled_0_5_bps": 0.1500000000000001,
        "downside_risk_rescaled_0_5_bps": 0.09449382039497911,
        "max_drawdown_rescaled_0_5_bps": 0.10411789130601544,
        "annual_return_rescaled_1_0_bps": 0.12021818999779527,
        "annual_volatility_rescaled_1_0_bps": 0.1500000000000024,
        "downside_risk_rescaled_1_0_bps": 0.09476443952299485,
        "max_drawdown_rescaled_1_0_bps": 0.10470906431173602,
        "annual_return_rescaled_1_5_bps": 0.1116448291848019,
        "annual_volatility_rescaled_1_5_bps": 0.15000000000000166,
        "downside_risk_rescaled_1_5_bps": 0.09503561276715773,
        "max_drawdown_rescaled_1_5_bps": 0.10680835841621189,
        "annual_return_rescaled_2_0_bps": 0.10313507012123224,
        "annual_volatility_rescaled_2_0_bps": 0.14999999999999997,
        "downside_risk_rescaled_2_0_bps": 0.09530732660243019,
        "max_drawdown_rescaled_2_0_bps": 0.10950064805728417,
        "annual_return_rescaled_2_5_bps": 0.09468863013189144,
        "annual_volatility_rescaled_2_5_bps": 0.1500000000000015,
        "downside_risk_rescaled_2_5_bps": 0.09557956949339533,
        "max_drawdown_rescaled_2_5_bps": 0.11217913089080052,
        "annual_return_rescaled_3_0_bps": 0.08630522459032458,
        "annual_volatility_rescaled_3_0_bps": 0.15000000000000024,
        "downside_risk_rescaled_3_0_bps": 0.095852327541872,
        "max_drawdown_rescaled_3_0_bps": 0.11484382213017441,
        "sharpe_ratio_years": 0.7399237833581584,
        "sharpe_ratio_years_0_5_bps": 0.690160050477779,
        "sharpe_ratio_years_1_0_bps": 0.640376992039035,
        "sharpe_ratio_years_1_5_bps": 0.590575734389697,
        "sharpe_ratio_years_2_0_bps": 0.5407574054529405,
        "sharpe_ratio_years_2_5_bps": 0.49092313456387354,
        "sharpe_ratio_years_3_0_bps": 0.441074052305711,
        "sharpe_ratio_years_std": 0.9956006071997665,
        "sharpe_ratio_years_std_0_5_bps": 0.996933012090063,
        "sharpe_ratio_years_std_1_0_bps": 0.9982521158210491,
        "sharpe_ratio_years_std_1_5_bps": 0.999557280041408,
        "sharpe_ratio_years_std_2_0_bps": 1.0008478666649494,
        "sharpe_ratio_years_std_2_5_bps": 1.0021232380116425,
        "sharpe_ratio_years_std_3_0_bps": 1.003382756948783
    },
    "COMB": {
        "annual_return": 0.0394973472002205,
        "annual_volatility": 0.0450317221730665,
        "sharpe_ratio": 0.670572459691658,
        "downside_risk": 0.0282870574669195,
        "sortino_ratio": 1.062172105753167,
        "max_drawdown": 0.032047080465748,
        "calmar_ratio": 1.09637492996814,
        "perc_pos_return": 0.49889605978260854,
        "profit_loss_ratio": 1.113050442947293,
        "annual_return_0_5_bps": 0.037141628543754,
        "annual_volatility_0_5_bps": 0.045023014437954506,
        "sharpe_ratio_0_5_bps": 0.6206947729079035,
        "downside_risk_0_5_bps": 0.0283626442662705,
        "sortino_ratio_0_5_bps": 0.980407321536926,
        "max_drawdown_0_5_bps": 0.03223175914644601,
        "calmar_ratio_0_5_bps": 1.021877121100424,
        "perc_pos_return_0_5_bps": 0.49889605978260854,
        "profit_loss_ratio_0_5_bps": 1.105934806452322,
        "annual_return_1_0_bps": 0.0347914089897375,
        "annual_volatility_1_0_bps": 0.0450146063356985,
        "sharpe_ratio_1_0_bps": 0.5707994752859901,
        "downside_risk_1_0_bps": 0.028438559598338006,
        "sortino_ratio_1_0_bps": 0.8990881430684534,
        "max_drawdown_1_0_bps": 0.0324163984869045,
        "calmar_ratio_1_0_bps": 0.948338816918552,
        "perc_pos_return_1_0_bps": 0.49889605978260854,
        "profit_loss_ratio_1_0_bps": 1.0950300275653495,
        "annual_return_1_5_bps": 0.032446675363159504,
        "annual_volatility_1_5_bps": 0.045006497978350005,
        "sharpe_ratio_1_5_bps": 0.520887674090161,
        "downside_risk_1_5_bps": 0.028514800759175,
        "sortino_ratio_1_5_bps": 0.818213737156466,
        "max_drawdown_1_5_bps": 0.032755610461551,
        "calmar_ratio_1_5_bps": 0.8782767995652909,
        "perc_pos_return_1_5_bps": 0.496919775197628,
        "profit_loss_ratio_1_5_bps": 1.0921714766922945,
        "annual_return_2_0_bps": 0.030107414521245005,
        "annual_volatility_2_0_bps": 0.0449986894702155,
        "sharpe_ratio_2_0_bps": 0.47096047779351,
        "downside_risk_2_0_bps": 0.028591365293461,
        "sortino_ratio_2_0_bps": 0.7377832196655145,
        "max_drawdown_2_0_bps": 0.033621851211196,
        "calmar_ratio_2_0_bps": 0.8185346413205581,
        "perc_pos_return_2_0_bps": 0.492967206027668,
        "profit_loss_ratio_2_0_bps": 1.0974741871777005,
        "annual_return_2_5_bps": 0.027773613353366505,
        "annual_volatility_2_5_bps": 0.04499118090785001,
        "sharpe_ratio_2_5_bps": 0.4210189959222539,
        "downside_risk_2_5_bps": 0.0286682513478115,
        "sortino_ratio_2_5_bps": 0.6577956733061089,
        "max_drawdown_2_5_bps": 0.034486738501663505,
        "calmar_ratio_2_5_bps": 0.760720404842308,
        "perc_pos_return_2_5_bps": 0.492967206027668,
        "profit_loss_ratio_2_5_bps": 1.0866161412093711,
        "annual_return_3_0_bps": 0.025445258780974006,
        "annual_volatility_3_0_bps": 0.044983972380054,
        "sharpe_ratio_3_0_bps": 0.371064338899814,
        "downside_risk_3_0_bps": 0.028745456364716003,
        "sortino_ratio_3_0_bps": 0.5782501095357314,
        "max_drawdown_3_0_bps": 0.0353502745481365,
        "calmar_ratio_3_0_bps": 0.7046106713836869,
        "perc_pos_return_3_0_bps": 0.4890146368577075,
        "profit_loss_ratio_3_0_bps": 1.0921095762890651,
        "annual_return_rescaled": 0.1375568375109471,
        "annual_volatility_rescaled": 0.1500000000000012,
        "downside_risk_rescaled": 0.09422376971795576,
        "max_drawdown_rescaled": 0.10352584959291036,
        "annual_return_rescaled_0_5_bps": 0.12885543323321447,
        "annual_volatility_rescaled_0_5_bps": 0.1500000000000001,
        "downside_risk_rescaled_0_5_bps": 0.09449382039497911,
        "max_drawdown_rescaled_0_5_bps": 0.10411789130601544,
        "annual_return_rescaled_1_0_bps": 0.12021818999779527,
        "annual_volatility_rescaled_1_0_bps": 0.1500000000000024,
        "downside_risk_rescaled_1_0_bps": 0.09476443952299485,
        "max_drawdown_rescaled_1_0_bps": 0.10470906431173602,
        "annual_return_rescaled_1_5_bps": 0.1116448291848019,
        "annual_volatility_rescaled_1_5_bps": 0.15000000000000166,
        "downside_risk_rescaled_1_5_bps": 0.09503561276715773,
        "max_drawdown_rescaled_1_5_bps": 0.10680835841621189,
        "annual_return_rescaled_2_0_bps": 0.10313507012123224,
        "annual_volatility_rescaled_2_0_bps": 0.14999999999999997,
        "downside_risk_rescaled_2_0_bps": 0.09530732660243019,
        "max_drawdown_rescaled_2_0_bps": 0.10950064805728417,
        "annual_return_rescaled_2_5_bps": 0.09468863013189144,
        "annual_volatility_rescaled_2_5_bps": 0.1500000000000015,
        "downside_risk_rescaled_2_5_bps": 0.09557956949339533,
        "max_drawdown_rescaled_2_5_bps": 0.11217913089080052,
        "annual_return_rescaled_3_0_bps": 0.08630522459032458,
        "annual_volatility_rescaled_3_0_bps": 0.15000000000000024,
        "downside_risk_rescaled_3_0_bps": 0.095852327541872,
        "max_drawdown_rescaled_3_0_bps": 0.11484382213017441,
        "sharpe_ratio_years": 0.7399237833581584,
        "sharpe_ratio_years_0_5_bps": 0.690160050477779,
        "sharpe_ratio_years_1_0_bps": 0.640376992039035,
        "sharpe_ratio_years_1_5_bps": 0.590575734389697,
        "sharpe_ratio_years_2_0_bps": 0.5407574054529405,
        "sharpe_ratio_years_2_5_bps": 0.49092313456387354,
        "sharpe_ratio_years_3_0_bps": 0.441074052305711,
        "sharpe_ratio_years_std": 0.9956006071997665,
        "sharpe_ratio_years_std_0_5_bps": 0.996933012090063,
        "sharpe_ratio_years_std_1_0_bps": 0.9982521158210491,
        "sharpe_ratio_years_std_1_5_bps": 0.999557280041408,
        "sharpe_ratio_years_std_2_0_bps": 1.0008478666649494,
        "sharpe_ratio_years_std_2_5_bps": 1.0021232380116425,
        "sharpe_ratio_years_std_3_0_bps": 1.003382756948783
    }
}