{
    "ALL": {
        "annual_return": 0.046033513263366,
        "annual_volatility": 0.0829906684648375,
        "sharpe_ratio": 0.3481786706197355,
        "downside_risk": 0.05826518180088851,
        "sortino_ratio": 0.5096124551532726,
        "max_drawdown": 0.0708370697897305,
        "calmar_ratio": 0.4966684849132714,
        "perc_pos_return": 0.5225419960474305,
        "profit_loss_ratio": 0.9791980641844591,
        "annual_return_0_5_bps": 0.04428207314502851,
        "annual_volatility_0_5_bps": 0.08298023410837702,
        "sharpe_ratio_0_5_bps": 0.32987386486144354,
        "downside_risk_0_5_bps": 0.0583063486719535,
        "sortino_ratio_0_5_bps": 0.48313483588938855,
        "max_drawdown_0_5_bps": 0.071288976797963,
        "calmar_ratio_0_5_bps": 0.47360367200809506,
        "perc_pos_return_0_5_bps": 0.5225419960474305,
        "profit_loss_ratio_0_5_bps": 0.983649712363406,
        "annual_return_1_0_bps": 0.042534264287491005,
        "annual_volatility_1_0_bps": 0.0829699457559605,
        "sharpe_ratio_1_0_bps": 0.31156320779654006,
        "downside_risk_1_0_bps": 0.058347663371245,
        "sortino_ratio_1_0_bps": 0.45669196793014905,
        "max_drawdown_1_0_bps": 0.07174062954655751,
        "calmar_ratio_1_0_bps": 0.45080283643719243,
        "perc_pos_return_1_0_bps": 0.5225419960474305,
        "profit_loss_ratio_1_0_bps": 0.9800040160315835,
        "annual_return_1_5_bps": 0.04079007840219,
        "annual_volatility_1_5_bps": 0.08295980345235701,
        "sharpe_ratio_1_5_bps": 0.293246788037968,
        "downside_risk_1_5_bps": 0.058389125561528005,
        "sortino_ratio_1_5_bps": 0.43028397483640396,
        "max_drawdown_1_5_bps": 0.0721920281932745,
        "calmar_ratio_1_5_bps": 0.4282605362962435,
        "perc_pos_return_1_5_bps": 0.5225419960474305,
        "profit_loss_ratio_1_5_bps": 0.9763724766889015,
        "annual_return_2_0_bps": 0.039049507220065005,
        "annual_volatility_2_0_bps": 0.082949807241497,
        "sharpe_ratio_2_0_bps": 0.2749246943341315,
        "downside_risk_2_0_bps": 0.05843073515589551,
        "sortino_ratio_2_0_bps": 0.4039109745641455,
        "max_drawdown_2_0_bps": 0.072643172895774,
        "calmar_ratio_2_0_bps": 0.405971527472967,
        "perc_pos_return_2_0_bps": 0.5205657114624505,
        "profit_loss_ratio_2_0_bps": 0.9817000228316075,
        "annual_return_2_5_bps": 0.0373125424915115,
        "annual_volatility_2_5_bps": 0.08293995716647,
        "sharpe_ratio_2_5_bps": 0.2565970155664705,
        "downside_risk_2_5_bps": 0.058472494143369004,
        "sortino_ratio_2_5_bps": 0.37757305086876347,
        "max_drawdown_2_5_bps": 0.0730940638116125,
        "calmar_ratio_2_5_bps": 0.3839307533828105,
        "perc_pos_return_2_5_bps": 0.5205657114624505,
        "profit_loss_ratio_2_5_bps": 0.978055154127501,
        "annual_return_3_0_bps": 0.0355791759863425,
        "annual_volatility_3_0_bps": 0.08293025326952701,
        "sharpe_ratio_3_0_bps": 0.23826384074703305,
        "downside_risk_3_0_bps": 0.058514402747574,
        "sortino_ratio_3_0_bps": 0.3512703174471415,
        "max_drawdown_3_0_bps": 0.073544701098243,
        "calmar_ratio_3_0_bps": 0.362133335368102,
        "perc_pos_return_3_0_bps": 0.5205657114624505,
        "profit_loss_ratio_3_0_bps": 0.9744245682043011,
        "annual_return_rescaled": 0.0810054445186747,
        "annual_volatility_rescaled": 0.1500000000000001,
        "downside_risk_rescaled": 0.10531036117435605,
        "max_drawdown_rescaled": 0.1255762473654679,
        "annual_return_rescaled_0_5_bps": 0.07767510834657121,
        "annual_volatility_rescaled_0_5_bps": 0.1499999999999998,
        "downside_risk_rescaled_0_5_bps": 0.10539801911585797,
        "max_drawdown_rescaled_0_5_bps": 0.12636458408026302,
        "annual_return_rescaled_1_0_bps": 0.0743563705999104,
        "annual_volatility_rescaled_1_0_bps": 0.15000000000000024,
        "downside_risk_rescaled_1_0_bps": 0.10548578073594891,
        "max_drawdown_rescaled_1_0_bps": 0.12715209228963673,
        "annual_return_rescaled_1_5_bps": 0.07104920793188041,
        "annual_volatility_rescaled_1_5_bps": 0.15000000000000052,
        "downside_risk_rescaled_1_5_bps": 0.10557364494310917,
        "max_drawdown_rescaled_1_5_bps": 0.1279387685990859,
        "annual_return_rescaled_2_0_bps": 0.06775359689216504,
        "annual_volatility_rescaled_2_0_bps": 0.15,
        "downside_risk_rescaled_2_0_bps": 0.1056616110977496,
        "max_drawdown_rescaled_2_0_bps": 0.12872460962835622,
        "annual_return_rescaled_2_5_bps": 0.0644695139281195,
        "annual_volatility_rescaled_2_5_bps": 0.1500000000000007,
        "downside_risk_rescaled_2_5_bps": 0.10574968231417389,
        "max_drawdown_rescaled_2_5_bps": 0.12950961201153066,
        "annual_return_rescaled_3_0_bps": 0.06119693538595855,
        "annual_volatility_rescaled_3_0_bps": 0.15000000000000074,
        "downside_risk_rescaled_3_0_bps": 0.10583785851479321,
        "max_drawdown_rescaled_3_0_bps": 0.130293772397109,
        "sharpe_ratio_years": 0.34711450353330753,
        "sharpe_ratio_years_0_5_bps": 0.32896781585128654,
        "sharpe_ratio_years_1_0_bps": 0.31081589033672596,
        "sharpe_ratio_years_1_5_bps": 0.2926588117908385,
        "sharpe_ratio_years_2_0_bps": 0.27449666513000254,
        "sharpe_ratio_years_2_5_bps": 0.2563295353835505,
        "sharpe_ratio_years_3_0_bps": 0.2381575076915435,
        "sharpe_ratio_years_std": 0.6895322007132836,
        "sharpe_ratio_years_std_0_5_bps": 0.6861620705737885,
        "sharpe_ratio_years_std_1_0_bps": 0.6827922539900281,
        "sharpe_ratio_years_std_1_5_bps": 0.6794227987248326,
        "sharpe_ratio_years_std_2_0_bps": 0.6760537525658625,
        "sharpe_ratio_years_std_2_5_bps": 0.6726851633237696,
        "sharpe_ratio_years_std_3_0_bps": 0.6693170788303445
    },
    "COMB": {
        "annual_return": 0.046033513263366,
        "annual_volatility": 0.0829906684648375,
        "sharpe_ratio": 0.3481786706197355,
        "downside_risk": 0.05826518180088851,
        "sortino_ratio": 0.5096124551532726,
        "max_drawdown": 0.0708370697897305,
        "calmar_ratio": 0.4966684849132714,
        "perc_pos_return": 0.5225419960474305,
        "profit_loss_ratio": 0.9791980641844591,
        "annual_return_0_5_bps": 0.04428207314502851,
        "annual_volatility_0_5_bps": 0.08298023410837702,
        "sharpe_ratio_0_5_bps": 0.32987386486144354,
        "downside_risk_0_5_bps": 0.0583063486719535,
        "sortino_ratio_0_5_bps": 0.48313483588938855,
        "max_drawdown_0_5_bps": 0.071288976797963,
        "calmar_ratio_0_5_bps": 0.47360367200809506,
        "perc_pos_return_0_5_bps": 0.5225419960474305,
        "profit_loss_ratio_0_5_bps": 0.983649712363406,
        "annual_return_1_0_bps": 0.042534264287491005,
        "annual_volatility_1_0_bps": 0.0829699457559605,
        "sharpe_ratio_1_0_bps": 0.31156320779654006,
        "downside_risk_1_0_bps": 0.058347663371245,
        "sortino_ratio_1_0_bps": 0.45669196793014905,
        "max_drawdown_1_0_bps": 0.07174062954655751,
        "calmar_ratio_1_0_bps": 0.45080283643719243,
        "perc_pos_return_1_0_bps": 0.5225419960474305,
        "profit_loss_ratio_1_0_bps": 0.9800040160315835,
        "annual_return_1_5_bps": 0.04079007840219,
        "annual_volatility_1_5_bps": 0.08295980345235701,
        "sharpe_ratio_1_5_bps": 0.293246788037968,
        "downside_risk_1_5_bps": 0.058389125561528005,
        "sortino_ratio_1_5_bps": 0.43028397483640396,
        "max_drawdown_1_5_bps": 0.0721920281932745,
        "calmar_ratio_1_5_bps": 0.4282605362962435,
        "perc_pos_return_1_5_bps": 0.5225419960474305,
        "profit_loss_ratio_1_5_bps": 0.9763724766889015,
        "annual_return_2_0_bps": 0.039049507220065005,
        "annual_volatility_2_0_bps": 0.082949807241497,
        "sharpe_ratio_2_0_bps": 0.2749246943341315,
        "downside_risk_2_0_bps": 0.05843073515589551,
        "sortino_ratio_2_0_bps": 0.4039109745641455,
        "max_drawdown_2_0_bps": 0.072643172895774,
        "calmar_ratio_2_0_bps": 0.405971527472967,
        "perc_pos_return_2_0_bps": 0.5205657114624505,
        "profit_loss_ratio_2_0_bps": 0.9817000228316075,
        "annual_return_2_5_bps": 0.0373125424915115,
        "annual_volatility_2_5_bps": 0.08293995716647,
        "sharpe_ratio_2_5_bps": 0.2565970155664705,
        "downside_risk_2_5_bps": 0.058472494143369004,
        "sortino_ratio_2_5_bps": 0.37757305086876347,
        "max_drawdown_2_5_bps": 0.0730940638116125,
        "calmar_ratio_2_5_bps": 0.3839307533828105,
        "perc_pos_return_2_5_bps": 0.5205657114624505,
        "profit_loss_ratio_2_5_bps": 0.978055154127501,
        "annual_return_3_0_bps": 0.0355791759863425,
        "annual_volatility_3_0_bps": 0.08293025326952701,
        "sharpe_ratio_3_0_bps": 0.23826384074703305,
        "downside_risk_3_0_bps": 0.058514402747574,
        "sortino_ratio_3_0_bps": 0.3512703174471415,
        "max_drawdown_3_0_bps": 0.073544701098243,
        "calmar_ratio_3_0_bps": 0.362133335368102,
        "perc_pos_return_3_0_bps": 0.5205657114624505,
        "profit_loss_ratio_3_0_bps": 0.9744245682043011,
        "annual_return_rescaled": 0.0810054445186747,
        "annual_volatility_rescaled": 0.1500000000000001,
        "downside_risk_rescaled": 0.10531036117435605,
        "max_drawdown_rescaled": 0.1255762473654679,
        "annual_return_rescaled_0_5_bps": 0.07767510834657121,
        "annual_volatility_rescaled_0_5_bps": 0.1499999999999998,
        "downside_risk_rescaled_0_5_bps": 0.10539801911585797,
        "max_drawdown_rescaled_0_5_bps": 0.12636458408026302,
        "annual_return_rescaled_1_0_bps": 0.0743563705999104,
        "annual_volatility_rescaled_1_0_bps": 0.15000000000000024,
        "downside_risk_rescaled_1_0_bps": 0.10548578073594891,
        "max_drawdown_rescaled_1_0_bps": 0.12715209228963673,
        "annual_return_rescaled_1_5_bps": 0.07104920793188041,
        "annual_volatility_rescaled_1_5_bps": 0.15000000000000052,
        "downside_risk_rescaled_1_5_bps": 0.10557364494310917,
        "max_drawdown_rescaled_1_5_bps": 0.1279387685990859,
        "annual_return_rescaled_2_0_bps": 0.06775359689216504,
        "annual_volatility_rescaled_2_0_bps": 0.15,
        "downside_risk_rescaled_2_0_bps": 0.1056616110977496,
        "max_drawdown_rescaled_2_0_bps": 0.12872460962835622,
        "annual_return_rescaled_2_5_bps": 0.0644695139281195,
        "annual_volatility_rescaled_2_5_bps": 0.1500000000000007,
        "downside_risk_rescaled_2_5_bps": 0.10574968231417389,
        "max_drawdown_rescaled_2_5_bps": 0.12950961201153066,
        "annual_return_rescaled_3_0_bps": 0.06119693538595855,
        "annual_volatility_rescaled_3_0_bps": 0.15000000000000074,
        "downside_risk_rescaled_3_0_bps": 0.10583785851479321,
        "max_drawdown_rescaled_3_0_bps": 0.130293772397109,
        "sharpe_ratio_years": 0.34711450353330753,
        "sharpe_ratio_years_0_5_bps": 0.32896781585128654,
        "sharpe_ratio_years_1_0_bps": 0.31081589033672596,
        "sharpe_ratio_years_1_5_bps": 0.2926588117908385,
        "sharpe_ratio_years_2_0_bps": 0.27449666513000254,
        "sharpe_ratio_years_2_5_bps": 0.2563295353835505,
        "sharpe_ratio_years_3_0_bps": 0.2381575076915435,
        "sharpe_ratio_years_std": 0.6895322007132836,
        "sharpe_ratio_years_std_0_5_bps": 0.6861620705737885,
        "sharpe_ratio_years_std_1_0_bps": 0.6827922539900281,
        "sharpe_ratio_years_std_1_5_bps": 0.6794227987248326,
        "sharpe_ratio_years_std_2_0_bps": 0.6760537525658625,
        "sharpe_ratio_years_std_2_5_bps": 0.6726851633237696,
        "sharpe_ratio_years_std_3_0_bps": 0.6693170788303445
    }
}