{
    "ALL": {
        "annual_return": [
            0.088292148615497,
            -0.009297454215056001
        ],
        "annual_volatility": [
            0.054324476476563,
            0.03573896786957
        ],
        "sharpe_ratio": [
            1.58477616695946,
            -0.24363124757614402
        ],
        "downside_risk": [
            0.034241882438796,
            0.022332232495043
        ],
        "sortino_ratio": [
            2.514234892210985,
            -0.38989068070465105
        ],
        "max_drawdown": [
            0.035124545646770006,
            0.028969615284726004
        ],
        "calmar_ratio": [
            2.513687991964496,
            -0.320938132028216
        ],
        "perc_pos_return": [
            0.51953125,
            0.478260869565217
        ],
        "profit_loss_ratio": [
            1.203979652471773,
            1.022121233422813
        ],
        "annual_return_0_5_bps": [
            0.08537564041314501,
            -0.011092383325637
        ],
        "annual_volatility_0_5_bps": [
            0.054309213394177006,
            0.035736815481732
        ],
        "sharpe_ratio_0_5_bps": [
            1.5357789682225471,
            -0.29438942240674004
        ],
        "downside_risk_0_5_bps": [
            0.034318927772367,
            0.022406360760174
        ],
        "sortino_ratio_0_5_bps": [
            2.43034829831263,
            -0.46953365523877805
        ],
        "max_drawdown_0_5_bps": [
            0.035232251875329,
            0.029231266417563004
        ],
        "calmar_ratio_0_5_bps": [
            2.423224059456964,
            -0.379469817256116
        ],
        "perc_pos_return_0_5_bps": [
            0.51953125,
            0.478260869565217
        ],
        "profit_loss_ratio_0_5_bps": [
            1.19420234347744,
            1.017667269427204
        ],
        "annual_return_1_0_bps": [
            0.082466905374941,
            -0.012884087395466001
        ],
        "annual_volatility_1_0_bps": [
            0.054294148656504004,
            0.035735064014893
        ],
        "sharpe_ratio_1_0_bps": [
            1.4867487900226362,
            -0.345149839450656
        ],
        "downside_risk_1_0_bps": [
            0.034396252326913006,
            0.022480866869763003
        ],
        "sortino_ratio_1_0_bps": [
            2.346818457230794,
            -0.548642171093887
        ],
        "max_drawdown_1_0_bps": [
            0.035339946876782005,
            0.029492850097027002
        ],
        "calmar_ratio_1_0_bps": [
            2.333532239379799,
            -0.436854605542695
        ],
        "perc_pos_return_1_0_bps": [
            0.51953125,
            0.478260869565217
        ],
        "profit_loss_ratio_1_0_bps": [
            1.1845021030054181,
            1.005557952125281
        ],
        "annual_return_1_5_bps": [
            0.07956592289731801,
            -0.014672572170999001
        ],
        "annual_volatility_1_5_bps": [
            0.054279282428692004,
            0.035733713528008006
        ],
        "sharpe_ratio_1_5_bps": [
            1.437686138017119,
            -0.395910789836797
        ],
        "downside_risk_1_5_bps": [
            0.034473854223562,
            0.022555747294788
        ],
        "sortino_ratio_1_5_bps": [
            2.263645121406548,
            -0.627217647093616
        ],
        "max_drawdown_1_5_bps": [
            0.035447630652219,
            0.030063590270883
        ],
        "calmar_ratio_1_5_bps": [
            2.244604827835965,
            -0.48805122870538303
        ],
        "perc_pos_return_1_5_bps": [
            0.51953125,
            0.474308300395256
        ],
        "profit_loss_ratio_1_5_bps": [
            1.174878023407176,
            1.009464929977413
        ],
        "annual_return_2_0_bps": [
            0.07667267243101701,
            -0.016457843388527002
        ],
        "annual_volatility_2_0_bps": [
            0.054264614873891004,
            0.03573276406654
        ],
        "sharpe_ratio_2_0_bps": [
            1.388591519782119,
            -0.44667056419509904
        ],
        "downside_risk_2_0_bps": [
            0.034551731593615,
            0.022630998993307002
        ],
        "sortino_ratio_2_0_bps": [
            2.180828009559197,
            -0.705261570228168
        ],
        "max_drawdown_2_0_bps": [
            0.035555303202734,
            0.031688399219658
        ],
        "calmar_ratio_2_0_bps": [
            2.156434217248416,
            -0.5193649346073
        ],
        "perc_pos_return_2_0_bps": [
            0.51953125,
            0.46640316205533605
        ],
        "profit_loss_ratio_2_0_bps": [
            1.165329211231152,
            1.029619163124249
        ],
        "annual_return_2_5_bps": [
            0.07378713348094501,
            -0.018239906774212
        ],
        "annual_volatility_2_5_bps": [
            0.05425014615324401,
            0.035732215662456004
        ],
        "sharpe_ratio_2_5_bps": [
            1.339465444788695,
            -0.49742745294418705
        ],
        "downside_risk_2_5_bps": [
            0.034629882578577,
            0.022706620117046
        ],
        "sortino_ratio_2_5_bps": [
            2.098366807398863,
            -0.7827754607866451
        ],
        "max_drawdown_2_5_bps": [
            0.035662964529413005,
            0.033310512473914006
        ],
        "calmar_ratio_2_5_bps": [
            2.069012894878331,
            -0.547572085193715
        ],
        "perc_pos_return_2_5_bps": [
            0.51953125,
            0.46640316205533605
        ],
        "profit_loss_ratio_2_5_bps": [
            1.155854786946251,
            1.017377495472491
        ],
        "annual_return_3_0_bps": [
            0.07090928560604401,
            -0.020018768044096
        ],
        "annual_volatility_3_0_bps": [
            0.054235876425885,
            0.035732068334223
        ],
        "sharpe_ratio_3_0_bps": [
            1.290308424378805,
            -0.548179746579177
        ],
        "downside_risk_3_0_bps": [
            0.034708305330194006,
            0.022782607399238
        ],
        "sortino_ratio_3_0_bps": [
            2.016261168332195,
            -0.8597609492607321
        ],
        "max_drawdown_3_0_bps": [
            0.035770614633348005,
            0.034929934462925
        ],
        "calmar_ratio_3_0_bps": [
            1.982333441369931,
            -0.5731120986025571
        ],
        "perc_pos_return_3_0_bps": [
            0.51953125,
            0.45849802371541504
        ],
        "profit_loss_ratio_3_0_bps": [
            1.146453884671792,
            1.037765267906338
        ],
        "annual_return_rescaled": [
            0.3104505946539988,
            -0.03533691963210461
        ],
        "annual_volatility_rescaled": [
            0.18095402703381874,
            0.11904597296618365
        ],
        "downside_risk_rescaled": [
            0.11405920355609671,
            0.0743883358798148
        ],
        "max_drawdown_rescaled": [
            0.1128309049090731,
            0.09422079427674764
        ],
        "annual_return_rescaled_0_5_bps": [
            0.29886668715571685,
            -0.041155820689287914
        ],
        "annual_volatility_rescaled_0_5_bps": [
            0.18093817375007076,
            0.11906182624992945
        ],
        "downside_risk_rescaled_0_5_bps": [
            0.11433794982673291,
            0.07464969096322532
        ],
        "max_drawdown_rescaled_0_5_bps": [
            0.11318213876153314,
            0.09505364385049773
        ],
        "annual_return_rescaled_1_0_bps": [
            0.28737817374627794,
            -0.04694179375068741
        ],
        "annual_volatility_rescaled_1_0_bps": [
            0.1809217709856336,
            0.1190782290143712
        ],
        "downside_risk_rescaled_1_0_bps": [
            0.11461697144611725,
            0.07491190759987243
        ],
        "max_drawdown_rescaled_1_0_bps": [
            0.11353266157760544,
            0.09588546704586659
        ],
        "annual_return_rescaled_1_5_bps": [
            0.27598455627171337,
            -0.05269489790210957
        ],
        "annual_volatility_rescaled_1_5_bps": [
            0.180904818860167,
            0.11909518113983632
        ],
        "downside_risk_rescaled_1_5_bps": [
            0.11489625644772124,
            0.07517496908659423
        ],
        "max_drawdown_rescaled_1_5_bps": [
            0.1138824664849949,
            0.09973425034742889
        ],
        "annual_return_rescaled_2_0_bps": [
            0.2646853341722777,
            -0.0584151939298132
        ],
        "annual_volatility_rescaled_2_0_bps": [
            0.1808873175400201,
            0.11911268245997983
        ],
        "downside_risk_rescaled_2_0_bps": [
            0.11517579289665156,
            0.07543886030820882
        ],
        "max_drawdown_rescaled_2_0_bps": [
            0.11423154665427675,
            0.10476974946029159
        ],
        "annual_return_rescaled_2_5_bps": [
            0.2534800045674017,
            -0.06410274430361884
        ],
        "annual_volatility_rescaled_2_5_bps": [
            0.1808692672382572,
            0.11913073276174581
        ],
        "downside_risk_rescaled_2_5_bps": [
            0.11545556889084271,
            0.07570357009594796
        ],
        "max_drawdown_rescaled_2_5_bps": [
            0.11457989529964327,
            0.10977836648195777
        ],
        "annual_return_rescaled_3_0_bps": [
            0.24236806234044783,
            -0.06975761315979867
        ],
        "annual_volatility_rescaled_3_0_bps": [
            0.18085066821466458,
            0.11914933178533592
        ],
        "downside_risk_rescaled_3_0_bps": [
            0.11573557256223016,
            0.07596908252151387
        ],
        "max_drawdown_rescaled_3_0_bps": [
            0.11492750567962987,
            0.11476013858071894
        ],
        "sharpe_ratio_years": [
            1.735524390557925,
            -0.255676823841608
        ],
        "sharpe_ratio_years_0_5_bps": [
            1.687093062567842,
            -0.306772961612284
        ],
        "sharpe_ratio_years_1_0_bps": [
            1.638629107860084,
            -0.357875123782014
        ],
        "sharpe_ratio_years_1_5_bps": [
            1.590133014431105,
            -0.408981545651711
        ],
        "sharpe_ratio_years_2_0_bps": [
            1.5416052721178901,
            -0.460090461212009
        ],
        "sharpe_ratio_years_2_5_bps": [
            1.493046372575516,
            -0.511200103447769
        ],
        "sharpe_ratio_years_3_0_bps": [
            1.444456809254494,
            -0.562308704643072
        ]
    },
    "COMB": {
        "annual_return": [
            0.088292148615497,
            -0.009297454215056001
        ],
        "annual_volatility": [
            0.054324476476563,
            0.03573896786957
        ],
        "sharpe_ratio": [
            1.58477616695946,
            -0.24363124757614402
        ],
        "downside_risk": [
            0.034241882438796,
            0.022332232495043
        ],
        "sortino_ratio": [
            2.514234892210985,
            -0.38989068070465105
        ],
        "max_drawdown": [
            0.035124545646770006,
            0.028969615284726004
        ],
        "calmar_ratio": [
            2.513687991964496,
            -0.320938132028216
        ],
        "perc_pos_return": [
            0.51953125,
            0.478260869565217
        ],
        "profit_loss_ratio": [
            1.203979652471773,
            1.022121233422813
        ],
        "annual_return_0_5_bps": [
            0.08537564041314501,
            -0.011092383325637
        ],
        "annual_volatility_0_5_bps": [
            0.054309213394177006,
            0.035736815481732
        ],
        "sharpe_ratio_0_5_bps": [
            1.5357789682225471,
            -0.29438942240674004
        ],
        "downside_risk_0_5_bps": [
            0.034318927772367,
            0.022406360760174
        ],
        "sortino_ratio_0_5_bps": [
            2.43034829831263,
            -0.46953365523877805
        ],
        "max_drawdown_0_5_bps": [
            0.035232251875329,
            0.029231266417563004
        ],
        "calmar_ratio_0_5_bps": [
            2.423224059456964,
            -0.379469817256116
        ],
        "perc_pos_return_0_5_bps": [
            0.51953125,
            0.478260869565217
        ],
        "profit_loss_ratio_0_5_bps": [
            1.19420234347744,
            1.017667269427204
        ],
        "annual_return_1_0_bps": [
            0.082466905374941,
            -0.012884087395466001
        ],
        "annual_volatility_1_0_bps": [
            0.054294148656504004,
            0.035735064014893
        ],
        "sharpe_ratio_1_0_bps": [
            1.4867487900226362,
            -0.345149839450656
        ],
        "downside_risk_1_0_bps": [
            0.034396252326913006,
            0.022480866869763003
        ],
        "sortino_ratio_1_0_bps": [
            2.346818457230794,
            -0.548642171093887
        ],
        "max_drawdown_1_0_bps": [
            0.035339946876782005,
            0.029492850097027002
        ],
        "calmar_ratio_1_0_bps": [
            2.333532239379799,
            -0.436854605542695
        ],
        "perc_pos_return_1_0_bps": [
            0.51953125,
            0.478260869565217
        ],
        "profit_loss_ratio_1_0_bps": [
            1.1845021030054181,
            1.005557952125281
        ],
        "annual_return_1_5_bps": [
            0.07956592289731801,
            -0.014672572170999001
        ],
        "annual_volatility_1_5_bps": [
            0.054279282428692004,
            0.035733713528008006
        ],
        "sharpe_ratio_1_5_bps": [
            1.437686138017119,
            -0.395910789836797
        ],
        "downside_risk_1_5_bps": [
            0.034473854223562,
            0.022555747294788
        ],
        "sortino_ratio_1_5_bps": [
            2.263645121406548,
            -0.627217647093616
        ],
        "max_drawdown_1_5_bps": [
            0.035447630652219,
            0.030063590270883
        ],
        "calmar_ratio_1_5_bps": [
            2.244604827835965,
            -0.48805122870538303
        ],
        "perc_pos_return_1_5_bps": [
            0.51953125,
            0.474308300395256
        ],
        "profit_loss_ratio_1_5_bps": [
            1.174878023407176,
            1.009464929977413
        ],
        "annual_return_2_0_bps": [
            0.07667267243101701,
            -0.016457843388527002
        ],
        "annual_volatility_2_0_bps": [
            0.054264614873891004,
            0.03573276406654
        ],
        "sharpe_ratio_2_0_bps": [
            1.388591519782119,
            -0.44667056419509904
        ],
        "downside_risk_2_0_bps": [
            0.034551731593615,
            0.022630998993307002
        ],
        "sortino_ratio_2_0_bps": [
            2.180828009559197,
            -0.705261570228168
        ],
        "max_drawdown_2_0_bps": [
            0.035555303202734,
            0.031688399219658
        ],
        "calmar_ratio_2_0_bps": [
            2.156434217248416,
            -0.5193649346073
        ],
        "perc_pos_return_2_0_bps": [
            0.51953125,
            0.46640316205533605
        ],
        "profit_loss_ratio_2_0_bps": [
            1.165329211231152,
            1.029619163124249
        ],
        "annual_return_2_5_bps": [
            0.07378713348094501,
            -0.018239906774212
        ],
        "annual_volatility_2_5_bps": [
            0.05425014615324401,
            0.035732215662456004
        ],
        "sharpe_ratio_2_5_bps": [
            1.339465444788695,
            -0.49742745294418705
        ],
        "downside_risk_2_5_bps": [
            0.034629882578577,
            0.022706620117046
        ],
        "sortino_ratio_2_5_bps": [
            2.098366807398863,
            -0.7827754607866451
        ],
        "max_drawdown_2_5_bps": [
            0.035662964529413005,
            0.033310512473914006
        ],
        "calmar_ratio_2_5_bps": [
            2.069012894878331,
            -0.547572085193715
        ],
        "perc_pos_return_2_5_bps": [
            0.51953125,
            0.46640316205533605
        ],
        "profit_loss_ratio_2_5_bps": [
            1.155854786946251,
            1.017377495472491
        ],
        "annual_return_3_0_bps": [
            0.07090928560604401,
            -0.020018768044096
        ],
        "annual_volatility_3_0_bps": [
            0.054235876425885,
            0.035732068334223
        ],
        "sharpe_ratio_3_0_bps": [
            1.290308424378805,
            -0.548179746579177
        ],
        "downside_risk_3_0_bps": [
            0.034708305330194006,
            0.022782607399238
        ],
        "sortino_ratio_3_0_bps": [
            2.016261168332195,
            -0.8597609492607321
        ],
        "max_drawdown_3_0_bps": [
            0.035770614633348005,
            0.034929934462925
        ],
        "calmar_ratio_3_0_bps": [
            1.982333441369931,
            -0.5731120986025571
        ],
        "perc_pos_return_3_0_bps": [
            0.51953125,
            0.45849802371541504
        ],
        "profit_loss_ratio_3_0_bps": [
            1.146453884671792,
            1.037765267906338
        ],
        "annual_return_rescaled": [
            0.3104505946539988,
            -0.03533691963210461
        ],
        "annual_volatility_rescaled": [
            0.18095402703381874,
            0.11904597296618365
        ],
        "downside_risk_rescaled": [
            0.11405920355609671,
            0.0743883358798148
        ],
        "max_drawdown_rescaled": [
            0.1128309049090731,
            0.09422079427674764
        ],
        "annual_return_rescaled_0_5_bps": [
            0.29886668715571685,
            -0.041155820689287914
        ],
        "annual_volatility_rescaled_0_5_bps": [
            0.18093817375007076,
            0.11906182624992945
        ],
        "downside_risk_rescaled_0_5_bps": [
            0.11433794982673291,
            0.07464969096322532
        ],
        "max_drawdown_rescaled_0_5_bps": [
            0.11318213876153314,
            0.09505364385049773
        ],
        "annual_return_rescaled_1_0_bps": [
            0.28737817374627794,
            -0.04694179375068741
        ],
        "annual_volatility_rescaled_1_0_bps": [
            0.1809217709856336,
            0.1190782290143712
        ],
        "downside_risk_rescaled_1_0_bps": [
            0.11461697144611725,
            0.07491190759987243
        ],
        "max_drawdown_rescaled_1_0_bps": [
            0.11353266157760544,
            0.09588546704586659
        ],
        "annual_return_rescaled_1_5_bps": [
            0.27598455627171337,
            -0.05269489790210957
        ],
        "annual_volatility_rescaled_1_5_bps": [
            0.180904818860167,
            0.11909518113983632
        ],
        "downside_risk_rescaled_1_5_bps": [
            0.11489625644772124,
            0.07517496908659423
        ],
        "max_drawdown_rescaled_1_5_bps": [
            0.1138824664849949,
            0.09973425034742889
        ],
        "annual_return_rescaled_2_0_bps": [
            0.2646853341722777,
            -0.0584151939298132
        ],
        "annual_volatility_rescaled_2_0_bps": [
            0.1808873175400201,
            0.11911268245997983
        ],
        "downside_risk_rescaled_2_0_bps": [
            0.11517579289665156,
            0.07543886030820882
        ],
        "max_drawdown_rescaled_2_0_bps": [
            0.11423154665427675,
            0.10476974946029159
        ],
        "annual_return_rescaled_2_5_bps": [
            0.2534800045674017,
            -0.06410274430361884
        ],
        "annual_volatility_rescaled_2_5_bps": [
            0.1808692672382572,
            0.11913073276174581
        ],
        "downside_risk_rescaled_2_5_bps": [
            0.11545556889084271,
            0.07570357009594796
        ],
        "max_drawdown_rescaled_2_5_bps": [
            0.11457989529964327,
            0.10977836648195777
        ],
        "annual_return_rescaled_3_0_bps": [
            0.24236806234044783,
            -0.06975761315979867
        ],
        "annual_volatility_rescaled_3_0_bps": [
            0.18085066821466458,
            0.11914933178533592
        ],
        "downside_risk_rescaled_3_0_bps": [
            0.11573557256223016,
            0.07596908252151387
        ],
        "max_drawdown_rescaled_3_0_bps": [
            0.11492750567962987,
            0.11476013858071894
        ],
        "sharpe_ratio_years": [
            1.735524390557925,
            -0.255676823841608
        ],
        "sharpe_ratio_years_0_5_bps": [
            1.687093062567842,
            -0.306772961612284
        ],
        "sharpe_ratio_years_1_0_bps": [
            1.638629107860084,
            -0.357875123782014
        ],
        "sharpe_ratio_years_1_5_bps": [
            1.590133014431105,
            -0.408981545651711
        ],
        "sharpe_ratio_years_2_0_bps": [
            1.5416052721178901,
            -0.460090461212009
        ],
        "sharpe_ratio_years_2_5_bps": [
            1.493046372575516,
            -0.511200103447769
        ],
        "sharpe_ratio_years_3_0_bps": [
            1.444456809254494,
            -0.562308704643072
        ]
    }
}