{
    "ALL": {
        "annual_return": [
            -0.016447930729759003,
            0.108514957256491
        ],
        "annual_volatility": [
            0.054032770643115006,
            0.11194856628656001
        ],
        "sharpe_ratio": [
            -0.280029580335442,
            0.976386921574913
        ],
        "downside_risk": [
            0.038906066062883,
            0.07762429753889401
        ],
        "sortino_ratio": [
            -0.38890526899062705,
            1.408130179297172
        ],
        "max_drawdown": [
            0.057016711020162,
            0.084657428559299
        ],
        "calmar_ratio": [
            -0.288475614174632,
            1.281812584001175
        ],
        "perc_pos_return": [
            0.53125,
            0.513833992094861
        ],
        "profit_loss_ratio": [
            0.8263110138698561,
            1.132085114499062
        ],
        "annual_return_0_5_bps": [
            -0.017222762115436,
            0.10578690840549301
        ],
        "annual_volatility_0_5_bps": [
            0.054021053285613005,
            0.11193941493114101
        ],
        "sharpe_ratio_0_5_bps": [
            -0.29468947976188503,
            0.9544372094847721
        ],
        "downside_risk_0_5_bps": [
            0.038925281586631,
            0.077687415757276
        ],
        "sortino_ratio_0_5_bps": [
            -0.40897420493918,
            1.3752438767179571
        ],
        "max_drawdown_0_5_bps": [
            0.05766746359250301,
            0.084910490003423
        ],
        "calmar_ratio_0_5_bps": [
            -0.29865648742829803,
            1.245863831444488
        ],
        "perc_pos_return_0_5_bps": [
            0.53125,
            0.513833992094861
        ],
        "profit_loss_ratio_0_5_bps": [
            0.830766960940292,
            1.13653246378652
        ],
        "annual_return_1_0_bps": [
            -0.017996988177736,
            0.10306551675271801
        ],
        "annual_volatility_1_0_bps": [
            0.05400938431243701,
            0.11193050719948401
        ],
        "sharpe_ratio_1_0_bps": [
            -0.309355462999652,
            0.9324818785927321
        ],
        "downside_risk_1_0_bps": [
            0.03894454691112,
            0.07775077983137
        ],
        "sortino_ratio_1_0_bps": [
            -0.42902278792539106,
            1.3424067237856891
        ],
        "max_drawdown_1_0_bps": [
            0.058317771487532005,
            0.08516348760558301
        ],
        "calmar_ratio_1_0_bps": [
            -0.308602124509921,
            1.210207797384306
        ],
        "perc_pos_return_1_0_bps": [
            0.53125,
            0.513833992094861
        ],
        "profit_loss_ratio_1_0_bps": [
            0.8282859763407141,
            1.131722055722453
        ],
        "annual_return_1_5_bps": [
            -0.018770609385647,
            0.100350766190027
        ],
        "annual_volatility_1_5_bps": [
            0.053997763754954006,
            0.11192184314976
        ],
        "sharpe_ratio_1_5_bps": [
            -0.324027494380606,
            0.9105210704565421
        ],
        "downside_risk_1_5_bps": [
            0.038963861962478,
            0.077814389160578
        ],
        "sortino_ratio_1_5_bps": [
            -0.44905097211674605,
            1.309618921789554
        ],
        "max_drawdown_1_5_bps": [
            0.05896763500615,
            0.08541642138039901
        ],
        "calmar_ratio_1_5_bps": [
            -0.31832053945676503,
            1.174841612049252
        ],
        "perc_pos_return_1_5_bps": [
            0.53125,
            0.513833992094861
        ],
        "profit_loss_ratio_1_5_bps": [
            0.825811821782487,
            1.126933131595316
        ],
        "annual_return_2_0_bps": [
            -0.019543626207801,
            0.097642640647931
        ],
        "annual_volatility_2_0_bps": [
            0.053986191644430005,
            0.11191342283856401
        ],
        "sharpe_ratio_2_0_bps": [
            -0.33870553813984705,
            0.8885549268081101
        ],
        "downside_risk_2_0_bps": [
            0.038983226666792006,
            0.07787824364499901
        ],
        "sortino_ratio_2_0_bps": [
            -0.469058712079981,
            1.276880661208272
        ],
        "max_drawdown_2_0_bps": [
            0.059617054449062006,
            0.085669291342486
        ],
        "calmar_ratio_2_0_bps": [
            -0.32781938638883,
            1.139762441334764
        ],
        "perc_pos_return_2_0_bps": [
            0.53125,
            0.509881422924901
        ],
        "profit_loss_ratio_2_0_bps": [
            0.8233444691001761,
            1.140055576563039
        ],
        "annual_return_2_5_bps": [
            -0.020316039112467002,
            0.09494112409549
        ],
        "annual_volatility_2_5_bps": [
            0.053974668012024,
            0.111905246320916
        ],
        "sharpe_ratio_2_5_bps": [
            -0.35338955841603303,
            0.8665835895489741
        ],
        "downside_risk_2_5_bps": [
            0.039002640950103,
            0.077942347336635
        ],
        "sortino_ratio_2_5_bps": [
            -0.489045962780398,
            1.244192064517925
        ],
        "max_drawdown_2_5_bps": [
            0.060266030116769,
            0.085922097506456
        ],
        "calmar_ratio_2_5_bps": [
            -0.337105979489669,
            1.10496748625529
        ],
        "perc_pos_return_2_5_bps": [
            0.53125,
            0.509881422924901
        ],
        "profit_loss_ratio_2_5_bps": [
            0.820883890282996,
            1.135226417972006
        ],
        "annual_return_3_0_bps": [
            -0.021087848567558,
            0.092246200540243
        ],
        "annual_volatility_3_0_bps": [
            0.053963192888794004,
            0.11189731365026001
        ],
        "sharpe_ratio_3_0_bps": [
            -0.368079519251711,
            0.8446072007457771
        ],
        "downside_risk_3_0_bps": [
            0.039022104738411,
            0.078006700756737
        ],
        "sortino_ratio_3_0_bps": [
            -0.509012679581147,
            1.21155331447543
        ],
        "max_drawdown_3_0_bps": [
            0.06091456230956901,
            0.086174839886917
        ],
        "calmar_ratio_3_0_bps": [
            -0.346187311670882,
            1.070453982407086
        ],
        "perc_pos_return_3_0_bps": [
            0.53125,
            0.509881422924901
        ],
        "profit_loss_ratio_3_0_bps": [
            0.8184300574737521,
            1.13041907893485
        ],
        "annual_return_rescaled": [
            -0.0315868649157357,
            0.1935977539530851
        ],
        "annual_volatility_rescaled": [
            0.09766056529477445,
            0.20233943470522575
        ],
        "downside_risk_rescaled": [
            0.07032007353820872,
            0.14030064881050336
        ],
        "max_drawdown_rescaled": [
            0.10242094243795585,
            0.14873155229298
        ],
        "annual_return_rescaled_0_5_bps": [
            -0.032969233017736244,
            0.18831944971087866
        ],
        "annual_volatility_rescaled_0_5_bps": [
            0.09765166463930144,
            0.20234833536069816
        ],
        "downside_risk_rescaled_0_5_bps": [
            0.07036365106380578,
            0.14043238716791015
        ],
        "max_drawdown_rescaled_0_5_bps": [
            0.10355239230829688,
            0.1491767758522292
        ],
        "annual_return_rescaled_1_0_bps": [
            -0.034349923321134845,
            0.18306266452095565
        ],
        "annual_volatility_rescaled_1_0_bps": [
            0.09764267739422422,
            0.20235732260577627
        ],
        "downside_risk_rescaled_1_0_bps": [
            0.07040720568686638,
            0.14056435578503143
        ],
        "max_drawdown_rescaled_1_0_bps": [
            0.10468253230127189,
            0.14962165227800156
        ],
        "annual_return_rescaled_1_5_bps": [
            -0.035728930200378706,
            0.17782734606413952
        ],
        "annual_volatility_rescaled_1_5_bps": [
            0.09763360357880677,
            0.20236639642119425
        ],
        "downside_risk_rescaled_1_5_bps": [
            0.07045073699732543,
            0.1406965528888929
        ],
        "max_drawdown_rescaled_1_5_bps": [
            0.10581135781347707,
            0.15006617938469471
        ],
        "annual_return_rescaled_2_0_bps": [
            -0.03710624806103213,
            0.1726134418453622
        ],
        "annual_volatility_rescaled_2_0_bps": [
            0.0976244432140566,
            0.20237555678594338
        ],
        "downside_risk_rescaled_2_0_bps": [
            0.07049424458570068,
            0.14082897760979854
        ],
        "max_drawdown_rescaled_2_0_bps": [
            0.10693886426483341,
            0.150510354991879
        ],
        "annual_return_rescaled_2_5_bps": [
            -0.03848187133991687,
            0.16742089919615588
        ],
        "annual_volatility_rescaled_2_5_bps": [
            0.09761519632272823,
            0.20238480367727313
        ],
        "downside_risk_rescaled_2_5_bps": [
            0.07053772804310732,
            0.14096163658524047
        ],
        "max_drawdown_rescaled_2_5_bps": [
            0.108065047098703,
            0.15095417692435834
        ],
        "annual_return_rescaled_3_0_bps": [
            -0.03985579450523724,
            0.16224966527715434
        ],
        "annual_volatility_rescaled_3_0_bps": [
            0.09760586292931937,
            0.20239413707068213
        ],
        "downside_risk_rescaled_3_0_bps": [
            0.07058118696126672,
            0.1410945300683197
        ],
        "max_drawdown_rescaled_3_0_bps": [
            0.10918990178199608,
            0.15139764301222186
        ],
        "sharpe_ratio_years": [
            -0.342417697179976,
            1.036646704246591
        ],
        "sharpe_ratio_years_0_5_bps": [
            -0.35719425472250205,
            1.015129886425075
        ],
        "sharpe_ratio_years_1_0_bps": [
            -0.37197636365330206,
            0.993608144326754
        ],
        "sharpe_ratio_years_1_5_bps": [
            -0.38676398693399405,
            0.9720816105156711
        ],
        "sharpe_ratio_years_2_0_bps": [
            -0.40155708743586005,
            0.9505504176958651
        ],
        "sharpe_ratio_years_2_5_bps": [
            -0.416355627940219,
            0.9290146987073201
        ],
        "sharpe_ratio_years_3_0_bps": [
            -0.43115957113880105,
            0.9074745865218881
        ]
    },
    "COMB": {
        "annual_return": [
            -0.016447930729759003,
            0.108514957256491
        ],
        "annual_volatility": [
            0.054032770643115006,
            0.11194856628656001
        ],
        "sharpe_ratio": [
            -0.280029580335442,
            0.976386921574913
        ],
        "downside_risk": [
            0.038906066062883,
            0.07762429753889401
        ],
        "sortino_ratio": [
            -0.38890526899062705,
            1.408130179297172
        ],
        "max_drawdown": [
            0.057016711020162,
            0.084657428559299
        ],
        "calmar_ratio": [
            -0.288475614174632,
            1.281812584001175
        ],
        "perc_pos_return": [
            0.53125,
            0.513833992094861
        ],
        "profit_loss_ratio": [
            0.8263110138698561,
            1.132085114499062
        ],
        "annual_return_0_5_bps": [
            -0.017222762115436,
            0.10578690840549301
        ],
        "annual_volatility_0_5_bps": [
            0.054021053285613005,
            0.11193941493114101
        ],
        "sharpe_ratio_0_5_bps": [
            -0.29468947976188503,
            0.9544372094847721
        ],
        "downside_risk_0_5_bps": [
            0.038925281586631,
            0.077687415757276
        ],
        "sortino_ratio_0_5_bps": [
            -0.40897420493918,
            1.3752438767179571
        ],
        "max_drawdown_0_5_bps": [
            0.05766746359250301,
            0.084910490003423
        ],
        "calmar_ratio_0_5_bps": [
            -0.29865648742829803,
            1.245863831444488
        ],
        "perc_pos_return_0_5_bps": [
            0.53125,
            0.513833992094861
        ],
        "profit_loss_ratio_0_5_bps": [
            0.830766960940292,
            1.13653246378652
        ],
        "annual_return_1_0_bps": [
            -0.017996988177736,
            0.10306551675271801
        ],
        "annual_volatility_1_0_bps": [
            0.05400938431243701,
            0.11193050719948401
        ],
        "sharpe_ratio_1_0_bps": [
            -0.309355462999652,
            0.9324818785927321
        ],
        "downside_risk_1_0_bps": [
            0.03894454691112,
            0.07775077983137
        ],
        "sortino_ratio_1_0_bps": [
            -0.42902278792539106,
            1.3424067237856891
        ],
        "max_drawdown_1_0_bps": [
            0.058317771487532005,
            0.08516348760558301
        ],
        "calmar_ratio_1_0_bps": [
            -0.308602124509921,
            1.210207797384306
        ],
        "perc_pos_return_1_0_bps": [
            0.53125,
            0.513833992094861
        ],
        "profit_loss_ratio_1_0_bps": [
            0.8282859763407141,
            1.131722055722453
        ],
        "annual_return_1_5_bps": [
            -0.018770609385647,
            0.100350766190027
        ],
        "annual_volatility_1_5_bps": [
            0.053997763754954006,
            0.11192184314976
        ],
        "sharpe_ratio_1_5_bps": [
            -0.324027494380606,
            0.9105210704565421
        ],
        "downside_risk_1_5_bps": [
            0.038963861962478,
            0.077814389160578
        ],
        "sortino_ratio_1_5_bps": [
            -0.44905097211674605,
            1.309618921789554
        ],
        "max_drawdown_1_5_bps": [
            0.05896763500615,
            0.08541642138039901
        ],
        "calmar_ratio_1_5_bps": [
            -0.31832053945676503,
            1.174841612049252
        ],
        "perc_pos_return_1_5_bps": [
            0.53125,
            0.513833992094861
        ],
        "profit_loss_ratio_1_5_bps": [
            0.825811821782487,
            1.126933131595316
        ],
        "annual_return_2_0_bps": [
            -0.019543626207801,
            0.097642640647931
        ],
        "annual_volatility_2_0_bps": [
            0.053986191644430005,
            0.11191342283856401
        ],
        "sharpe_ratio_2_0_bps": [
            -0.33870553813984705,
            0.8885549268081101
        ],
        "downside_risk_2_0_bps": [
            0.038983226666792006,
            0.07787824364499901
        ],
        "sortino_ratio_2_0_bps": [
            -0.469058712079981,
            1.276880661208272
        ],
        "max_drawdown_2_0_bps": [
            0.059617054449062006,
            0.085669291342486
        ],
        "calmar_ratio_2_0_bps": [
            -0.32781938638883,
            1.139762441334764
        ],
        "perc_pos_return_2_0_bps": [
            0.53125,
            0.509881422924901
        ],
        "profit_loss_ratio_2_0_bps": [
            0.8233444691001761,
            1.140055576563039
        ],
        "annual_return_2_5_bps": [
            -0.020316039112467002,
            0.09494112409549
        ],
        "annual_volatility_2_5_bps": [
            0.053974668012024,
            0.111905246320916
        ],
        "sharpe_ratio_2_5_bps": [
            -0.35338955841603303,
            0.8665835895489741
        ],
        "downside_risk_2_5_bps": [
            0.039002640950103,
            0.077942347336635
        ],
        "sortino_ratio_2_5_bps": [
            -0.489045962780398,
            1.244192064517925
        ],
        "max_drawdown_2_5_bps": [
            0.060266030116769,
            0.085922097506456
        ],
        "calmar_ratio_2_5_bps": [
            -0.337105979489669,
            1.10496748625529
        ],
        "perc_pos_return_2_5_bps": [
            0.53125,
            0.509881422924901
        ],
        "profit_loss_ratio_2_5_bps": [
            0.820883890282996,
            1.135226417972006
        ],
        "annual_return_3_0_bps": [
            -0.021087848567558,
            0.092246200540243
        ],
        "annual_volatility_3_0_bps": [
            0.053963192888794004,
            0.11189731365026001
        ],
        "sharpe_ratio_3_0_bps": [
            -0.368079519251711,
            0.8446072007457771
        ],
        "downside_risk_3_0_bps": [
            0.039022104738411,
            0.078006700756737
        ],
        "sortino_ratio_3_0_bps": [
            -0.509012679581147,
            1.21155331447543
        ],
        "max_drawdown_3_0_bps": [
            0.06091456230956901,
            0.086174839886917
        ],
        "calmar_ratio_3_0_bps": [
            -0.346187311670882,
            1.070453982407086
        ],
        "perc_pos_return_3_0_bps": [
            0.53125,
            0.509881422924901
        ],
        "profit_loss_ratio_3_0_bps": [
            0.8184300574737521,
            1.13041907893485
        ],
        "annual_return_rescaled": [
            -0.0315868649157357,
            0.1935977539530851
        ],
        "annual_volatility_rescaled": [
            0.09766056529477445,
            0.20233943470522575
        ],
        "downside_risk_rescaled": [
            0.07032007353820872,
            0.14030064881050336
        ],
        "max_drawdown_rescaled": [
            0.10242094243795585,
            0.14873155229298
        ],
        "annual_return_rescaled_0_5_bps": [
            -0.032969233017736244,
            0.18831944971087866
        ],
        "annual_volatility_rescaled_0_5_bps": [
            0.09765166463930144,
            0.20234833536069816
        ],
        "downside_risk_rescaled_0_5_bps": [
            0.07036365106380578,
            0.14043238716791015
        ],
        "max_drawdown_rescaled_0_5_bps": [
            0.10355239230829688,
            0.1491767758522292
        ],
        "annual_return_rescaled_1_0_bps": [
            -0.034349923321134845,
            0.18306266452095565
        ],
        "annual_volatility_rescaled_1_0_bps": [
            0.09764267739422422,
            0.20235732260577627
        ],
        "downside_risk_rescaled_1_0_bps": [
            0.07040720568686638,
            0.14056435578503143
        ],
        "max_drawdown_rescaled_1_0_bps": [
            0.10468253230127189,
            0.14962165227800156
        ],
        "annual_return_rescaled_1_5_bps": [
            -0.035728930200378706,
            0.17782734606413952
        ],
        "annual_volatility_rescaled_1_5_bps": [
            0.09763360357880677,
            0.20236639642119425
        ],
        "downside_risk_rescaled_1_5_bps": [
            0.07045073699732543,
            0.1406965528888929
        ],
        "max_drawdown_rescaled_1_5_bps": [
            0.10581135781347707,
            0.15006617938469471
        ],
        "annual_return_rescaled_2_0_bps": [
            -0.03710624806103213,
            0.1726134418453622
        ],
        "annual_volatility_rescaled_2_0_bps": [
            0.0976244432140566,
            0.20237555678594338
        ],
        "downside_risk_rescaled_2_0_bps": [
            0.07049424458570068,
            0.14082897760979854
        ],
        "max_drawdown_rescaled_2_0_bps": [
            0.10693886426483341,
            0.150510354991879
        ],
        "annual_return_rescaled_2_5_bps": [
            -0.03848187133991687,
            0.16742089919615588
        ],
        "annual_volatility_rescaled_2_5_bps": [
            0.09761519632272823,
            0.20238480367727313
        ],
        "downside_risk_rescaled_2_5_bps": [
            0.07053772804310732,
            0.14096163658524047
        ],
        "max_drawdown_rescaled_2_5_bps": [
            0.108065047098703,
            0.15095417692435834
        ],
        "annual_return_rescaled_3_0_bps": [
            -0.03985579450523724,
            0.16224966527715434
        ],
        "annual_volatility_rescaled_3_0_bps": [
            0.09760586292931937,
            0.20239413707068213
        ],
        "downside_risk_rescaled_3_0_bps": [
            0.07058118696126672,
            0.1410945300683197
        ],
        "max_drawdown_rescaled_3_0_bps": [
            0.10918990178199608,
            0.15139764301222186
        ],
        "sharpe_ratio_years": [
            -0.342417697179976,
            1.036646704246591
        ],
        "sharpe_ratio_years_0_5_bps": [
            -0.35719425472250205,
            1.015129886425075
        ],
        "sharpe_ratio_years_1_0_bps": [
            -0.37197636365330206,
            0.993608144326754
        ],
        "sharpe_ratio_years_1_5_bps": [
            -0.38676398693399405,
            0.9720816105156711
        ],
        "sharpe_ratio_years_2_0_bps": [
            -0.40155708743586005,
            0.9505504176958651
        ],
        "sharpe_ratio_years_2_5_bps": [
            -0.416355627940219,
            0.9290146987073201
        ],
        "sharpe_ratio_years_3_0_bps": [
            -0.43115957113880105,
            0.9074745865218881
        ]
    }
}