{
    "ALL": {
        "annual_return": -0.014561448663563,
        "annual_volatility": 0.026236662153462,
        "sharpe_ratio": -0.49694390252039455,
        "downside_risk": 0.019556045263315502,
        "sortino_ratio": -0.6698296720226781,
        "max_drawdown": 0.039223074462937504,
        "calmar_ratio": -0.33894588659418456,
        "perc_pos_return": 0.5019379844961236,
        "profit_loss_ratio": 0.9131023207967641,
        "annual_return_0_5_bps": -0.016370037773592,
        "annual_volatility_0_5_bps": 0.0262381761119675,
        "sharpe_ratio_0_5_bps": -0.5607367127854676,
        "downside_risk_0_5_bps": 0.0196192175710355,
        "sortino_ratio_0_5_bps": -0.753160684493605,
        "max_drawdown_0_5_bps": 0.04018666190685401,
        "calmar_ratio_0_5_bps": -0.3725144121860625,
        "perc_pos_return_0_5_bps": 0.4980620155038755,
        "profit_loss_ratio_0_5_bps": 0.9196586991870841,
        "annual_return_1_0_bps": -0.018174028169949,
        "annual_volatility_1_0_bps": 0.026239843657690505,
        "sharpe_ratio_1_0_bps": -0.624516547992531,
        "downside_risk_1_0_bps": 0.019682728368928003,
        "sortino_ratio_1_0_bps": -0.8358755198483196,
        "max_drawdown_1_0_bps": 0.041148686414869504,
        "calmar_ratio_1_0_bps": -0.404651187248441,
        "perc_pos_return_1_0_bps": 0.4980620155038755,
        "profit_loss_ratio_1_0_bps": 0.9095524420335661,
        "annual_return_1_5_bps": -0.0199734329442315,
        "annual_volatility_1_5_bps": 0.026241664746555003,
        "sharpe_ratio_1_5_bps": -0.688282100469127,
        "downside_risk_1_5_bps": 0.019746573531388503,
        "sortino_ratio_1_5_bps": -0.9179769081362931,
        "max_drawdown_1_5_bps": 0.042110759170375,
        "calmar_ratio_1_5_bps": -0.43543561282986804,
        "perc_pos_return_1_5_bps": 0.4980620155038755,
        "profit_loss_ratio_1_5_bps": 0.8995818558389881,
        "annual_return_2_0_bps": -0.021768265149789502,
        "annual_volatility_2_0_bps": 0.026243639330524003,
        "sharpe_ratio_2_0_bps": -0.75203206448638,
        "downside_risk_2_0_bps": 0.019810748843760502,
        "sortino_ratio_2_0_bps": -0.9994677055776745,
        "max_drawdown_2_0_bps": 0.0431157784722435,
        "calmar_ratio_2_0_bps": -0.46422743316152604,
        "perc_pos_return_2_0_bps": 0.4980620155038755,
        "profit_loss_ratio_2_0_bps": 0.889743926973394,
        "annual_return_2_5_bps": -0.023558537801836504,
        "annual_volatility_2_5_bps": 0.026245767357606004,
        "sharpe_ratio_2_5_bps": -0.8157651364299241,
        "downside_risk_2_5_bps": 0.019875250140071,
        "sortino_ratio_2_5_bps": -1.0803508849333476,
        "max_drawdown_2_5_bps": 0.0441192185729105,
        "calmar_ratio_2_5_bps": -0.4917837602942775,
        "perc_pos_return_2_5_bps": 0.4980620155038755,
        "profit_loss_ratio_2_5_bps": 0.8800357341383891,
        "annual_return_3_0_bps": -0.025344263877549,
        "annual_volatility_3_0_bps": 0.026248048771864,
        "sharpe_ratio_3_0_bps": -0.8794800149701565,
        "downside_risk_3_0_bps": 0.0199400741981065,
        "sortino_ratio_3_0_bps": -1.1606294668254156,
        "max_drawdown_3_0_bps": 0.045121082218368004,
        "calmar_ratio_3_0_bps": -0.5181877482772516,
        "perc_pos_return_3_0_bps": 0.49418604651162756,
        "profit_loss_ratio_3_0_bps": 0.8841081316276901,
        "annual_return_rescaled": -0.08817929096938093,
        "annual_volatility_rescaled": 0.15000000000000313,
        "downside_risk_rescaled": 0.11180563946509037,
        "max_drawdown_rescaled": 0.20548973247710242,
        "annual_return_rescaled_0_5_bps": -0.09741429465794949,
        "annual_volatility_rescaled_0_5_bps": 0.15000000000000335,
        "downside_risk_rescaled_0_5_bps": 0.11216033550110854,
        "max_drawdown_rescaled_0_5_bps": 0.20969841746734652,
        "annual_return_rescaled_1_0_bps": -0.10651611480191497,
        "annual_volatility_rescaled_1_0_bps": 0.15000000000000255,
        "downside_risk_rescaled_1_0_bps": 0.11251626701190348,
        "max_drawdown_rescaled_1_0_bps": 0.21386738267563843,
        "annual_return_rescaled_1_5_bps": -0.11548678340664809,
        "annual_volatility_rescaled_1_5_bps": 0.1500000000000011,
        "downside_risk_rescaled_1_5_bps": 0.1128734041195748,
        "max_drawdown_rescaled_1_5_bps": 0.21818334590540572,
        "annual_return_rescaled_2_0_bps": -0.12432830411536133,
        "annual_volatility_rescaled_2_0_bps": 0.15000000000000047,
        "downside_risk_rescaled_2_0_bps": 0.11323171642234374,
        "max_drawdown_rescaled_2_0_bps": 0.22250983292529375,
        "annual_return_rescaled_2_5_bps": -0.13304265249945735,
        "annual_volatility_rescaled_2_5_bps": 0.15000000000000302,
        "downside_risk_rescaled_2_5_bps": 0.11359117378394196,
        "max_drawdown_rescaled_2_5_bps": 0.2267968844998433,
        "annual_return_rescaled_3_0_bps": -0.14163177634870616,
        "annual_volatility_rescaled_3_0_bps": 0.1500000000000014,
        "downside_risk_rescaled_3_0_bps": 0.11395175145065306,
        "max_drawdown_rescaled_3_0_bps": 0.2310448409242813,
        "sharpe_ratio_years": -0.42241637783440555,
        "sharpe_ratio_years_0_5_bps": -0.4851369913100241,
        "sharpe_ratio_years_1_0_bps": -0.547834590604521,
        "sharpe_ratio_years_1_5_bps": -0.610507948670852,
        "sharpe_ratio_years_2_0_bps": -0.673155841889824,
        "sharpe_ratio_years_2_5_bps": -0.7357770502201435,
        "sharpe_ratio_years_3_0_bps": -0.7983703573473591,
        "sharpe_ratio_years_std": 0.38848599447805054,
        "sharpe_ratio_years_std_0_5_bps": 0.41849783169646804,
        "sharpe_ratio_years_std_1_0_bps": 0.448486810889223,
        "sharpe_ratio_years_std_1_5_bps": 0.47845176961017105,
        "sharpe_ratio_years_std_2_0_bps": 0.5083915488387889,
        "sharpe_ratio_years_std_2_5_bps": 0.5383049931295875,
        "sharpe_ratio_years_std_3_0_bps": 0.568190950760415
    },
    "COMB": {
        "annual_return": -0.014561448663563,
        "annual_volatility": 0.026236662153462,
        "sharpe_ratio": -0.49694390252039455,
        "downside_risk": 0.019556045263315502,
        "sortino_ratio": -0.6698296720226781,
        "max_drawdown": 0.039223074462937504,
        "calmar_ratio": -0.33894588659418456,
        "perc_pos_return": 0.5019379844961236,
        "profit_loss_ratio": 0.9131023207967641,
        "annual_return_0_5_bps": -0.016370037773592,
        "annual_volatility_0_5_bps": 0.0262381761119675,
        "sharpe_ratio_0_5_bps": -0.5607367127854676,
        "downside_risk_0_5_bps": 0.0196192175710355,
        "sortino_ratio_0_5_bps": -0.753160684493605,
        "max_drawdown_0_5_bps": 0.04018666190685401,
        "calmar_ratio_0_5_bps": -0.3725144121860625,
        "perc_pos_return_0_5_bps": 0.4980620155038755,
        "profit_loss_ratio_0_5_bps": 0.9196586991870841,
        "annual_return_1_0_bps": -0.018174028169949,
        "annual_volatility_1_0_bps": 0.026239843657690505,
        "sharpe_ratio_1_0_bps": -0.624516547992531,
        "downside_risk_1_0_bps": 0.019682728368928003,
        "sortino_ratio_1_0_bps": -0.8358755198483196,
        "max_drawdown_1_0_bps": 0.041148686414869504,
        "calmar_ratio_1_0_bps": -0.404651187248441,
        "perc_pos_return_1_0_bps": 0.4980620155038755,
        "profit_loss_ratio_1_0_bps": 0.9095524420335661,
        "annual_return_1_5_bps": -0.0199734329442315,
        "annual_volatility_1_5_bps": 0.026241664746555003,
        "sharpe_ratio_1_5_bps": -0.688282100469127,
        "downside_risk_1_5_bps": 0.019746573531388503,
        "sortino_ratio_1_5_bps": -0.9179769081362931,
        "max_drawdown_1_5_bps": 0.042110759170375,
        "calmar_ratio_1_5_bps": -0.43543561282986804,
        "perc_pos_return_1_5_bps": 0.4980620155038755,
        "profit_loss_ratio_1_5_bps": 0.8995818558389881,
        "annual_return_2_0_bps": -0.021768265149789502,
        "annual_volatility_2_0_bps": 0.026243639330524003,
        "sharpe_ratio_2_0_bps": -0.75203206448638,
        "downside_risk_2_0_bps": 0.019810748843760502,
        "sortino_ratio_2_0_bps": -0.9994677055776745,
        "max_drawdown_2_0_bps": 0.0431157784722435,
        "calmar_ratio_2_0_bps": -0.46422743316152604,
        "perc_pos_return_2_0_bps": 0.4980620155038755,
        "profit_loss_ratio_2_0_bps": 0.889743926973394,
        "annual_return_2_5_bps": -0.023558537801836504,
        "annual_volatility_2_5_bps": 0.026245767357606004,
        "sharpe_ratio_2_5_bps": -0.8157651364299241,
        "downside_risk_2_5_bps": 0.019875250140071,
        "sortino_ratio_2_5_bps": -1.0803508849333476,
        "max_drawdown_2_5_bps": 0.0441192185729105,
        "calmar_ratio_2_5_bps": -0.4917837602942775,
        "perc_pos_return_2_5_bps": 0.4980620155038755,
        "profit_loss_ratio_2_5_bps": 0.8800357341383891,
        "annual_return_3_0_bps": -0.025344263877549,
        "annual_volatility_3_0_bps": 0.026248048771864,
        "sharpe_ratio_3_0_bps": -0.8794800149701565,
        "downside_risk_3_0_bps": 0.0199400741981065,
        "sortino_ratio_3_0_bps": -1.1606294668254156,
        "max_drawdown_3_0_bps": 0.045121082218368004,
        "calmar_ratio_3_0_bps": -0.5181877482772516,
        "perc_pos_return_3_0_bps": 0.49418604651162756,
        "profit_loss_ratio_3_0_bps": 0.8841081316276901,
        "annual_return_rescaled": -0.08817929096938093,
        "annual_volatility_rescaled": 0.15000000000000313,
        "downside_risk_rescaled": 0.11180563946509037,
        "max_drawdown_rescaled": 0.20548973247710242,
        "annual_return_rescaled_0_5_bps": -0.09741429465794949,
        "annual_volatility_rescaled_0_5_bps": 0.15000000000000335,
        "downside_risk_rescaled_0_5_bps": 0.11216033550110854,
        "max_drawdown_rescaled_0_5_bps": 0.20969841746734652,
        "annual_return_rescaled_1_0_bps": -0.10651611480191497,
        "annual_volatility_rescaled_1_0_bps": 0.15000000000000255,
        "downside_risk_rescaled_1_0_bps": 0.11251626701190348,
        "max_drawdown_rescaled_1_0_bps": 0.21386738267563843,
        "annual_return_rescaled_1_5_bps": -0.11548678340664809,
        "annual_volatility_rescaled_1_5_bps": 0.1500000000000011,
        "downside_risk_rescaled_1_5_bps": 0.1128734041195748,
        "max_drawdown_rescaled_1_5_bps": 0.21818334590540572,
        "annual_return_rescaled_2_0_bps": -0.12432830411536133,
        "annual_volatility_rescaled_2_0_bps": 0.15000000000000047,
        "downside_risk_rescaled_2_0_bps": 0.11323171642234374,
        "max_drawdown_rescaled_2_0_bps": 0.22250983292529375,
        "annual_return_rescaled_2_5_bps": -0.13304265249945735,
        "annual_volatility_rescaled_2_5_bps": 0.15000000000000302,
        "downside_risk_rescaled_2_5_bps": 0.11359117378394196,
        "max_drawdown_rescaled_2_5_bps": 0.2267968844998433,
        "annual_return_rescaled_3_0_bps": -0.14163177634870616,
        "annual_volatility_rescaled_3_0_bps": 0.1500000000000014,
        "downside_risk_rescaled_3_0_bps": 0.11395175145065306,
        "max_drawdown_rescaled_3_0_bps": 0.2310448409242813,
        "sharpe_ratio_years": -0.42241637783440555,
        "sharpe_ratio_years_0_5_bps": -0.4851369913100241,
        "sharpe_ratio_years_1_0_bps": -0.547834590604521,
        "sharpe_ratio_years_1_5_bps": -0.610507948670852,
        "sharpe_ratio_years_2_0_bps": -0.673155841889824,
        "sharpe_ratio_years_2_5_bps": -0.7357770502201435,
        "sharpe_ratio_years_3_0_bps": -0.7983703573473591,
        "sharpe_ratio_years_std": 0.38848599447805054,
        "sharpe_ratio_years_std_0_5_bps": 0.41849783169646804,
        "sharpe_ratio_years_std_1_0_bps": 0.448486810889223,
        "sharpe_ratio_years_std_1_5_bps": 0.47845176961017105,
        "sharpe_ratio_years_std_2_0_bps": 0.5083915488387889,
        "sharpe_ratio_years_std_2_5_bps": 0.5383049931295875,
        "sharpe_ratio_years_std_3_0_bps": 0.568190950760415
    }
}