{
    "ALL": {
        "annual_return": [
            -0.005742057663692001,
            -0.023380839663434003
        ],
        "annual_volatility": [
            0.020416170676055,
            0.032057153630869
        ],
        "sharpe_ratio": [
            -0.271882634093606,
            -0.7220051709471831
        ],
        "downside_risk": [
            0.015570109276162002,
            0.023541981250469003
        ],
        "sortino_ratio": [
            -0.356503744646723,
            -0.9831555993986331
        ],
        "max_drawdown": [
            0.021453997807767,
            0.05699215111810801
        ],
        "calmar_ratio": [
            -0.26764511281963804,
            -0.41024666036873103
        ],
        "perc_pos_return": [
            0.5348837209302321,
            0.46899224806201506
        ],
        "profit_loss_ratio": [
            0.8315002821265921,
            0.994704359466936
        ],
        "annual_return_0_5_bps": [
            -0.006434009989219,
            -0.026306065557965
        ],
        "annual_volatility_0_5_bps": [
            0.020416261814787003,
            0.032060090409148
        ],
        "sharpe_ratio_0_5_bps": [
            -0.30598029200564303,
            -0.8154931335652921
        ],
        "downside_risk_0_5_bps": [
            0.015592689933677002,
            0.023645745208394003
        ],
        "sortino_ratio_0_5_bps": [
            -0.40063477041635004,
            -1.10568659857086
        ],
        "max_drawdown_0_5_bps": [
            0.021669777147218003,
            0.058703546666490004
        ],
        "calmar_ratio_0_5_bps": [
            -0.296911682363362,
            -0.448117142008763
        ],
        "perc_pos_return_0_5_bps": [
            0.527131782945736,
            0.46899224806201506
        ],
        "profit_loss_ratio_0_5_bps": [
            0.8529831343876451,
            0.9863342639865231
        ],
        "annual_return_1_0_bps": [
            -0.007125482986363001,
            -0.029222573353535
        ],
        "annual_volatility_1_0_bps": [
            0.020416369055499,
            0.032063318259882005
        ],
        "sharpe_ratio_1_0_bps": [
            -0.34007737728094,
            -0.9089557187041221
        ],
        "downside_risk_1_0_bps": [
            0.015615311862664,
            0.023750144875192003
        ],
        "sortino_ratio_1_0_bps": [
            -0.44463698855702505,
            -1.2271140511396141
        ],
        "max_drawdown_1_0_bps": [
            0.02188550967523,
            0.060411863154509006
        ],
        "calmar_ratio_1_0_bps": [
            -0.325579942715627,
            -0.483722431781255
        ],
        "perc_pos_return_1_0_bps": [
            0.527131782945736,
            0.46899224806201506
        ],
        "profit_loss_ratio_1_0_bps": [
            0.8482030029451411,
            0.970901881121991
        ],
        "annual_return_1_5_bps": [
            -0.007816476985618001,
            -0.032130388902845
        ],
        "annual_volatility_1_5_bps": [
            0.020416492397938,
            0.032066837095172
        ],
        "sharpe_ratio_1_5_bps": [
            -0.37417380925860405,
            -1.00239039167965
        ],
        "downside_risk_1_5_bps": [
            0.015637975158254002,
            0.023855171904523003
        ],
        "sortino_ratio_1_5_bps": [
            -0.48851060670752505,
            -1.347443209565061
        ],
        "max_drawdown_1_5_bps": [
            0.022104412266975,
            0.062117106073775005
        ],
        "calmar_ratio_1_5_bps": [
            -0.35361614193634705,
            -0.517255083723389
        ],
        "perc_pos_return_1_5_bps": [
            0.527131782945736,
            0.46899224806201506
        ],
        "profit_loss_ratio_1_5_bps": [
            0.8434485096177521,
            0.9557152020602241
        ],
        "annual_return_2_0_bps": [
            -0.008506992317244,
            -0.035029537982335004
        ],
        "annual_volatility_2_0_bps": [
            0.020416631841811,
            0.032070646819237006
        ],
        "sharpe_ratio_2_0_bps": [
            -0.408269507285106,
            -1.095794621687654
        ],
        "downside_risk_2_0_bps": [
            0.015660679640854002,
            0.023960818046667002
        ],
        "sortino_ratio_2_0_bps": [
            -0.5322558416131891,
            -1.46667956954216
        ],
        "max_drawdown_2_0_bps": [
            0.022412276038297003,
            0.06381928090619
        ],
        "calmar_ratio_2_0_bps": [
            -0.379568425032264,
            -0.548886441290788
        ],
        "perc_pos_return_2_0_bps": [
            0.527131782945736,
            0.46899224806201506
        ],
        "profit_loss_ratio_2_0_bps": [
            0.838719448693066,
            0.9407684052537221
        ],
        "annual_return_2_5_bps": [
            -0.009197029311290001,
            -0.037920046292383006
        ],
        "annual_volatility_2_5_bps": [
            0.020416787386788003,
            0.032074747328424004
        ],
        "sharpe_ratio_2_5_bps": [
            -0.442364390715244,
            -1.189165882144604
        ],
        "downside_risk_2_5_bps": [
            0.01568342513159,
            0.024067075148552
        ],
        "sortino_ratio_2_5_bps": [
            -0.5758729127687261,
            -1.584828857097969
        ],
        "max_drawdown_2_5_bps": [
            0.022720044021855002,
            0.065518393123966
        ],
        "calmar_ratio_2_5_bps": [
            -0.404798040991645,
            -0.57876947959691
        ],
        "perc_pos_return_2_5_bps": [
            0.527131782945736,
            0.46899224806201506
        ],
        "profit_loss_ratio_2_5_bps": [
            0.834015616653562,
            0.926055851623216
        ],
        "annual_return_3_0_bps": [
            -0.009886588297565,
            -0.040801939457533
        ],
        "annual_volatility_3_0_bps": [
            0.020416959032502003,
            0.032079138511226
        ],
        "sharpe_ratio_3_0_bps": [
            -0.47645837891309106,
            -1.282501651027222
        ],
        "downside_risk_3_0_bps": [
            0.015706211493355,
            0.024173936902858
        ],
        "sortino_ratio_3_0_bps": [
            -0.6193620407490621,
            -1.701896892901769
        ],
        "max_drawdown_3_0_bps": [
            0.023027716247097003,
            0.06721444818963901
        ],
        "calmar_ratio_3_0_bps": [
            -0.42933429400807105,
            -0.607041202546432
        ],
        "perc_pos_return_3_0_bps": [
            0.5232558139534881,
            0.46511627906976705
        ],
        "profit_loss_ratio_3_0_bps": [
            0.8423288440016521,
            0.9258874192537281
        ],
        "annual_return_rescaled": [
            -0.03781633120720218,
            -0.13854225073155968
        ],
        "annual_volatility_rescaled": [
            0.11672314044735317,
            0.1832768595526531
        ],
        "downside_risk_rescaled": [
            0.08901728343962304,
            0.1345939954905577
        ],
        "max_drawdown_rescaled": [
            0.11860684884060863,
            0.2923726161135962
        ],
        "annual_return_rescaled_0_5_bps": [
            -0.0416363953535942,
            -0.15319219396230477
        ],
        "annual_volatility_rescaled_0_5_bps": [
            0.11671692647955466,
            0.18328307352045203
        ],
        "downside_risk_rescaled_0_5_bps": [
            0.08914123756433175,
            0.13517943343788533
        ],
        "max_drawdown_rescaled_0_5_bps": [
            0.11971253747824442,
            0.29968429745644865
        ],
        "annual_return_rescaled_1_0_bps": [
            -0.04544062697457907,
            -0.16759160262925088
        ],
        "annual_volatility_rescaled_1_0_bps": [
            0.11671012214386343,
            0.18328987785614168
        ],
        "downside_risk_rescaled_1_0_bps": [
            0.089264890826178,
            0.13576764319762896
        ],
        "max_drawdown_rescaled_1_0_bps": [
            0.12081605730163066,
            0.3069187080496462
        ],
        "annual_return_rescaled_1_5_bps": [
            -0.04922902802119755,
            -0.18174453879209862
        ],
        "annual_volatility_rescaled_1_5_bps": [
            0.11670272786686472,
            0.18329727213313748
        ],
        "downside_risk_rescaled_1_5_bps": [
            0.08938824180527767,
            0.13635856643387195
        ],
        "max_drawdown_rescaled_1_5_bps": [
            0.1222901345495118,
            0.3140765572612996
        ],
        "annual_return_rescaled_2_0_bps": [
            -0.053001601267731235,
            -0.19565500696299143
        ],
        "annual_volatility_rescaled_2_0_bps": [
            0.11669474411308683,
            0.18330525588691407
        ],
        "downside_risk_rescaled_2_0_bps": [
            0.08951128753686008,
            0.1369521453078274
        ],
        "max_drawdown_rescaled_2_0_bps": [
            0.123861115261228,
            0.3211585505893595
        ],
        "annual_return_rescaled_2_5_bps": [
            -0.05675835030723153,
            -0.20932695469168316
        ],
        "annual_volatility_rescaled_2_5_bps": [
            0.11668617138491615,
            0.18331382861508988
        ],
        "downside_risk_rescaled_2_5_bps": [
            0.08963402508621385,
            0.13754832248167007
        ],
        "max_drawdown_rescaled_2_5_bps": [
            0.12542837936751625,
            0.3281653896321704
        ],
        "annual_return_rescaled_3_0_bps": [
            -0.060499279546984086,
            -0.22276427315042824
        ],
        "annual_volatility_rescaled_3_0_bps": [
            0.11667701022249606,
            0.18332298977750675
        ],
        "downside_risk_rescaled_3_0_bps": [
            0.08975645178352168,
            0.13814705111778444
        ],
        "max_drawdown_rescaled_3_0_bps": [
            0.12699190978852207,
            0.3350977720600405
        ],
        "sharpe_ratio_years": [
            -0.033930383356355,
            -0.8109023723124561
        ],
        "sharpe_ratio_years_0_5_bps": [
            -0.066639159613556,
            -0.9036348230064921
        ],
        "sharpe_ratio_years_1_0_bps": [
            -0.09934777971529801,
            -0.996321401493744
        ],
        "sharpe_ratio_years_1_5_bps": [
            -0.132056179060681,
            -1.0889597182810231
        ],
        "sharpe_ratio_years_2_0_bps": [
            -0.16476429305103502,
            -1.181547390728613
        ],
        "sharpe_ratio_years_2_5_bps": [
            -0.197472057090556,
            -1.274082043349731
        ],
        "sharpe_ratio_years_3_0_bps": [
            -0.23017940658694402,
            -1.366561308107774
        ]
    },
    "COMB": {
        "annual_return": [
            -0.005742057663692001,
            -0.023380839663434003
        ],
        "annual_volatility": [
            0.020416170676055,
            0.032057153630869
        ],
        "sharpe_ratio": [
            -0.271882634093606,
            -0.7220051709471831
        ],
        "downside_risk": [
            0.015570109276162002,
            0.023541981250469003
        ],
        "sortino_ratio": [
            -0.356503744646723,
            -0.9831555993986331
        ],
        "max_drawdown": [
            0.021453997807767,
            0.05699215111810801
        ],
        "calmar_ratio": [
            -0.26764511281963804,
            -0.41024666036873103
        ],
        "perc_pos_return": [
            0.5348837209302321,
            0.46899224806201506
        ],
        "profit_loss_ratio": [
            0.8315002821265921,
            0.994704359466936
        ],
        "annual_return_0_5_bps": [
            -0.006434009989219,
            -0.026306065557965
        ],
        "annual_volatility_0_5_bps": [
            0.020416261814787003,
            0.032060090409148
        ],
        "sharpe_ratio_0_5_bps": [
            -0.30598029200564303,
            -0.8154931335652921
        ],
        "downside_risk_0_5_bps": [
            0.015592689933677002,
            0.023645745208394003
        ],
        "sortino_ratio_0_5_bps": [
            -0.40063477041635004,
            -1.10568659857086
        ],
        "max_drawdown_0_5_bps": [
            0.021669777147218003,
            0.058703546666490004
        ],
        "calmar_ratio_0_5_bps": [
            -0.296911682363362,
            -0.448117142008763
        ],
        "perc_pos_return_0_5_bps": [
            0.527131782945736,
            0.46899224806201506
        ],
        "profit_loss_ratio_0_5_bps": [
            0.8529831343876451,
            0.9863342639865231
        ],
        "annual_return_1_0_bps": [
            -0.007125482986363001,
            -0.029222573353535
        ],
        "annual_volatility_1_0_bps": [
            0.020416369055499,
            0.032063318259882005
        ],
        "sharpe_ratio_1_0_bps": [
            -0.34007737728094,
            -0.9089557187041221
        ],
        "downside_risk_1_0_bps": [
            0.015615311862664,
            0.023750144875192003
        ],
        "sortino_ratio_1_0_bps": [
            -0.44463698855702505,
            -1.2271140511396141
        ],
        "max_drawdown_1_0_bps": [
            0.02188550967523,
            0.060411863154509006
        ],
        "calmar_ratio_1_0_bps": [
            -0.325579942715627,
            -0.483722431781255
        ],
        "perc_pos_return_1_0_bps": [
            0.527131782945736,
            0.46899224806201506
        ],
        "profit_loss_ratio_1_0_bps": [
            0.8482030029451411,
            0.970901881121991
        ],
        "annual_return_1_5_bps": [
            -0.007816476985618001,
            -0.032130388902845
        ],
        "annual_volatility_1_5_bps": [
            0.020416492397938,
            0.032066837095172
        ],
        "sharpe_ratio_1_5_bps": [
            -0.37417380925860405,
            -1.00239039167965
        ],
        "downside_risk_1_5_bps": [
            0.015637975158254002,
            0.023855171904523003
        ],
        "sortino_ratio_1_5_bps": [
            -0.48851060670752505,
            -1.347443209565061
        ],
        "max_drawdown_1_5_bps": [
            0.022104412266975,
            0.062117106073775005
        ],
        "calmar_ratio_1_5_bps": [
            -0.35361614193634705,
            -0.517255083723389
        ],
        "perc_pos_return_1_5_bps": [
            0.527131782945736,
            0.46899224806201506
        ],
        "profit_loss_ratio_1_5_bps": [
            0.8434485096177521,
            0.9557152020602241
        ],
        "annual_return_2_0_bps": [
            -0.008506992317244,
            -0.035029537982335004
        ],
        "annual_volatility_2_0_bps": [
            0.020416631841811,
            0.032070646819237006
        ],
        "sharpe_ratio_2_0_bps": [
            -0.408269507285106,
            -1.095794621687654
        ],
        "downside_risk_2_0_bps": [
            0.015660679640854002,
            0.023960818046667002
        ],
        "sortino_ratio_2_0_bps": [
            -0.5322558416131891,
            -1.46667956954216
        ],
        "max_drawdown_2_0_bps": [
            0.022412276038297003,
            0.06381928090619
        ],
        "calmar_ratio_2_0_bps": [
            -0.379568425032264,
            -0.548886441290788
        ],
        "perc_pos_return_2_0_bps": [
            0.527131782945736,
            0.46899224806201506
        ],
        "profit_loss_ratio_2_0_bps": [
            0.838719448693066,
            0.9407684052537221
        ],
        "annual_return_2_5_bps": [
            -0.009197029311290001,
            -0.037920046292383006
        ],
        "annual_volatility_2_5_bps": [
            0.020416787386788003,
            0.032074747328424004
        ],
        "sharpe_ratio_2_5_bps": [
            -0.442364390715244,
            -1.189165882144604
        ],
        "downside_risk_2_5_bps": [
            0.01568342513159,
            0.024067075148552
        ],
        "sortino_ratio_2_5_bps": [
            -0.5758729127687261,
            -1.584828857097969
        ],
        "max_drawdown_2_5_bps": [
            0.022720044021855002,
            0.065518393123966
        ],
        "calmar_ratio_2_5_bps": [
            -0.404798040991645,
            -0.57876947959691
        ],
        "perc_pos_return_2_5_bps": [
            0.527131782945736,
            0.46899224806201506
        ],
        "profit_loss_ratio_2_5_bps": [
            0.834015616653562,
            0.926055851623216
        ],
        "annual_return_3_0_bps": [
            -0.009886588297565,
            -0.040801939457533
        ],
        "annual_volatility_3_0_bps": [
            0.020416959032502003,
            0.032079138511226
        ],
        "sharpe_ratio_3_0_bps": [
            -0.47645837891309106,
            -1.282501651027222
        ],
        "downside_risk_3_0_bps": [
            0.015706211493355,
            0.024173936902858
        ],
        "sortino_ratio_3_0_bps": [
            -0.6193620407490621,
            -1.701896892901769
        ],
        "max_drawdown_3_0_bps": [
            0.023027716247097003,
            0.06721444818963901
        ],
        "calmar_ratio_3_0_bps": [
            -0.42933429400807105,
            -0.607041202546432
        ],
        "perc_pos_return_3_0_bps": [
            0.5232558139534881,
            0.46511627906976705
        ],
        "profit_loss_ratio_3_0_bps": [
            0.8423288440016521,
            0.9258874192537281
        ],
        "annual_return_rescaled": [
            -0.03781633120720218,
            -0.13854225073155968
        ],
        "annual_volatility_rescaled": [
            0.11672314044735317,
            0.1832768595526531
        ],
        "downside_risk_rescaled": [
            0.08901728343962304,
            0.1345939954905577
        ],
        "max_drawdown_rescaled": [
            0.11860684884060863,
            0.2923726161135962
        ],
        "annual_return_rescaled_0_5_bps": [
            -0.0416363953535942,
            -0.15319219396230477
        ],
        "annual_volatility_rescaled_0_5_bps": [
            0.11671692647955466,
            0.18328307352045203
        ],
        "downside_risk_rescaled_0_5_bps": [
            0.08914123756433175,
            0.13517943343788533
        ],
        "max_drawdown_rescaled_0_5_bps": [
            0.11971253747824442,
            0.29968429745644865
        ],
        "annual_return_rescaled_1_0_bps": [
            -0.04544062697457907,
            -0.16759160262925088
        ],
        "annual_volatility_rescaled_1_0_bps": [
            0.11671012214386343,
            0.18328987785614168
        ],
        "downside_risk_rescaled_1_0_bps": [
            0.089264890826178,
            0.13576764319762896
        ],
        "max_drawdown_rescaled_1_0_bps": [
            0.12081605730163066,
            0.3069187080496462
        ],
        "annual_return_rescaled_1_5_bps": [
            -0.04922902802119755,
            -0.18174453879209862
        ],
        "annual_volatility_rescaled_1_5_bps": [
            0.11670272786686472,
            0.18329727213313748
        ],
        "downside_risk_rescaled_1_5_bps": [
            0.08938824180527767,
            0.13635856643387195
        ],
        "max_drawdown_rescaled_1_5_bps": [
            0.1222901345495118,
            0.3140765572612996
        ],
        "annual_return_rescaled_2_0_bps": [
            -0.053001601267731235,
            -0.19565500696299143
        ],
        "annual_volatility_rescaled_2_0_bps": [
            0.11669474411308683,
            0.18330525588691407
        ],
        "downside_risk_rescaled_2_0_bps": [
            0.08951128753686008,
            0.1369521453078274
        ],
        "max_drawdown_rescaled_2_0_bps": [
            0.123861115261228,
            0.3211585505893595
        ],
        "annual_return_rescaled_2_5_bps": [
            -0.05675835030723153,
            -0.20932695469168316
        ],
        "annual_volatility_rescaled_2_5_bps": [
            0.11668617138491615,
            0.18331382861508988
        ],
        "downside_risk_rescaled_2_5_bps": [
            0.08963402508621385,
            0.13754832248167007
        ],
        "max_drawdown_rescaled_2_5_bps": [
            0.12542837936751625,
            0.3281653896321704
        ],
        "annual_return_rescaled_3_0_bps": [
            -0.060499279546984086,
            -0.22276427315042824
        ],
        "annual_volatility_rescaled_3_0_bps": [
            0.11667701022249606,
            0.18332298977750675
        ],
        "downside_risk_rescaled_3_0_bps": [
            0.08975645178352168,
            0.13814705111778444
        ],
        "max_drawdown_rescaled_3_0_bps": [
            0.12699190978852207,
            0.3350977720600405
        ],
        "sharpe_ratio_years": [
            -0.033930383356355,
            -0.8109023723124561
        ],
        "sharpe_ratio_years_0_5_bps": [
            -0.066639159613556,
            -0.9036348230064921
        ],
        "sharpe_ratio_years_1_0_bps": [
            -0.09934777971529801,
            -0.996321401493744
        ],
        "sharpe_ratio_years_1_5_bps": [
            -0.132056179060681,
            -1.0889597182810231
        ],
        "sharpe_ratio_years_2_0_bps": [
            -0.16476429305103502,
            -1.181547390728613
        ],
        "sharpe_ratio_years_2_5_bps": [
            -0.197472057090556,
            -1.274082043349731
        ],
        "sharpe_ratio_years_3_0_bps": [
            -0.23017940658694402,
            -1.366561308107774
        ]
    }
}