{
    "ALL": {
        "annual_return": -0.072738008972071,
        "annual_volatility": 0.04250159682612101,
        "sharpe_ratio": -1.8398404636779149,
        "downside_risk": 0.0324945812947345,
        "sortino_ratio": -2.3547226746419447,
        "max_drawdown": 0.0931471914955885,
        "calmar_ratio": -0.7548805339387576,
        "perc_pos_return": 0.4418604651162785,
        "profit_loss_ratio": 0.9320172302687181,
        "annual_return_0_5_bps": -0.0805086291509635,
        "annual_volatility_0_5_bps": 0.042495909971976505,
        "sharpe_ratio_0_5_bps": -2.0363482856932014,
        "downside_risk_0_5_bps": 0.032797318883140004,
        "sortino_ratio_0_5_bps": -2.5882385626726707,
        "max_drawdown_0_5_bps": 0.099556684745918,
        "calmar_ratio_0_5_bps": -0.7888409330552916,
        "perc_pos_return_0_5_bps": 0.43992248062015454,
        "profit_loss_ratio_0_5_bps": 0.912729806063821,
        "annual_return_1_0_bps": -0.088213038075531,
        "annual_volatility_1_0_bps": 0.042491817028211004,
        "sharpe_ratio_1_0_bps": -2.2328291723933713,
        "downside_risk_1_0_bps": 0.0331031457848455,
        "sortino_ratio_1_0_bps": -2.817185830252419,
        "max_drawdown_1_0_bps": 0.10694757796618351,
        "calmar_ratio_1_0_bps": -0.8100236073806961,
        "perc_pos_return_1_0_bps": 0.43604651162790653,
        "profit_loss_ratio_1_0_bps": 0.898185579275647,
        "annual_return_1_5_bps": -0.09585180850928901,
        "annual_volatility_1_5_bps": 0.042489318400936005,
        "sharpe_ratio_1_5_bps": -2.429261020063127,
        "downside_risk_1_5_bps": 0.033412031277636506,
        "sortino_ratio_1_5_bps": -3.0416301307193385,
        "max_drawdown_1_5_bps": 0.1142766579017605,
        "calmar_ratio_1_5_bps": -0.82753684917015,
        "perc_pos_return_1_5_bps": 0.43023255813953454,
        "profit_loss_ratio_1_5_bps": 0.8905434398766356,
        "annual_return_2_0_bps": -0.10342550819625501,
        "annual_volatility_2_0_bps": 0.042488414317250506,
        "sharpe_ratio_2_0_bps": -2.6256217328211275,
        "downside_risk_2_0_bps": 0.0337239885947845,
        "sortino_ratio_2_0_bps": -3.2616356245563782,
        "max_drawdown_2_0_bps": 0.1215444503823605,
        "calmar_ratio_2_0_bps": -0.8422888981530721,
        "perc_pos_return_2_0_bps": 0.42054263565891453,
        "profit_loss_ratio_2_0_bps": 0.8982382963625856,
        "annual_return_2_5_bps": -0.11093469990541,
        "annual_volatility_2_5_bps": 0.042489104825143,
        "sharpe_ratio_2_5_bps": -2.8218892350109632,
        "downside_risk_2_5_bps": 0.034039036210095006,
        "sortino_ratio_2_5_bps": -3.477264334496438,
        "max_drawdown_2_5_bps": 0.1287514766993445,
        "calmar_ratio_2_5_bps": -0.8549054659673581,
        "perc_pos_return_2_5_bps": 0.41472868217054254,
        "profit_loss_ratio_2_5_bps": 0.8911100229706785,
        "annual_return_3_0_bps": -0.11837994147474701,
        "annual_volatility_3_0_bps": 0.042491389793496,
        "sharpe_ratio_3_0_bps": -3.0180414835739544,
        "downside_risk_3_0_bps": 0.034357185906797004,
        "sortino_ratio_3_0_bps": -3.688578405168159,
        "max_drawdown_3_0_bps": 0.135898253645344,
        "calmar_ratio_3_0_bps": -0.8658327417474451,
        "perc_pos_return_3_0_bps": 0.4108527131782945,
        "profit_loss_ratio_3_0_bps": 0.876939491212843,
        "annual_return_rescaled": -0.2373310139900936,
        "annual_volatility_rescaled": 0.15000000000000094,
        "downside_risk_rescaled": 0.11468244861836799,
        "max_drawdown_rescaled": 0.2944876205782514,
        "annual_return_rescaled_0_5_bps": -0.25993215817670384,
        "annual_volatility_rescaled_0_5_bps": 0.15000000000000097,
        "downside_risk_rescaled_0_5_bps": 0.11576638400531411,
        "max_drawdown_rescaled_0_5_bps": 0.31305863387974997,
        "annual_return_rescaled_1_0_bps": -0.28184977300168,
        "annual_volatility_rescaled_1_0_bps": 0.15000000000000138,
        "downside_risk_rescaled_1_0_bps": 0.11685713191389845,
        "max_drawdown_rescaled_1_0_bps": 0.3329807963460545,
        "annual_return_rescaled_1_5_bps": -0.3031025049353299,
        "annual_volatility_rescaled_1_5_bps": 0.15000000000000174,
        "downside_risk_rescaled_1_5_bps": 0.11795446197449763,
        "max_drawdown_rescaled_1_5_bps": 0.3523077975631841,
        "annual_return_rescaled_2_0_bps": -0.3237086315729724,
        "annual_volatility_rescaled_2_0_bps": 0.15000000000000097,
        "downside_risk_rescaled_2_0_bps": 0.11905829790319855,
        "max_drawdown_rescaled_2_0_bps": 0.3710557706838983,
        "annual_return_rescaled_2_5_bps": -0.34368606146435965,
        "annual_volatility_rescaled_2_5_bps": 0.1500000000000009,
        "downside_risk_rescaled_2_5_bps": 0.12016858092272445,
        "max_drawdown_rescaled_2_5_bps": 0.3892405283203516,
        "annual_return_rescaled_3_0_bps": -0.3630523343708045,
        "annual_volatility_rescaled_3_0_bps": 0.1500000000000011,
        "downside_risk_rescaled_3_0_bps": 0.12128522769119768,
        "max_drawdown_rescaled_3_0_bps": 0.4068775626486905,
        "sharpe_ratio_years": -1.7125987503789322,
        "sharpe_ratio_years_0_5_bps": -1.9045164792130556,
        "sharpe_ratio_years_1_0_bps": -2.0964012757012025,
        "sharpe_ratio_years_1_5_bps": -2.2882338231635315,
        "sharpe_ratio_years_2_0_bps": -2.479994816006316,
        "sharpe_ratio_years_2_5_bps": -2.6716649694093793,
        "sharpe_ratio_years_3_0_bps": -2.863225028996194,
        "sharpe_ratio_years_std": 1.0857659860446711,
        "sharpe_ratio_years_std_0_5_bps": 1.0765865195306965,
        "sharpe_ratio_years_std_1_0_bps": 1.0674306888405884,
        "sharpe_ratio_years_std_1_5_bps": 1.0582998032688598,
        "sharpe_ratio_years_std_2_0_bps": 1.049195146503672,
        "sharpe_ratio_years_std_2_5_bps": 1.0401179757867542,
        "sharpe_ratio_years_std_3_0_bps": 1.0310695211108925
    },
    "COMB": {
        "annual_return": -0.072738008972071,
        "annual_volatility": 0.04250159682612101,
        "sharpe_ratio": -1.8398404636779149,
        "downside_risk": 0.0324945812947345,
        "sortino_ratio": -2.3547226746419447,
        "max_drawdown": 0.0931471914955885,
        "calmar_ratio": -0.7548805339387576,
        "perc_pos_return": 0.4418604651162785,
        "profit_loss_ratio": 0.9320172302687181,
        "annual_return_0_5_bps": -0.0805086291509635,
        "annual_volatility_0_5_bps": 0.042495909971976505,
        "sharpe_ratio_0_5_bps": -2.0363482856932014,
        "downside_risk_0_5_bps": 0.032797318883140004,
        "sortino_ratio_0_5_bps": -2.5882385626726707,
        "max_drawdown_0_5_bps": 0.099556684745918,
        "calmar_ratio_0_5_bps": -0.7888409330552916,
        "perc_pos_return_0_5_bps": 0.43992248062015454,
        "profit_loss_ratio_0_5_bps": 0.912729806063821,
        "annual_return_1_0_bps": -0.088213038075531,
        "annual_volatility_1_0_bps": 0.042491817028211004,
        "sharpe_ratio_1_0_bps": -2.2328291723933713,
        "downside_risk_1_0_bps": 0.0331031457848455,
        "sortino_ratio_1_0_bps": -2.817185830252419,
        "max_drawdown_1_0_bps": 0.10694757796618351,
        "calmar_ratio_1_0_bps": -0.8100236073806961,
        "perc_pos_return_1_0_bps": 0.43604651162790653,
        "profit_loss_ratio_1_0_bps": 0.898185579275647,
        "annual_return_1_5_bps": -0.09585180850928901,
        "annual_volatility_1_5_bps": 0.042489318400936005,
        "sharpe_ratio_1_5_bps": -2.429261020063127,
        "downside_risk_1_5_bps": 0.033412031277636506,
        "sortino_ratio_1_5_bps": -3.0416301307193385,
        "max_drawdown_1_5_bps": 0.1142766579017605,
        "calmar_ratio_1_5_bps": -0.82753684917015,
        "perc_pos_return_1_5_bps": 0.43023255813953454,
        "profit_loss_ratio_1_5_bps": 0.8905434398766356,
        "annual_return_2_0_bps": -0.10342550819625501,
        "annual_volatility_2_0_bps": 0.042488414317250506,
        "sharpe_ratio_2_0_bps": -2.6256217328211275,
        "downside_risk_2_0_bps": 0.0337239885947845,
        "sortino_ratio_2_0_bps": -3.2616356245563782,
        "max_drawdown_2_0_bps": 0.1215444503823605,
        "calmar_ratio_2_0_bps": -0.8422888981530721,
        "perc_pos_return_2_0_bps": 0.42054263565891453,
        "profit_loss_ratio_2_0_bps": 0.8982382963625856,
        "annual_return_2_5_bps": -0.11093469990541,
        "annual_volatility_2_5_bps": 0.042489104825143,
        "sharpe_ratio_2_5_bps": -2.8218892350109632,
        "downside_risk_2_5_bps": 0.034039036210095006,
        "sortino_ratio_2_5_bps": -3.477264334496438,
        "max_drawdown_2_5_bps": 0.1287514766993445,
        "calmar_ratio_2_5_bps": -0.8549054659673581,
        "perc_pos_return_2_5_bps": 0.41472868217054254,
        "profit_loss_ratio_2_5_bps": 0.8911100229706785,
        "annual_return_3_0_bps": -0.11837994147474701,
        "annual_volatility_3_0_bps": 0.042491389793496,
        "sharpe_ratio_3_0_bps": -3.0180414835739544,
        "downside_risk_3_0_bps": 0.034357185906797004,
        "sortino_ratio_3_0_bps": -3.688578405168159,
        "max_drawdown_3_0_bps": 0.135898253645344,
        "calmar_ratio_3_0_bps": -0.8658327417474451,
        "perc_pos_return_3_0_bps": 0.4108527131782945,
        "profit_loss_ratio_3_0_bps": 0.876939491212843,
        "annual_return_rescaled": -0.2373310139900936,
        "annual_volatility_rescaled": 0.15000000000000094,
        "downside_risk_rescaled": 0.11468244861836799,
        "max_drawdown_rescaled": 0.2944876205782514,
        "annual_return_rescaled_0_5_bps": -0.25993215817670384,
        "annual_volatility_rescaled_0_5_bps": 0.15000000000000097,
        "downside_risk_rescaled_0_5_bps": 0.11576638400531411,
        "max_drawdown_rescaled_0_5_bps": 0.31305863387974997,
        "annual_return_rescaled_1_0_bps": -0.28184977300168,
        "annual_volatility_rescaled_1_0_bps": 0.15000000000000138,
        "downside_risk_rescaled_1_0_bps": 0.11685713191389845,
        "max_drawdown_rescaled_1_0_bps": 0.3329807963460545,
        "annual_return_rescaled_1_5_bps": -0.3031025049353299,
        "annual_volatility_rescaled_1_5_bps": 0.15000000000000174,
        "downside_risk_rescaled_1_5_bps": 0.11795446197449763,
        "max_drawdown_rescaled_1_5_bps": 0.3523077975631841,
        "annual_return_rescaled_2_0_bps": -0.3237086315729724,
        "annual_volatility_rescaled_2_0_bps": 0.15000000000000097,
        "downside_risk_rescaled_2_0_bps": 0.11905829790319855,
        "max_drawdown_rescaled_2_0_bps": 0.3710557706838983,
        "annual_return_rescaled_2_5_bps": -0.34368606146435965,
        "annual_volatility_rescaled_2_5_bps": 0.1500000000000009,
        "downside_risk_rescaled_2_5_bps": 0.12016858092272445,
        "max_drawdown_rescaled_2_5_bps": 0.3892405283203516,
        "annual_return_rescaled_3_0_bps": -0.3630523343708045,
        "annual_volatility_rescaled_3_0_bps": 0.1500000000000011,
        "downside_risk_rescaled_3_0_bps": 0.12128522769119768,
        "max_drawdown_rescaled_3_0_bps": 0.4068775626486905,
        "sharpe_ratio_years": -1.7125987503789322,
        "sharpe_ratio_years_0_5_bps": -1.9045164792130556,
        "sharpe_ratio_years_1_0_bps": -2.0964012757012025,
        "sharpe_ratio_years_1_5_bps": -2.2882338231635315,
        "sharpe_ratio_years_2_0_bps": -2.479994816006316,
        "sharpe_ratio_years_2_5_bps": -2.6716649694093793,
        "sharpe_ratio_years_3_0_bps": -2.863225028996194,
        "sharpe_ratio_years_std": 1.0857659860446711,
        "sharpe_ratio_years_std_0_5_bps": 1.0765865195306965,
        "sharpe_ratio_years_std_1_0_bps": 1.0674306888405884,
        "sharpe_ratio_years_std_1_5_bps": 1.0582998032688598,
        "sharpe_ratio_years_std_2_0_bps": 1.049195146503672,
        "sharpe_ratio_years_std_2_5_bps": 1.0401179757867542,
        "sharpe_ratio_years_std_3_0_bps": 1.0310695211108925
    }
}