{
    "ALL": {
        "annual_return": [
            -0.045110367651068004,
            -0.10036565029307401
        ],
        "annual_volatility": [
            0.046155447861095,
            0.038847745791147005
        ],
        "sharpe_ratio": [
            -0.9770110440652681,
            -2.702669883290562
        ],
        "downside_risk": [
            0.033929942849192006,
            0.031059219740277002
        ],
        "sortino_ratio": [
            -1.329043862658387,
            -3.380401486625503
        ],
        "max_drawdown": [
            0.068857581721965,
            0.11743680126921201
        ],
        "calmar_ratio": [
            -0.6551256451790021,
            -0.8546354226985131
        ],
        "perc_pos_return": [
            0.48062015503875904,
            0.40310077519379806
        ],
        "profit_loss_ratio": [
            0.922148922272578,
            0.9418855382648581
        ],
        "annual_return_0_5_bps": [
            -0.054258098260934,
            -0.106759160040993
        ],
        "annual_volatility_0_5_bps": [
            0.046158165949228,
            0.038833653994725006
        ],
        "sharpe_ratio_0_5_bps": [
            -1.185452927974372,
            -2.887243643412031
        ],
        "downside_risk_0_5_bps": [
            0.034276378216149005,
            0.031318259550131004
        ],
        "sortino_ratio_0_5_bps": [
            -1.596386077589111,
            -3.580091047756231
        ],
        "max_drawdown_0_5_bps": [
            0.077656476170378,
            0.12145689332145801
        ],
        "calmar_ratio_0_5_bps": [
            -0.69869379782173,
            -0.8789880682888531
        ],
        "perc_pos_return_0_5_bps": [
            0.47674418604651103,
            0.40310077519379806
        ],
        "profit_loss_ratio_0_5_bps": [
            0.905400913832876,
            0.920058698294766
        ],
        "annual_return_1_0_bps": [
            -0.063318617470362,
            -0.1131074586807
        ],
        "annual_volatility_1_0_bps": [
            0.046162701282979,
            0.038820932773443
        ],
        "sharpe_ratio_1_0_bps": [
            -1.3938153933061561,
            -3.071842951480586
        ],
        "downside_risk_1_0_bps": [
            0.034626271414085,
            0.031580020155606
        ],
        "sortino_ratio_1_0_bps": [
            -1.858192667508428,
            -3.7761789929964102
        ],
        "max_drawdown_1_0_bps": [
            0.08637263206859601,
            0.127522523863771
        ],
        "calmar_ratio_1_0_bps": [
            -0.733086580250036,
            -0.8869606345113561
        ],
        "perc_pos_return_1_0_bps": [
            0.472868217054263,
            0.39922480620155004
        ],
        "profit_loss_ratio_1_0_bps": [
            0.888943036390291,
            0.9074281221610031
        ],
        "annual_return_1_5_bps": [
            -0.072292752697158,
            -0.11941086432142001
        ],
        "annual_volatility_1_5_bps": [
            0.04616905332680701,
            0.038809583475065
        ],
        "sharpe_ratio_1_5_bps": [
            -1.602073878180096,
            -3.256448161946158
        ],
        "downside_risk_1_5_bps": [
            0.034979569790514004,
            0.031844492764759
        ],
        "sortino_ratio_1_5_bps": [
            -2.11455528922028,
            -3.968704972218397
        ],
        "max_drawdown_1_5_bps": [
            0.095006823606139,
            0.13354649219738202
        ],
        "calmar_ratio_1_5_bps": [
            -0.7609216891289311,
            -0.8941520092113691
        ],
        "perc_pos_return_1_5_bps": [
            0.46124031007751903,
            0.39922480620155004
        ],
        "profit_loss_ratio_1_5_bps": [
            0.9004127000828741,
            0.8806741796703971
        ],
        "annual_return_2_0_bps": [
            -0.08118132354716301,
            -0.12566969284534701
        ],
        "annual_volatility_2_0_bps": [
            0.046177221331002,
            0.038799607303499004
        ],
        "sharpe_ratio_2_0_bps": [
            -1.8102038749012341,
            -3.441039590741021
        ],
        "downside_risk_2_0_bps": [
            0.035336326786674005,
            0.032111650402895
        ],
        "sortino_ratio_2_0_bps": [
            -2.365559541323765,
            -4.157711707788991
        ],
        "max_drawdown_2_0_bps": [
            0.10355981776414001,
            0.139529083000581
        ],
        "calmar_ratio_2_0_bps": [
            -0.783907555071754,
            -0.90067024123439
        ],
        "perc_pos_return_2_0_bps": [
            0.457364341085271,
            0.38372093023255804
        ],
        "profit_loss_ratio_2_0_bps": [
            0.8841746687780151,
            0.912301923947156
        ],
        "annual_return_2_5_bps": [
            -0.08998514188766,
            -0.13188425792316
        ],
        "annual_volatility_2_5_bps": [
            0.046187204332132005,
            0.038791005318154
        ],
        "sharpe_ratio_2_5_bps": [
            -2.018180944350337,
            -3.625597525671589
        ],
        "downside_risk_2_5_bps": [
            0.035696562326077,
            0.032381510094113004
        ],
        "sortino_ratio_2_5_bps": [
            -2.611291664570942,
            -4.343237004421934
        ],
        "max_drawdown_2_5_bps": [
            0.11203237438213301,
            0.14547057901655602
        ],
        "calmar_ratio_2_5_bps": [
            -0.803206594378942,
            -0.9066043375557741
        ],
        "perc_pos_return_2_5_bps": [
            0.44961240310077505,
            0.37984496124031003
        ],
        "profit_loss_ratio_2_5_bps": [
            0.881940386582139,
            0.900279659359218
        ],
        "annual_return_3_0_bps": [
            -0.098705011920066,
            -0.138054871029428
        ],
        "annual_volatility_3_0_bps": [
            0.046199001153603,
            0.038783778433389
        ],
        "sharpe_ratio_3_0_bps": [
            -2.225980730284109,
            -3.8101022368638002
        ],
        "downside_risk_3_0_bps": [
            0.036060283255052006,
            0.032654088558542
        ],
        "sortino_ratio_3_0_bps": [
            -2.851838006898823,
            -4.525318803437495
        ],
        "max_drawdown_3_0_bps": [
            0.120425246224218,
            0.15137126106647
        ],
        "calmar_ratio_3_0_bps": [
            -0.8196372024541111,
            -0.912028281040779
        ],
        "perc_pos_return_3_0_bps": [
            0.441860465116279,
            0.37984496124031003
        ],
        "profit_loss_ratio_3_0_bps": [
            0.8798767231767161,
            0.87400225924897
        ],
        "annual_return_rescaled": [
            -0.15837571344472245,
            -0.31628631453546474
        ],
        "annual_volatility_rescaled": [
            0.16289546031619348,
            0.1371045396838084
        ],
        "downside_risk_rescaled": [
            0.1197482402414316,
            0.10961665699530437
        ],
        "max_drawdown_rescaled": [
            0.22951591888536685,
            0.359459322271136
        ],
        "annual_return_rescaled_0_5_bps": [
            -0.18652944840854546,
            -0.3333348679448622
        ],
        "annual_volatility_rescaled_0_5_bps": [
            0.16292685335953563,
            0.1370731466404663
        ],
        "downside_risk_rescaled_0_5_bps": [
            0.12098709583611449,
            0.11054567217451372
        ],
        "max_drawdown_rescaled_0_5_bps": [
            0.2549602354386048,
            0.3711570323208952
        ],
        "annual_return_rescaled_1_0_bps": [
            -0.21374550566202732,
            -0.3499540403413327
        ],
        "annual_volatility_rescaled_1_0_bps": [
            0.1629585571228858,
            0.13704144287711698
        ],
        "downside_risk_rescaled_1_0_bps": [
            0.12223390467544648,
            0.11148035915235041
        ],
        "max_drawdown_rescaled_1_0_bps": [
            0.2795655778862339,
            0.38639601480587515
        ],
        "annual_return_rescaled_1_5_bps": [
            -0.24005206501748744,
            -0.3661529448531724
        ],
        "annual_volatility_rescaled_1_5_bps": [
            0.1629905646796285,
            0.13700943532037496
        ],
        "downside_risk_rescaled_1_5_bps": [
            0.12348834168310752,
            0.11242058226588775
        ],
        "max_drawdown_rescaled_1_5_bps": [
            0.30335693011531717,
            0.40125866501105106
        ],
        "annual_return_rescaled_2_0_bps": [
            -0.26547666779592005,
            -0.3819405953500248
        ],
        "annual_volatility_rescaled_2_0_bps": [
            0.16302286896214363,
            0.1369771310378583
        ],
        "downside_risk_rescaled_2_0_bps": [
            0.12475045499283775,
            0.11336614081355935
        ],
        "max_drawdown_rescaled_2_0_bps": [
            0.3263587154267207,
            0.4157528259410758
        ],
        "annual_return_rescaled_2_5_bps": [
            -0.29004621978489553,
            -0.39732590314382377
        ],
        "annual_volatility_rescaled_2_5_bps": [
            0.16305546276701227,
            0.13694453723298955
        ],
        "downside_risk_rescaled_2_5_bps": [
            0.12602017319374392,
            0.11431698865170498
        ],
        "max_drawdown_rescaled_2_5_bps": [
            0.3485947990299527,
            0.4298862576107505
        ],
        "annual_return_rescaled_3_0_bps": [
            -0.3137869948387665,
            -0.41231767390284246
        ],
        "annual_volatility_rescaled_3_0_bps": [
            0.16308833876036866,
            0.13691166123963355
        ],
        "downside_risk_rescaled_3_0_bps": [
            0.1272973775286062,
            0.11527307785378914
        ],
        "max_drawdown_rescaled_3_0_bps": [
            0.37008849109885494,
            0.4436666341985261
        ],
        "sharpe_ratio_years": [
            -0.626832764334261,
            -2.7983647364236033
        ],
        "sharpe_ratio_years_0_5_bps": [
            -0.827929959682359,
            -2.981102998743752
        ],
        "sharpe_ratio_years_1_0_bps": [
            -1.028970586860614,
            -3.163831964541791
        ],
        "sharpe_ratio_years_1_5_bps": [
            -1.229934019894672,
            -3.3465336264323913
        ],
        "sharpe_ratio_years_2_0_bps": [
            -1.430799669502644,
            -3.529189962509988
        ],
        "sharpe_ratio_years_2_5_bps": [
            -1.631546993622625,
            -3.7117829451961333
        ],
        "sharpe_ratio_years_3_0_bps": [
            -1.8321555078853011,
            -3.894294550107086
        ]
    },
    "COMB": {
        "annual_return": [
            -0.045110367651068004,
            -0.10036565029307401
        ],
        "annual_volatility": [
            0.046155447861095,
            0.038847745791147005
        ],
        "sharpe_ratio": [
            -0.9770110440652681,
            -2.702669883290562
        ],
        "downside_risk": [
            0.033929942849192006,
            0.031059219740277002
        ],
        "sortino_ratio": [
            -1.329043862658387,
            -3.380401486625503
        ],
        "max_drawdown": [
            0.068857581721965,
            0.11743680126921201
        ],
        "calmar_ratio": [
            -0.6551256451790021,
            -0.8546354226985131
        ],
        "perc_pos_return": [
            0.48062015503875904,
            0.40310077519379806
        ],
        "profit_loss_ratio": [
            0.922148922272578,
            0.9418855382648581
        ],
        "annual_return_0_5_bps": [
            -0.054258098260934,
            -0.106759160040993
        ],
        "annual_volatility_0_5_bps": [
            0.046158165949228,
            0.038833653994725006
        ],
        "sharpe_ratio_0_5_bps": [
            -1.185452927974372,
            -2.887243643412031
        ],
        "downside_risk_0_5_bps": [
            0.034276378216149005,
            0.031318259550131004
        ],
        "sortino_ratio_0_5_bps": [
            -1.596386077589111,
            -3.580091047756231
        ],
        "max_drawdown_0_5_bps": [
            0.077656476170378,
            0.12145689332145801
        ],
        "calmar_ratio_0_5_bps": [
            -0.69869379782173,
            -0.8789880682888531
        ],
        "perc_pos_return_0_5_bps": [
            0.47674418604651103,
            0.40310077519379806
        ],
        "profit_loss_ratio_0_5_bps": [
            0.905400913832876,
            0.920058698294766
        ],
        "annual_return_1_0_bps": [
            -0.063318617470362,
            -0.1131074586807
        ],
        "annual_volatility_1_0_bps": [
            0.046162701282979,
            0.038820932773443
        ],
        "sharpe_ratio_1_0_bps": [
            -1.3938153933061561,
            -3.071842951480586
        ],
        "downside_risk_1_0_bps": [
            0.034626271414085,
            0.031580020155606
        ],
        "sortino_ratio_1_0_bps": [
            -1.858192667508428,
            -3.7761789929964102
        ],
        "max_drawdown_1_0_bps": [
            0.08637263206859601,
            0.127522523863771
        ],
        "calmar_ratio_1_0_bps": [
            -0.733086580250036,
            -0.8869606345113561
        ],
        "perc_pos_return_1_0_bps": [
            0.472868217054263,
            0.39922480620155004
        ],
        "profit_loss_ratio_1_0_bps": [
            0.888943036390291,
            0.9074281221610031
        ],
        "annual_return_1_5_bps": [
            -0.072292752697158,
            -0.11941086432142001
        ],
        "annual_volatility_1_5_bps": [
            0.04616905332680701,
            0.038809583475065
        ],
        "sharpe_ratio_1_5_bps": [
            -1.602073878180096,
            -3.256448161946158
        ],
        "downside_risk_1_5_bps": [
            0.034979569790514004,
            0.031844492764759
        ],
        "sortino_ratio_1_5_bps": [
            -2.11455528922028,
            -3.968704972218397
        ],
        "max_drawdown_1_5_bps": [
            0.095006823606139,
            0.13354649219738202
        ],
        "calmar_ratio_1_5_bps": [
            -0.7609216891289311,
            -0.8941520092113691
        ],
        "perc_pos_return_1_5_bps": [
            0.46124031007751903,
            0.39922480620155004
        ],
        "profit_loss_ratio_1_5_bps": [
            0.9004127000828741,
            0.8806741796703971
        ],
        "annual_return_2_0_bps": [
            -0.08118132354716301,
            -0.12566969284534701
        ],
        "annual_volatility_2_0_bps": [
            0.046177221331002,
            0.038799607303499004
        ],
        "sharpe_ratio_2_0_bps": [
            -1.8102038749012341,
            -3.441039590741021
        ],
        "downside_risk_2_0_bps": [
            0.035336326786674005,
            0.032111650402895
        ],
        "sortino_ratio_2_0_bps": [
            -2.365559541323765,
            -4.157711707788991
        ],
        "max_drawdown_2_0_bps": [
            0.10355981776414001,
            0.139529083000581
        ],
        "calmar_ratio_2_0_bps": [
            -0.783907555071754,
            -0.90067024123439
        ],
        "perc_pos_return_2_0_bps": [
            0.457364341085271,
            0.38372093023255804
        ],
        "profit_loss_ratio_2_0_bps": [
            0.8841746687780151,
            0.912301923947156
        ],
        "annual_return_2_5_bps": [
            -0.08998514188766,
            -0.13188425792316
        ],
        "annual_volatility_2_5_bps": [
            0.046187204332132005,
            0.038791005318154
        ],
        "sharpe_ratio_2_5_bps": [
            -2.018180944350337,
            -3.625597525671589
        ],
        "downside_risk_2_5_bps": [
            0.035696562326077,
            0.032381510094113004
        ],
        "sortino_ratio_2_5_bps": [
            -2.611291664570942,
            -4.343237004421934
        ],
        "max_drawdown_2_5_bps": [
            0.11203237438213301,
            0.14547057901655602
        ],
        "calmar_ratio_2_5_bps": [
            -0.803206594378942,
            -0.9066043375557741
        ],
        "perc_pos_return_2_5_bps": [
            0.44961240310077505,
            0.37984496124031003
        ],
        "profit_loss_ratio_2_5_bps": [
            0.881940386582139,
            0.900279659359218
        ],
        "annual_return_3_0_bps": [
            -0.098705011920066,
            -0.138054871029428
        ],
        "annual_volatility_3_0_bps": [
            0.046199001153603,
            0.038783778433389
        ],
        "sharpe_ratio_3_0_bps": [
            -2.225980730284109,
            -3.8101022368638002
        ],
        "downside_risk_3_0_bps": [
            0.036060283255052006,
            0.032654088558542
        ],
        "sortino_ratio_3_0_bps": [
            -2.851838006898823,
            -4.525318803437495
        ],
        "max_drawdown_3_0_bps": [
            0.120425246224218,
            0.15137126106647
        ],
        "calmar_ratio_3_0_bps": [
            -0.8196372024541111,
            -0.912028281040779
        ],
        "perc_pos_return_3_0_bps": [
            0.441860465116279,
            0.37984496124031003
        ],
        "profit_loss_ratio_3_0_bps": [
            0.8798767231767161,
            0.87400225924897
        ],
        "annual_return_rescaled": [
            -0.15837571344472245,
            -0.31628631453546474
        ],
        "annual_volatility_rescaled": [
            0.16289546031619348,
            0.1371045396838084
        ],
        "downside_risk_rescaled": [
            0.1197482402414316,
            0.10961665699530437
        ],
        "max_drawdown_rescaled": [
            0.22951591888536685,
            0.359459322271136
        ],
        "annual_return_rescaled_0_5_bps": [
            -0.18652944840854546,
            -0.3333348679448622
        ],
        "annual_volatility_rescaled_0_5_bps": [
            0.16292685335953563,
            0.1370731466404663
        ],
        "downside_risk_rescaled_0_5_bps": [
            0.12098709583611449,
            0.11054567217451372
        ],
        "max_drawdown_rescaled_0_5_bps": [
            0.2549602354386048,
            0.3711570323208952
        ],
        "annual_return_rescaled_1_0_bps": [
            -0.21374550566202732,
            -0.3499540403413327
        ],
        "annual_volatility_rescaled_1_0_bps": [
            0.1629585571228858,
            0.13704144287711698
        ],
        "downside_risk_rescaled_1_0_bps": [
            0.12223390467544648,
            0.11148035915235041
        ],
        "max_drawdown_rescaled_1_0_bps": [
            0.2795655778862339,
            0.38639601480587515
        ],
        "annual_return_rescaled_1_5_bps": [
            -0.24005206501748744,
            -0.3661529448531724
        ],
        "annual_volatility_rescaled_1_5_bps": [
            0.1629905646796285,
            0.13700943532037496
        ],
        "downside_risk_rescaled_1_5_bps": [
            0.12348834168310752,
            0.11242058226588775
        ],
        "max_drawdown_rescaled_1_5_bps": [
            0.30335693011531717,
            0.40125866501105106
        ],
        "annual_return_rescaled_2_0_bps": [
            -0.26547666779592005,
            -0.3819405953500248
        ],
        "annual_volatility_rescaled_2_0_bps": [
            0.16302286896214363,
            0.1369771310378583
        ],
        "downside_risk_rescaled_2_0_bps": [
            0.12475045499283775,
            0.11336614081355935
        ],
        "max_drawdown_rescaled_2_0_bps": [
            0.3263587154267207,
            0.4157528259410758
        ],
        "annual_return_rescaled_2_5_bps": [
            -0.29004621978489553,
            -0.39732590314382377
        ],
        "annual_volatility_rescaled_2_5_bps": [
            0.16305546276701227,
            0.13694453723298955
        ],
        "downside_risk_rescaled_2_5_bps": [
            0.12602017319374392,
            0.11431698865170498
        ],
        "max_drawdown_rescaled_2_5_bps": [
            0.3485947990299527,
            0.4298862576107505
        ],
        "annual_return_rescaled_3_0_bps": [
            -0.3137869948387665,
            -0.41231767390284246
        ],
        "annual_volatility_rescaled_3_0_bps": [
            0.16308833876036866,
            0.13691166123963355
        ],
        "downside_risk_rescaled_3_0_bps": [
            0.1272973775286062,
            0.11527307785378914
        ],
        "max_drawdown_rescaled_3_0_bps": [
            0.37008849109885494,
            0.4436666341985261
        ],
        "sharpe_ratio_years": [
            -0.626832764334261,
            -2.7983647364236033
        ],
        "sharpe_ratio_years_0_5_bps": [
            -0.827929959682359,
            -2.981102998743752
        ],
        "sharpe_ratio_years_1_0_bps": [
            -1.028970586860614,
            -3.163831964541791
        ],
        "sharpe_ratio_years_1_5_bps": [
            -1.229934019894672,
            -3.3465336264323913
        ],
        "sharpe_ratio_years_2_0_bps": [
            -1.430799669502644,
            -3.529189962509988
        ],
        "sharpe_ratio_years_2_5_bps": [
            -1.631546993622625,
            -3.7117829451961333
        ],
        "sharpe_ratio_years_3_0_bps": [
            -1.8321555078853011,
            -3.894294550107086
        ]
    }
}