{
    "ALL": {
        "annual_return": 0.008574505875943002,
        "annual_volatility": 0.0459504372328835,
        "sharpe_ratio": 0.33480036999283647,
        "downside_risk": 0.029849686148279004,
        "sortino_ratio": 0.7076134646746024,
        "max_drawdown": 0.054613599595289004,
        "calmar_ratio": 0.603070714659072,
        "perc_pos_return": 0.520367543623357,
        "profit_loss_ratio": 0.990598705704206,
        "annual_return_0_5_bps": 0.006449352209748002,
        "annual_volatility_0_5_bps": 0.0459505976906185,
        "sharpe_ratio_0_5_bps": 0.288586536935104,
        "downside_risk_0_5_bps": 0.029919667905608502,
        "sortino_ratio_0_5_bps": 0.6322719768375575,
        "max_drawdown_0_5_bps": 0.05537737348121401,
        "calmar_ratio_0_5_bps": 0.5440373301554964,
        "perc_pos_return_0_5_bps": 0.518429559127233,
        "profit_loss_ratio_0_5_bps": 0.9937315089343766,
        "annual_return_1_0_bps": 0.0043287298023404995,
        "annual_volatility_1_0_bps": 0.0459508956046715,
        "sharpe_ratio_1_0_bps": 0.2423715556342405,
        "downside_risk_1_0_bps": 0.029989889614098,
        "sortino_ratio_1_0_bps": 0.5572878992036241,
        "max_drawdown_1_0_bps": 0.056140519796342006,
        "calmar_ratio_1_0_bps": 0.487223887226368,
        "perc_pos_return_1_0_bps": 0.518429559127233,
        "profit_loss_ratio_1_0_bps": 0.98505223628545,
        "annual_return_1_5_bps": 0.0022126288844360013,
        "annual_volatility_1_5_bps": 0.045951330969558,
        "sharpe_ratio_1_5_bps": 0.19615583143906845,
        "downside_risk_1_5_bps": 0.030060349784333,
        "sortino_ratio_1_5_bps": 0.48266058726117345,
        "max_drawdown_1_5_bps": 0.0569030390642775,
        "calmar_ratio_1_5_bps": 0.43250656109794,
        "perc_pos_return_1_5_bps": 0.518429559127233,
        "profit_loss_ratio_1_5_bps": 0.9764497039046666,
        "annual_return_2_0_bps": 0.00010103970801349921,
        "annual_volatility_2_0_bps": 0.0459519037785565,
        "sharpe_ratio_2_0_bps": 0.14993976968419098,
        "downside_risk_2_0_bps": 0.030131046729560504,
        "sortino_ratio_2_0_bps": 0.40838938791018853,
        "max_drawdown_2_0_bps": 0.057664931808189004,
        "calmar_ratio_2_0_bps": 0.37977076824408645,
        "perc_pos_return_2_0_bps": 0.5164990571967311,
        "profit_loss_ratio_2_0_bps": 0.9749008778376845,
        "annual_return_2_5_bps": -0.0020060474537190003,
        "annual_volatility_2_5_bps": 0.045952614023708004,
        "sharpe_ratio_2_5_bps": 0.10372377567215096,
        "downside_risk_2_5_bps": 0.030201980743234005,
        "sortino_ratio_2_5_bps": 0.3344736808989226,
        "max_drawdown_2_5_bps": 0.058426198550797004,
        "calmar_ratio_2_5_bps": 0.32891030826942846,
        "perc_pos_return_2_5_bps": 0.5126305707701051,
        "profit_loss_ratio_2_5_bps": 0.981541098881449,
        "annual_return_3_0_bps": -0.004108642306381,
        "annual_volatility_3_0_bps": 0.045953461695817,
        "sharpe_ratio_3_0_bps": 0.05750825465559395,
        "downside_risk_3_0_bps": 0.030273156259493502,
        "sortino_ratio_3_0_bps": 0.26091289934869755,
        "max_drawdown_3_0_bps": 0.05918683981438501,
        "calmar_ratio_3_0_bps": 0.2798266004440895,
        "perc_pos_return_3_0_bps": 0.508762084343479,
        "profit_loss_ratio_3_0_bps": 0.988219945329835,
        "annual_return_rescaled": 0.027610502715784635,
        "annual_volatility_rescaled": 0.1500000000000013,
        "downside_risk_rescaled": 0.09744092095466939,
        "max_drawdown_rescaled": 0.1684427342518062,
        "annual_return_rescaled_0_5_bps": 0.020651754643798925,
        "annual_volatility_rescaled_0_5_bps": 0.15000000000000185,
        "downside_risk_rescaled_0_5_bps": 0.0976690274206729,
        "max_drawdown_rescaled_0_5_bps": 0.17061458213910705,
        "annual_return_rescaled_1_0_bps": 0.01374070957595619,
        "annual_volatility_rescaled_1_0_bps": 0.1500000000000013,
        "downside_risk_rescaled_1_0_bps": 0.09789762273224162,
        "max_drawdown_rescaled_1_0_bps": 0.17278017009859734,
        "annual_return_rescaled_1_5_bps": 0.0068770967659918525,
        "annual_volatility_rescaled_1_5_bps": 0.15000000000000113,
        "downside_risk_rescaled_1_5_bps": 0.09812669997822672,
        "max_drawdown_rescaled_1_5_bps": 0.17493949846572615,
        "annual_return_rescaled_2_0_bps": 6.064613288153664e-05,
        "annual_volatility_rescaled_2_0_bps": 0.1500000000000011,
        "downside_risk_rescaled_2_0_bps": 0.09835625159763794,
        "max_drawdown_rescaled_2_0_bps": 0.17709256772987275,
        "annual_return_rescaled_2_5_bps": -0.006708911729334022,
        "annual_volatility_rescaled_2_5_bps": 0.15000000000000158,
        "downside_risk_rescaled_2_5_bps": 0.09858627648794623,
        "max_drawdown_rescaled_2_5_bps": 0.17923937853372404,
        "annual_return_rescaled_3_0_bps": -0.013431845541894583,
        "annual_volatility_rescaled_3_0_bps": 0.15000000000000208,
        "downside_risk_rescaled_3_0_bps": 0.09881678705692434,
        "max_drawdown_rescaled_3_0_bps": 0.18137993167263938,
        "sharpe_ratio_years": 0.280914000761773,
        "sharpe_ratio_years_0_5_bps": 0.23637179426175747,
        "sharpe_ratio_years_1_0_bps": 0.19182559754409945,
        "sharpe_ratio_years_1_5_bps": 0.14727578169319155,
        "sharpe_ratio_years_2_0_bps": 0.10272271797379251,
        "sharpe_ratio_years_2_5_bps": 0.05816677781580948,
        "sharpe_ratio_years_3_0_bps": 0.013608332799064038,
        "sharpe_ratio_years_std": 1.164513163558595,
        "sharpe_ratio_years_std_0_5_bps": 1.1622582245552997,
        "sharpe_ratio_years_std_1_0_bps": 1.1599908261737215,
        "sharpe_ratio_years_std_1_5_bps": 1.1577109950630935,
        "sharpe_ratio_years_std_2_0_bps": 1.1554187584207374,
        "sharpe_ratio_years_std_2_5_bps": 1.1531141439907355,
        "sharpe_ratio_years_std_3_0_bps": 1.1507971800625438
    },
    "COMB": {
        "annual_return": 0.008574505875943002,
        "annual_volatility": 0.0459504372328835,
        "sharpe_ratio": 0.33480036999283647,
        "downside_risk": 0.029849686148279004,
        "sortino_ratio": 0.7076134646746024,
        "max_drawdown": 0.054613599595289004,
        "calmar_ratio": 0.603070714659072,
        "perc_pos_return": 0.520367543623357,
        "profit_loss_ratio": 0.990598705704206,
        "annual_return_0_5_bps": 0.006449352209748002,
        "annual_volatility_0_5_bps": 0.0459505976906185,
        "sharpe_ratio_0_5_bps": 0.288586536935104,
        "downside_risk_0_5_bps": 0.029919667905608502,
        "sortino_ratio_0_5_bps": 0.6322719768375575,
        "max_drawdown_0_5_bps": 0.05537737348121401,
        "calmar_ratio_0_5_bps": 0.5440373301554964,
        "perc_pos_return_0_5_bps": 0.518429559127233,
        "profit_loss_ratio_0_5_bps": 0.9937315089343766,
        "annual_return_1_0_bps": 0.0043287298023404995,
        "annual_volatility_1_0_bps": 0.0459508956046715,
        "sharpe_ratio_1_0_bps": 0.2423715556342405,
        "downside_risk_1_0_bps": 0.029989889614098,
        "sortino_ratio_1_0_bps": 0.5572878992036241,
        "max_drawdown_1_0_bps": 0.056140519796342006,
        "calmar_ratio_1_0_bps": 0.487223887226368,
        "perc_pos_return_1_0_bps": 0.518429559127233,
        "profit_loss_ratio_1_0_bps": 0.98505223628545,
        "annual_return_1_5_bps": 0.0022126288844360013,
        "annual_volatility_1_5_bps": 0.045951330969558,
        "sharpe_ratio_1_5_bps": 0.19615583143906845,
        "downside_risk_1_5_bps": 0.030060349784333,
        "sortino_ratio_1_5_bps": 0.48266058726117345,
        "max_drawdown_1_5_bps": 0.0569030390642775,
        "calmar_ratio_1_5_bps": 0.43250656109794,
        "perc_pos_return_1_5_bps": 0.518429559127233,
        "profit_loss_ratio_1_5_bps": 0.9764497039046666,
        "annual_return_2_0_bps": 0.00010103970801349921,
        "annual_volatility_2_0_bps": 0.0459519037785565,
        "sharpe_ratio_2_0_bps": 0.14993976968419098,
        "downside_risk_2_0_bps": 0.030131046729560504,
        "sortino_ratio_2_0_bps": 0.40838938791018853,
        "max_drawdown_2_0_bps": 0.057664931808189004,
        "calmar_ratio_2_0_bps": 0.37977076824408645,
        "perc_pos_return_2_0_bps": 0.5164990571967311,
        "profit_loss_ratio_2_0_bps": 0.9749008778376845,
        "annual_return_2_5_bps": -0.0020060474537190003,
        "annual_volatility_2_5_bps": 0.045952614023708004,
        "sharpe_ratio_2_5_bps": 0.10372377567215096,
        "downside_risk_2_5_bps": 0.030201980743234005,
        "sortino_ratio_2_5_bps": 0.3344736808989226,
        "max_drawdown_2_5_bps": 0.058426198550797004,
        "calmar_ratio_2_5_bps": 0.32891030826942846,
        "perc_pos_return_2_5_bps": 0.5126305707701051,
        "profit_loss_ratio_2_5_bps": 0.981541098881449,
        "annual_return_3_0_bps": -0.004108642306381,
        "annual_volatility_3_0_bps": 0.045953461695817,
        "sharpe_ratio_3_0_bps": 0.05750825465559395,
        "downside_risk_3_0_bps": 0.030273156259493502,
        "sortino_ratio_3_0_bps": 0.26091289934869755,
        "max_drawdown_3_0_bps": 0.05918683981438501,
        "calmar_ratio_3_0_bps": 0.2798266004440895,
        "perc_pos_return_3_0_bps": 0.508762084343479,
        "profit_loss_ratio_3_0_bps": 0.988219945329835,
        "annual_return_rescaled": 0.027610502715784635,
        "annual_volatility_rescaled": 0.1500000000000013,
        "downside_risk_rescaled": 0.09744092095466939,
        "max_drawdown_rescaled": 0.1684427342518062,
        "annual_return_rescaled_0_5_bps": 0.020651754643798925,
        "annual_volatility_rescaled_0_5_bps": 0.15000000000000185,
        "downside_risk_rescaled_0_5_bps": 0.0976690274206729,
        "max_drawdown_rescaled_0_5_bps": 0.17061458213910705,
        "annual_return_rescaled_1_0_bps": 0.01374070957595619,
        "annual_volatility_rescaled_1_0_bps": 0.1500000000000013,
        "downside_risk_rescaled_1_0_bps": 0.09789762273224162,
        "max_drawdown_rescaled_1_0_bps": 0.17278017009859734,
        "annual_return_rescaled_1_5_bps": 0.0068770967659918525,
        "annual_volatility_rescaled_1_5_bps": 0.15000000000000113,
        "downside_risk_rescaled_1_5_bps": 0.09812669997822672,
        "max_drawdown_rescaled_1_5_bps": 0.17493949846572615,
        "annual_return_rescaled_2_0_bps": 6.064613288153664e-05,
        "annual_volatility_rescaled_2_0_bps": 0.1500000000000011,
        "downside_risk_rescaled_2_0_bps": 0.09835625159763794,
        "max_drawdown_rescaled_2_0_bps": 0.17709256772987275,
        "annual_return_rescaled_2_5_bps": -0.006708911729334022,
        "annual_volatility_rescaled_2_5_bps": 0.15000000000000158,
        "downside_risk_rescaled_2_5_bps": 0.09858627648794623,
        "max_drawdown_rescaled_2_5_bps": 0.17923937853372404,
        "annual_return_rescaled_3_0_bps": -0.013431845541894583,
        "annual_volatility_rescaled_3_0_bps": 0.15000000000000208,
        "downside_risk_rescaled_3_0_bps": 0.09881678705692434,
        "max_drawdown_rescaled_3_0_bps": 0.18137993167263938,
        "sharpe_ratio_years": 0.280914000761773,
        "sharpe_ratio_years_0_5_bps": 0.23637179426175747,
        "sharpe_ratio_years_1_0_bps": 0.19182559754409945,
        "sharpe_ratio_years_1_5_bps": 0.14727578169319155,
        "sharpe_ratio_years_2_0_bps": 0.10272271797379251,
        "sharpe_ratio_years_2_5_bps": 0.05816677781580948,
        "sharpe_ratio_years_3_0_bps": 0.013608332799064038,
        "sharpe_ratio_years_std": 1.164513163558595,
        "sharpe_ratio_years_std_0_5_bps": 1.1622582245552997,
        "sharpe_ratio_years_std_1_0_bps": 1.1599908261737215,
        "sharpe_ratio_years_std_1_5_bps": 1.1577109950630935,
        "sharpe_ratio_years_std_2_0_bps": 1.1554187584207374,
        "sharpe_ratio_years_std_2_5_bps": 1.1531141439907355,
        "sharpe_ratio_years_std_3_0_bps": 1.1507971800625438
    }
}