{
    "ALL": {
        "annual_return": [
            0.05235802467215701,
            -0.035209012920271
        ],
        "annual_volatility": [
            0.03915624193705,
            0.05274463252871701
        ],
        "sharpe_ratio": [
            1.322869997550348,
            -0.653269257564675
        ],
        "downside_risk": [
            0.022193752818985002,
            0.037505619477573006
        ],
        "sortino_ratio": [
            2.333927844372351,
            -0.9187009150231461
        ],
        "max_drawdown": [
            0.0315518903251,
            0.07767530886547801
        ],
        "calmar_ratio": [
            1.659425921321237,
            -0.453284492003093
        ],
        "perc_pos_return": [
            0.550387596899224,
            0.49034749034749003
        ],
        "profit_loss_ratio": [
            1.062573566844508,
            0.9186238445639041
        ],
        "annual_return_0_5_bps": [
            0.050420593125928004,
            -0.037521888706432
        ],
        "annual_volatility_0_5_bps": [
            0.039153266834935,
            0.052747928546302
        ],
        "sharpe_ratio_0_5_bps": [
            1.275893712085784,
            -0.6987206382155761
        ],
        "downside_risk_0_5_bps": [
            0.022251183250971,
            0.037588152560246
        ],
        "sortino_ratio_0_5_bps": [
            2.245067437486924,
            -0.9805234838118091
        ],
        "max_drawdown_0_5_bps": [
            0.032202368051817004,
            0.07855237891061101
        ],
        "calmar_ratio_0_5_bps": [
            1.565741781622875,
            -0.47766712131188205
        ],
        "perc_pos_return_0_5_bps": [
            0.546511627906976,
            0.49034749034749003
        ],
        "profit_loss_ratio_0_5_bps": [
            1.069278641584603,
            0.9181843762841501
        ],
        "annual_return_1_0_bps": [
            0.048486710094393,
            -0.039829250489712004
        ],
        "annual_volatility_1_0_bps": [
            0.039150395364423,
            0.05275139584492
        ],
        "sharpe_ratio_1_0_bps": [
            1.228907034052479,
            -0.744163922783998
        ],
        "downside_risk_1_0_bps": [
            0.022308829774405,
            0.037670949453791
        ],
        "sortino_ratio_1_0_bps": [
            2.156643657950838,
            -1.04206785954359
        ],
        "max_drawdown_1_0_bps": [
            0.032852415243937005,
            0.079428624348747
        ],
        "calmar_ratio_1_0_bps": [
            1.475894838609781,
            -0.501447064157045
        ],
        "perc_pos_return_1_0_bps": [
            0.546511627906976,
            0.49034749034749003
        ],
        "profit_loss_ratio_1_0_bps": [
            1.059314748807896,
            0.910789723763004
        ],
        "annual_return_1_5_bps": [
            0.046556369111828005,
            -0.042131111342956
        ],
        "annual_volatility_1_5_bps": [
            0.039147627548317,
            0.052755034390799004
        ],
        "sharpe_ratio_1_5_bps": [
            1.181910333624489,
            -0.789598670746352
        ],
        "downside_risk_1_5_bps": [
            0.022366691146117,
            0.037754008422549
        ],
        "sortino_ratio_1_5_bps": [
            2.068655807601283,
            -1.103334633078936
        ],
        "max_drawdown_1_5_bps": [
            0.033502032182223,
            0.080304045946332
        ],
        "calmar_ratio_1_5_bps": [
            1.389658061893096,
            -0.524644939697216
        ],
        "perc_pos_return_1_5_bps": [
            0.546511627906976,
            0.49034749034749003
        ],
        "profit_loss_ratio_1_5_bps": [
            1.049447781389541,
            0.903451626419792
        ],
        "annual_return_2_0_bps": [
            0.044629563724234,
            -0.044427484308207005
        ],
        "annual_volatility_2_0_bps": [
            0.039144963408606,
            0.052758844148507004
        ],
        "sharpe_ratio_2_0_bps": [
            1.134903981374941,
            -0.8350244420065591
        ],
        "downside_risk_2_0_bps": [
            0.022424765703025002,
            0.037837327756096
        ],
        "sortino_ratio_2_0_bps": [
            1.98110318794591,
            -1.164324412125533
        ],
        "max_drawdown_2_0_bps": [
            0.034151219147254004,
            0.08117864446912401
        ],
        "calmar_ratio_2_0_bps": [
            1.306821977036863,
            -0.5472804405486901
        ],
        "perc_pos_return_2_0_bps": [
            0.546511627906976,
            0.486486486486486
        ],
        "profit_loss_ratio_2_0_bps": [
            1.039676331889728,
            0.9101254237856411
        ],
        "annual_return_2_5_bps": [
            0.042706287489314,
            -0.046718382396752
        ],
        "annual_volatility_2_5_bps": [
            0.039142402966458004,
            0.052762825080958003
        ],
        "sharpe_ratio_2_5_bps": [
            1.087888348261536,
            -0.8804407969172341
        ],
        "downside_risk_2_5_bps": [
            0.022483051795863,
            0.037920909690605006
        ],
        "sortino_ratio_2_5_bps": [
            1.8939850558010862,
            -1.225037694003241
        ],
        "max_drawdown_2_5_bps": [
            0.034799976419429,
            0.082052420682165
        ],
        "calmar_ratio_2_5_bps": [
            1.227193000782332,
            -0.569372384243475
        ],
        "perc_pos_return_2_5_bps": [
            0.5426356589147281,
            0.48262548262548205
        ],
        "profit_loss_ratio_2_5_bps": [
            1.046222048764828,
            0.9168601489980701
        ],
        "annual_return_3_0_bps": [
            0.040786533976435,
            -0.049003818589197
        ],
        "annual_volatility_3_0_bps": [
            0.039139946242224,
            0.052766977149410005
        ],
        "sharpe_ratio_3_0_bps": [
            1.040863805612017,
            -0.9258472963008291
        ],
        "downside_risk_3_0_bps": [
            0.022541548987985,
            0.038004763531002
        ],
        "sortino_ratio_3_0_bps": [
            1.807300528408489,
            -1.285474729711094
        ],
        "max_drawdown_3_0_bps": [
            0.035448304278971006,
            0.082925375349799
        ],
        "calmar_ratio_3_0_bps": [
            1.150591962183953,
            -0.590938761295774
        ],
        "perc_pos_return_3_0_bps": [
            0.53875968992248,
            0.47876447876447803
        ],
        "profit_loss_ratio_3_0_bps": [
            1.052779238041198,
            0.9236606526184721
        ],
        "annual_return_rescaled": [
            0.17470918132526836,
            -0.11948817589369909
        ],
        "annual_volatility_rescaled": [
            0.12782111867162782,
            0.17217888132837478
        ],
        "downside_risk_rescaled": [
            0.07244899337900962,
            0.12243284853032914
        ],
        "max_drawdown_rescaled": [
            0.10062572629765369,
            0.23625974220595872
        ],
        "annual_return_rescaled_0_5_bps": [
            0.16766720269220614,
            -0.1263636934046083
        ],
        "annual_volatility_rescaled_0_5_bps": [
            0.12781096047504484,
            0.17218903952495887
        ],
        "downside_risk_rescaled_0_5_bps": [
            0.07263621487837997,
            0.12270183996296584
        ],
        "max_drawdown_rescaled_0_5_bps": [
            0.10259704096981496,
            0.2386321233083991
        ],
        "annual_return_rescaled_1_0_bps": [
            0.16066678083721575,
            -0.13318536168530337
        ],
        "annual_volatility_rescaled_1_0_bps": [
            0.1278007583396582,
            0.1721992416603444
        ],
        "downside_risk_rescaled_1_0_bps": [
            0.0728239226271041,
            0.12297132283737912
        ],
        "max_drawdown_rescaled_1_0_bps": [
            0.10456378269189157,
            0.2409965575053031
        ],
        "annual_return_rescaled_1_5_bps": [
            0.15370773675870786,
            -0.13995354322672415
        ],
        "annual_volatility_rescaled_1_5_bps": [
            0.12779051244756878,
            0.1722094875524335
        ],
        "downside_risk_rescaled_1_5_bps": [
            0.07301211088184151,
            0.12324128907461193
        ],
        "max_drawdown_rescaled_1_5_bps": [
            0.10652594500455746,
            0.24335305192689485
        ],
        "annual_return_rescaled_2_0_bps": [
            0.1467898913513508,
            -0.14666859908558771
        ],
        "annual_volatility_rescaled_2_0_bps": [
            0.12778022298242583,
            0.17221977701757638
        ],
        "downside_risk_rescaled_2_0_bps": [
            0.07320077252214884,
            0.12351173067312704
        ],
        "max_drawdown_rescaled_2_0_bps": [
            0.10848352158248273,
            0.24570161387726278
        ],
        "annual_return_rescaled_2_5_bps": [
            0.13991306541731463,
            -0.15333088887598267
        ],
        "annual_volatility_rescaled_2_5_bps": [
            0.12776989012941833,
            0.17223010987058482
        ],
        "downside_risk_rescaled_2_5_bps": [
            0.07338990046658984,
            0.12378265250930261
        ],
        "max_drawdown_rescaled_2_5_bps": [
            0.11043650623420707,
            0.248042250833241
        ],
        "annual_return_rescaled_3_0_bps": [
            0.1330770796774221,
            -0.15994077076121127
        ],
        "annual_volatility_rescaled_3_0_bps": [
            0.12775951407526132,
            0.17224048592474286
        ],
        "downside_risk_rescaled_3_0_bps": [
            0.0735794915860622,
            0.1240540825277865
        ],
        "max_drawdown_rescaled_3_0_bps": [
            0.11238489290199523,
            0.25037497044328355
        ],
        "sharpe_ratio_years": [
            1.445427164320368,
            -0.883599162796822
        ],
        "sharpe_ratio_years_0_5_bps": [
            1.398630018817057,
            -0.9258864302935421
        ],
        "sharpe_ratio_years_1_0_bps": [
            1.351816423717821,
            -0.9681652286296221
        ],
        "sharpe_ratio_years_1_5_bps": [
            1.304986776756285,
            -1.010435213369902
        ],
        "sharpe_ratio_years_2_0_bps": [
            1.25814147639453,
            -1.052696040446945
        ],
        "sharpe_ratio_years_2_5_bps": [
            1.211280921806545,
            -1.094947366174926
        ],
        "sharpe_ratio_years_3_0_bps": [
            1.164405512861608,
            -1.13718884726348
        ]
    },
    "COMB": {
        "annual_return": [
            0.05235802467215701,
            -0.035209012920271
        ],
        "annual_volatility": [
            0.03915624193705,
            0.05274463252871701
        ],
        "sharpe_ratio": [
            1.322869997550348,
            -0.653269257564675
        ],
        "downside_risk": [
            0.022193752818985002,
            0.037505619477573006
        ],
        "sortino_ratio": [
            2.333927844372351,
            -0.9187009150231461
        ],
        "max_drawdown": [
            0.0315518903251,
            0.07767530886547801
        ],
        "calmar_ratio": [
            1.659425921321237,
            -0.453284492003093
        ],
        "perc_pos_return": [
            0.550387596899224,
            0.49034749034749003
        ],
        "profit_loss_ratio": [
            1.062573566844508,
            0.9186238445639041
        ],
        "annual_return_0_5_bps": [
            0.050420593125928004,
            -0.037521888706432
        ],
        "annual_volatility_0_5_bps": [
            0.039153266834935,
            0.052747928546302
        ],
        "sharpe_ratio_0_5_bps": [
            1.275893712085784,
            -0.6987206382155761
        ],
        "downside_risk_0_5_bps": [
            0.022251183250971,
            0.037588152560246
        ],
        "sortino_ratio_0_5_bps": [
            2.245067437486924,
            -0.9805234838118091
        ],
        "max_drawdown_0_5_bps": [
            0.032202368051817004,
            0.07855237891061101
        ],
        "calmar_ratio_0_5_bps": [
            1.565741781622875,
            -0.47766712131188205
        ],
        "perc_pos_return_0_5_bps": [
            0.546511627906976,
            0.49034749034749003
        ],
        "profit_loss_ratio_0_5_bps": [
            1.069278641584603,
            0.9181843762841501
        ],
        "annual_return_1_0_bps": [
            0.048486710094393,
            -0.039829250489712004
        ],
        "annual_volatility_1_0_bps": [
            0.039150395364423,
            0.05275139584492
        ],
        "sharpe_ratio_1_0_bps": [
            1.228907034052479,
            -0.744163922783998
        ],
        "downside_risk_1_0_bps": [
            0.022308829774405,
            0.037670949453791
        ],
        "sortino_ratio_1_0_bps": [
            2.156643657950838,
            -1.04206785954359
        ],
        "max_drawdown_1_0_bps": [
            0.032852415243937005,
            0.079428624348747
        ],
        "calmar_ratio_1_0_bps": [
            1.475894838609781,
            -0.501447064157045
        ],
        "perc_pos_return_1_0_bps": [
            0.546511627906976,
            0.49034749034749003
        ],
        "profit_loss_ratio_1_0_bps": [
            1.059314748807896,
            0.910789723763004
        ],
        "annual_return_1_5_bps": [
            0.046556369111828005,
            -0.042131111342956
        ],
        "annual_volatility_1_5_bps": [
            0.039147627548317,
            0.052755034390799004
        ],
        "sharpe_ratio_1_5_bps": [
            1.181910333624489,
            -0.789598670746352
        ],
        "downside_risk_1_5_bps": [
            0.022366691146117,
            0.037754008422549
        ],
        "sortino_ratio_1_5_bps": [
            2.068655807601283,
            -1.103334633078936
        ],
        "max_drawdown_1_5_bps": [
            0.033502032182223,
            0.080304045946332
        ],
        "calmar_ratio_1_5_bps": [
            1.389658061893096,
            -0.524644939697216
        ],
        "perc_pos_return_1_5_bps": [
            0.546511627906976,
            0.49034749034749003
        ],
        "profit_loss_ratio_1_5_bps": [
            1.049447781389541,
            0.903451626419792
        ],
        "annual_return_2_0_bps": [
            0.044629563724234,
            -0.044427484308207005
        ],
        "annual_volatility_2_0_bps": [
            0.039144963408606,
            0.052758844148507004
        ],
        "sharpe_ratio_2_0_bps": [
            1.134903981374941,
            -0.8350244420065591
        ],
        "downside_risk_2_0_bps": [
            0.022424765703025002,
            0.037837327756096
        ],
        "sortino_ratio_2_0_bps": [
            1.98110318794591,
            -1.164324412125533
        ],
        "max_drawdown_2_0_bps": [
            0.034151219147254004,
            0.08117864446912401
        ],
        "calmar_ratio_2_0_bps": [
            1.306821977036863,
            -0.5472804405486901
        ],
        "perc_pos_return_2_0_bps": [
            0.546511627906976,
            0.486486486486486
        ],
        "profit_loss_ratio_2_0_bps": [
            1.039676331889728,
            0.9101254237856411
        ],
        "annual_return_2_5_bps": [
            0.042706287489314,
            -0.046718382396752
        ],
        "annual_volatility_2_5_bps": [
            0.039142402966458004,
            0.052762825080958003
        ],
        "sharpe_ratio_2_5_bps": [
            1.087888348261536,
            -0.8804407969172341
        ],
        "downside_risk_2_5_bps": [
            0.022483051795863,
            0.037920909690605006
        ],
        "sortino_ratio_2_5_bps": [
            1.8939850558010862,
            -1.225037694003241
        ],
        "max_drawdown_2_5_bps": [
            0.034799976419429,
            0.082052420682165
        ],
        "calmar_ratio_2_5_bps": [
            1.227193000782332,
            -0.569372384243475
        ],
        "perc_pos_return_2_5_bps": [
            0.5426356589147281,
            0.48262548262548205
        ],
        "profit_loss_ratio_2_5_bps": [
            1.046222048764828,
            0.9168601489980701
        ],
        "annual_return_3_0_bps": [
            0.040786533976435,
            -0.049003818589197
        ],
        "annual_volatility_3_0_bps": [
            0.039139946242224,
            0.052766977149410005
        ],
        "sharpe_ratio_3_0_bps": [
            1.040863805612017,
            -0.9258472963008291
        ],
        "downside_risk_3_0_bps": [
            0.022541548987985,
            0.038004763531002
        ],
        "sortino_ratio_3_0_bps": [
            1.807300528408489,
            -1.285474729711094
        ],
        "max_drawdown_3_0_bps": [
            0.035448304278971006,
            0.082925375349799
        ],
        "calmar_ratio_3_0_bps": [
            1.150591962183953,
            -0.590938761295774
        ],
        "perc_pos_return_3_0_bps": [
            0.53875968992248,
            0.47876447876447803
        ],
        "profit_loss_ratio_3_0_bps": [
            1.052779238041198,
            0.9236606526184721
        ],
        "annual_return_rescaled": [
            0.17470918132526836,
            -0.11948817589369909
        ],
        "annual_volatility_rescaled": [
            0.12782111867162782,
            0.17217888132837478
        ],
        "downside_risk_rescaled": [
            0.07244899337900962,
            0.12243284853032914
        ],
        "max_drawdown_rescaled": [
            0.10062572629765369,
            0.23625974220595872
        ],
        "annual_return_rescaled_0_5_bps": [
            0.16766720269220614,
            -0.1263636934046083
        ],
        "annual_volatility_rescaled_0_5_bps": [
            0.12781096047504484,
            0.17218903952495887
        ],
        "downside_risk_rescaled_0_5_bps": [
            0.07263621487837997,
            0.12270183996296584
        ],
        "max_drawdown_rescaled_0_5_bps": [
            0.10259704096981496,
            0.2386321233083991
        ],
        "annual_return_rescaled_1_0_bps": [
            0.16066678083721575,
            -0.13318536168530337
        ],
        "annual_volatility_rescaled_1_0_bps": [
            0.1278007583396582,
            0.1721992416603444
        ],
        "downside_risk_rescaled_1_0_bps": [
            0.0728239226271041,
            0.12297132283737912
        ],
        "max_drawdown_rescaled_1_0_bps": [
            0.10456378269189157,
            0.2409965575053031
        ],
        "annual_return_rescaled_1_5_bps": [
            0.15370773675870786,
            -0.13995354322672415
        ],
        "annual_volatility_rescaled_1_5_bps": [
            0.12779051244756878,
            0.1722094875524335
        ],
        "downside_risk_rescaled_1_5_bps": [
            0.07301211088184151,
            0.12324128907461193
        ],
        "max_drawdown_rescaled_1_5_bps": [
            0.10652594500455746,
            0.24335305192689485
        ],
        "annual_return_rescaled_2_0_bps": [
            0.1467898913513508,
            -0.14666859908558771
        ],
        "annual_volatility_rescaled_2_0_bps": [
            0.12778022298242583,
            0.17221977701757638
        ],
        "downside_risk_rescaled_2_0_bps": [
            0.07320077252214884,
            0.12351173067312704
        ],
        "max_drawdown_rescaled_2_0_bps": [
            0.10848352158248273,
            0.24570161387726278
        ],
        "annual_return_rescaled_2_5_bps": [
            0.13991306541731463,
            -0.15333088887598267
        ],
        "annual_volatility_rescaled_2_5_bps": [
            0.12776989012941833,
            0.17223010987058482
        ],
        "downside_risk_rescaled_2_5_bps": [
            0.07338990046658984,
            0.12378265250930261
        ],
        "max_drawdown_rescaled_2_5_bps": [
            0.11043650623420707,
            0.248042250833241
        ],
        "annual_return_rescaled_3_0_bps": [
            0.1330770796774221,
            -0.15994077076121127
        ],
        "annual_volatility_rescaled_3_0_bps": [
            0.12775951407526132,
            0.17224048592474286
        ],
        "downside_risk_rescaled_3_0_bps": [
            0.0735794915860622,
            0.1240540825277865
        ],
        "max_drawdown_rescaled_3_0_bps": [
            0.11238489290199523,
            0.25037497044328355
        ],
        "sharpe_ratio_years": [
            1.445427164320368,
            -0.883599162796822
        ],
        "sharpe_ratio_years_0_5_bps": [
            1.398630018817057,
            -0.9258864302935421
        ],
        "sharpe_ratio_years_1_0_bps": [
            1.351816423717821,
            -0.9681652286296221
        ],
        "sharpe_ratio_years_1_5_bps": [
            1.304986776756285,
            -1.010435213369902
        ],
        "sharpe_ratio_years_2_0_bps": [
            1.25814147639453,
            -1.052696040446945
        ],
        "sharpe_ratio_years_2_5_bps": [
            1.211280921806545,
            -1.094947366174926
        ],
        "sharpe_ratio_years_3_0_bps": [
            1.164405512861608,
            -1.13718884726348
        ]
    }
}