{
    "ALL": {
        "annual_return": 0.0030490350609980003,
        "annual_volatility": 0.039156103341348,
        "sharpe_ratio": 0.31947723224096203,
        "downside_risk": 0.027857990717788002,
        "sortino_ratio": 0.489601037381014,
        "max_drawdown": 0.0434443480780355,
        "calmar_ratio": 0.694467647090753,
        "perc_pos_return": 0.4805148868110235,
        "profit_loss_ratio": 1.1369847450059436,
        "annual_return_0_5_bps": 0.0023062460651879987,
        "annual_volatility_0_5_bps": 0.039157760515303,
        "sharpe_ratio_0_5_bps": 0.2999759176921055,
        "downside_risk_0_5_bps": 0.0278826871915105,
        "sortino_ratio_0_5_bps": 0.46120116489687146,
        "max_drawdown_0_5_bps": 0.043705910552533006,
        "calmar_ratio_0_5_bps": 0.6687735828145356,
        "perc_pos_return_0_5_bps": 0.4785463828740155,
        "profit_loss_ratio_0_5_bps": 1.1466572945637334,
        "annual_return_1_0_bps": 0.0015640494879634991,
        "annual_volatility_1_0_bps": 0.039159440518681005,
        "sharpe_ratio_1_0_bps": 0.2804760702823085,
        "downside_risk_1_0_bps": 0.0279074240541965,
        "sortino_ratio_1_0_bps": 0.43285467846335896,
        "max_drawdown_1_0_bps": 0.043967345935517,
        "calmar_ratio_1_0_bps": 0.6432657337936825,
        "perc_pos_return_1_0_bps": 0.47462475393700754,
        "profit_loss_ratio_1_0_bps": 1.1610639209404559,
        "annual_return_1_5_bps": 0.000822444828702501,
        "annual_volatility_1_5_bps": 0.039161143348498004,
        "sharpe_ratio_1_5_bps": 0.2609777218144905,
        "downside_risk_1_5_bps": 0.027932201754471503,
        "sortino_ratio_1_5_bps": 0.40456153187804744,
        "max_drawdown_1_5_bps": 0.044228654291975006,
        "calmar_ratio_1_5_bps": 0.6179416640745721,
        "perc_pos_return_1_5_bps": 0.47265625,
        "profit_loss_ratio_1_5_bps": 1.166357038312778,
        "annual_return_2_0_bps": 8.143158722049952e-05,
        "annual_volatility_2_0_bps": 0.039162869001726504,
        "sharpe_ratio_2_0_bps": 0.24148090407578254,
        "downside_risk_2_0_bps": 0.027957020593101505,
        "sortino_ratio_2_0_bps": 0.37632165859672195,
        "max_drawdown_2_0_bps": 0.0444898356868635,
        "calmar_ratio_2_0_bps": 0.5927989908310864,
        "perc_pos_return_2_0_bps": 0.47265625,
        "profit_loss_ratio_2_0_bps": 1.1625229601749596,
        "annual_return_2_5_bps": -0.0006589907362299988,
        "annual_volatility_2_5_bps": 0.039164617475301006,
        "sharpe_ratio_2_5_bps": 0.221985648837271,
        "downside_risk_2_5_bps": 0.027981880739869503,
        "sortino_ratio_2_5_bps": 0.34813500274499903,
        "max_drawdown_2_5_bps": 0.044750890185103503,
        "calmar_ratio_2_5_bps": 0.5678353827188239,
        "perc_pos_return_2_5_bps": 0.47265625,
        "profit_loss_ratio_2_5_bps": 1.158702833991033,
        "annual_return_3_0_bps": -0.001398822640956001,
        "annual_volatility_3_0_bps": 0.0391663887661155,
        "sharpe_ratio_3_0_bps": 0.20249198785373454,
        "downside_risk_3_0_bps": 0.028006782086198004,
        "sortino_ratio_3_0_bps": 0.32000152971875995,
        "max_drawdown_3_0_bps": 0.0450118178515845,
        "calmar_ratio_3_0_bps": 0.5430485582950525,
        "perc_pos_return_3_0_bps": 0.47265625,
        "profit_loss_ratio_3_0_bps": 1.154896583629944,
        "annual_return_rescaled": 0.005375478889687424,
        "annual_volatility_rescaled": 0.1500000000000019,
        "downside_risk_rescaled": 0.10671895952566848,
        "max_drawdown_rescaled": 0.15608883896119724,
        "annual_return_rescaled_0_5_bps": 0.0025806392321580662,
        "annual_volatility_rescaled_0_5_bps": 0.15000000000000024,
        "downside_risk_rescaled_0_5_bps": 0.10680904688336809,
        "max_drawdown_rescaled_0_5_bps": 0.1568982775184639,
        "annual_return_rescaled_1_0_bps": -0.00020557766063938887,
        "annual_volatility_rescaled_1_0_bps": 0.15000000000000202,
        "downside_risk_rescaled_1_0_bps": 0.10689921900524926,
        "max_drawdown_rescaled_1_0_bps": 0.1577060826871072,
        "annual_return_rescaled_1_5_bps": -0.0029831960027879023,
        "annual_volatility_rescaled_1_5_bps": 0.15000000000000033,
        "downside_risk_rescaled_1_5_bps": 0.10698947744924589,
        "max_drawdown_rescaled_1_5_bps": 0.1585122567559911,
        "annual_return_rescaled_2_0_bps": -0.005752239964128103,
        "annual_volatility_rescaled_2_0_bps": 0.15000000000000102,
        "downside_risk_rescaled_2_0_bps": 0.10707982320652885,
        "max_drawdown_rescaled_2_0_bps": 0.15931680201650797,
        "annual_return_rescaled_2_5_bps": -0.008512733670177963,
        "annual_volatility_rescaled_2_5_bps": 0.15000000000000185,
        "downside_risk_rescaled_2_5_bps": 0.10717025676626449,
        "max_drawdown_rescaled_2_5_bps": 0.1601197207625287,
        "annual_return_rescaled_3_0_bps": -0.011264701202053418,
        "annual_volatility_rescaled_3_0_bps": 0.15000000000000183,
        "downside_risk_rescaled_3_0_bps": 0.1072607775512921,
        "max_drawdown_rescaled_3_0_bps": 0.16092101529038083,
        "sharpe_ratio_years": 0.297910674176018,
        "sharpe_ratio_years_0_5_bps": 0.27847823025050156,
        "sharpe_ratio_years_1_0_bps": 0.25904708332722853,
        "sharpe_ratio_years_1_5_bps": 0.23961726450632903,
        "sharpe_ratio_years_2_0_bps": 0.22018880487407705,
        "sharpe_ratio_years_2_5_bps": 0.20076173550263152,
        "sharpe_ratio_years_3_0_bps": 0.181336087449789,
        "sharpe_ratio_years_std": 0.6237820650593411,
        "sharpe_ratio_years_std_0_5_bps": 0.6224093107431116,
        "sharpe_ratio_years_std_1_0_bps": 0.6210360766552345,
        "sharpe_ratio_years_std_1_5_bps": 0.6196623601575231,
        "sharpe_ratio_years_std_2_0_bps": 0.6182881586170381,
        "sharpe_ratio_years_std_2_5_bps": 0.6169134694061675,
        "sharpe_ratio_years_std_3_0_bps": 0.615538289902667
    },
    "COMB": {
        "annual_return": 0.0030490350609980003,
        "annual_volatility": 0.039156103341348,
        "sharpe_ratio": 0.31947723224096203,
        "downside_risk": 0.027857990717788002,
        "sortino_ratio": 0.489601037381014,
        "max_drawdown": 0.0434443480780355,
        "calmar_ratio": 0.694467647090753,
        "perc_pos_return": 0.4805148868110235,
        "profit_loss_ratio": 1.1369847450059436,
        "annual_return_0_5_bps": 0.0023062460651879987,
        "annual_volatility_0_5_bps": 0.039157760515303,
        "sharpe_ratio_0_5_bps": 0.2999759176921055,
        "downside_risk_0_5_bps": 0.0278826871915105,
        "sortino_ratio_0_5_bps": 0.46120116489687146,
        "max_drawdown_0_5_bps": 0.043705910552533006,
        "calmar_ratio_0_5_bps": 0.6687735828145356,
        "perc_pos_return_0_5_bps": 0.4785463828740155,
        "profit_loss_ratio_0_5_bps": 1.1466572945637334,
        "annual_return_1_0_bps": 0.0015640494879634991,
        "annual_volatility_1_0_bps": 0.039159440518681005,
        "sharpe_ratio_1_0_bps": 0.2804760702823085,
        "downside_risk_1_0_bps": 0.0279074240541965,
        "sortino_ratio_1_0_bps": 0.43285467846335896,
        "max_drawdown_1_0_bps": 0.043967345935517,
        "calmar_ratio_1_0_bps": 0.6432657337936825,
        "perc_pos_return_1_0_bps": 0.47462475393700754,
        "profit_loss_ratio_1_0_bps": 1.1610639209404559,
        "annual_return_1_5_bps": 0.000822444828702501,
        "annual_volatility_1_5_bps": 0.039161143348498004,
        "sharpe_ratio_1_5_bps": 0.2609777218144905,
        "downside_risk_1_5_bps": 0.027932201754471503,
        "sortino_ratio_1_5_bps": 0.40456153187804744,
        "max_drawdown_1_5_bps": 0.044228654291975006,
        "calmar_ratio_1_5_bps": 0.6179416640745721,
        "perc_pos_return_1_5_bps": 0.47265625,
        "profit_loss_ratio_1_5_bps": 1.166357038312778,
        "annual_return_2_0_bps": 8.143158722049952e-05,
        "annual_volatility_2_0_bps": 0.039162869001726504,
        "sharpe_ratio_2_0_bps": 0.24148090407578254,
        "downside_risk_2_0_bps": 0.027957020593101505,
        "sortino_ratio_2_0_bps": 0.37632165859672195,
        "max_drawdown_2_0_bps": 0.0444898356868635,
        "calmar_ratio_2_0_bps": 0.5927989908310864,
        "perc_pos_return_2_0_bps": 0.47265625,
        "profit_loss_ratio_2_0_bps": 1.1625229601749596,
        "annual_return_2_5_bps": -0.0006589907362299988,
        "annual_volatility_2_5_bps": 0.039164617475301006,
        "sharpe_ratio_2_5_bps": 0.221985648837271,
        "downside_risk_2_5_bps": 0.027981880739869503,
        "sortino_ratio_2_5_bps": 0.34813500274499903,
        "max_drawdown_2_5_bps": 0.044750890185103503,
        "calmar_ratio_2_5_bps": 0.5678353827188239,
        "perc_pos_return_2_5_bps": 0.47265625,
        "profit_loss_ratio_2_5_bps": 1.158702833991033,
        "annual_return_3_0_bps": -0.001398822640956001,
        "annual_volatility_3_0_bps": 0.0391663887661155,
        "sharpe_ratio_3_0_bps": 0.20249198785373454,
        "downside_risk_3_0_bps": 0.028006782086198004,
        "sortino_ratio_3_0_bps": 0.32000152971875995,
        "max_drawdown_3_0_bps": 0.0450118178515845,
        "calmar_ratio_3_0_bps": 0.5430485582950525,
        "perc_pos_return_3_0_bps": 0.47265625,
        "profit_loss_ratio_3_0_bps": 1.154896583629944,
        "annual_return_rescaled": 0.005375478889687424,
        "annual_volatility_rescaled": 0.1500000000000019,
        "downside_risk_rescaled": 0.10671895952566848,
        "max_drawdown_rescaled": 0.15608883896119724,
        "annual_return_rescaled_0_5_bps": 0.0025806392321580662,
        "annual_volatility_rescaled_0_5_bps": 0.15000000000000024,
        "downside_risk_rescaled_0_5_bps": 0.10680904688336809,
        "max_drawdown_rescaled_0_5_bps": 0.1568982775184639,
        "annual_return_rescaled_1_0_bps": -0.00020557766063938887,
        "annual_volatility_rescaled_1_0_bps": 0.15000000000000202,
        "downside_risk_rescaled_1_0_bps": 0.10689921900524926,
        "max_drawdown_rescaled_1_0_bps": 0.1577060826871072,
        "annual_return_rescaled_1_5_bps": -0.0029831960027879023,
        "annual_volatility_rescaled_1_5_bps": 0.15000000000000033,
        "downside_risk_rescaled_1_5_bps": 0.10698947744924589,
        "max_drawdown_rescaled_1_5_bps": 0.1585122567559911,
        "annual_return_rescaled_2_0_bps": -0.005752239964128103,
        "annual_volatility_rescaled_2_0_bps": 0.15000000000000102,
        "downside_risk_rescaled_2_0_bps": 0.10707982320652885,
        "max_drawdown_rescaled_2_0_bps": 0.15931680201650797,
        "annual_return_rescaled_2_5_bps": -0.008512733670177963,
        "annual_volatility_rescaled_2_5_bps": 0.15000000000000185,
        "downside_risk_rescaled_2_5_bps": 0.10717025676626449,
        "max_drawdown_rescaled_2_5_bps": 0.1601197207625287,
        "annual_return_rescaled_3_0_bps": -0.011264701202053418,
        "annual_volatility_rescaled_3_0_bps": 0.15000000000000183,
        "downside_risk_rescaled_3_0_bps": 0.1072607775512921,
        "max_drawdown_rescaled_3_0_bps": 0.16092101529038083,
        "sharpe_ratio_years": 0.297910674176018,
        "sharpe_ratio_years_0_5_bps": 0.27847823025050156,
        "sharpe_ratio_years_1_0_bps": 0.25904708332722853,
        "sharpe_ratio_years_1_5_bps": 0.23961726450632903,
        "sharpe_ratio_years_2_0_bps": 0.22018880487407705,
        "sharpe_ratio_years_2_5_bps": 0.20076173550263152,
        "sharpe_ratio_years_3_0_bps": 0.181336087449789,
        "sharpe_ratio_years_std": 0.6237820650593411,
        "sharpe_ratio_years_std_0_5_bps": 0.6224093107431116,
        "sharpe_ratio_years_std_1_0_bps": 0.6210360766552345,
        "sharpe_ratio_years_std_1_5_bps": 0.6196623601575231,
        "sharpe_ratio_years_std_2_0_bps": 0.6182881586170381,
        "sharpe_ratio_years_std_2_5_bps": 0.6169134694061675,
        "sharpe_ratio_years_std_3_0_bps": 0.615538289902667
    }
}