{
    "ALL": {
        "annual_return": [
            -0.018650127668675,
            0.024748197790671
        ],
        "annual_volatility": [
            0.052758875064036,
            0.02555333161866
        ],
        "sharpe_ratio": [
            -0.330519384214216,
            0.9694738486961401
        ],
        "downside_risk": [
            0.038428041923439,
            0.017287939512137
        ],
        "sortino_ratio": [
            -0.45377880384178204,
            1.43298087860381
        ],
        "max_drawdown": [
            0.071875357762874,
            0.015013338393197
        ],
        "calmar_ratio": [
            -0.259478745555674,
            1.64841403973718
        ],
        "perc_pos_return": [
            0.44921875,
            0.511811023622047
        ],
        "profit_loss_ratio": [
            1.159394518750458,
            1.114574971261429
        ],
        "annual_return_0_5_bps": [
            -0.019591017072524003,
            0.0242035092029
        ],
        "annual_volatility_0_5_bps": [
            0.052761287633636,
            0.02555423339697
        ],
        "sharpe_ratio_0_5_bps": [
            -0.34868096627747003,
            0.9486328016616811
        ],
        "downside_risk_0_5_bps": [
            0.038459221263457,
            0.017306153119564002
        ],
        "sortino_ratio_0_5_bps": [
            -0.47834709465684505,
            1.400749424450588
        ],
        "max_drawdown_0_5_bps": [
            0.07236252181236301,
            0.015049299292703001
        ],
        "calmar_ratio_0_5_bps": [
            -0.270734305298591,
            1.608281470927662
        ],
        "perc_pos_return_0_5_bps": [
            0.44921875,
            0.507874015748031
        ],
        "profit_loss_ratio_0_5_bps": [
            1.155848755244225,
            1.137465833883242
        ],
        "annual_return_1_0_bps": [
            -0.020531009700402003,
            0.023659108676329
        ],
        "annual_volatility_1_0_bps": [
            0.052763733959858006,
            0.025555147077504003
        ],
        "sharpe_ratio_1_0_bps": [
            -0.36684065280529504,
            0.927792793369912
        ],
        "downside_risk_1_0_bps": [
            0.038490461196134,
            0.017324386912259
        ],
        "sortino_ratio_1_0_bps": [
            -0.5028747905006571,
            1.368584147427375
        ],
        "max_drawdown_1_0_bps": [
            0.072849432896906,
            0.015085258974128001
        ],
        "calmar_ratio_1_0_bps": [
            -0.281827996237893,
            1.568359463825258
        ],
        "perc_pos_return_1_0_bps": [
            0.4453125,
            0.5039370078740151
        ],
        "profit_loss_ratio_1_0_bps": [
            1.170668624471863,
            1.151459217409049
        ],
        "annual_return_1_5_bps": [
            -0.02147010640198,
            0.023114996059385003
        ],
        "annual_volatility_1_5_bps": [
            0.052766214038009004,
            0.025556072658987003
        ],
        "sharpe_ratio_1_5_bps": [
            -0.384998409243188,
            0.9069538528721691
        ],
        "downside_risk_1_5_bps": [
            0.038521762340537,
            0.017342641168406
        ],
        "sortino_ratio_1_5_bps": [
            -0.5273618659196471,
            1.336484929675742
        ],
        "max_drawdown_1_5_bps": [
            0.073336091146439,
            0.015121217437511
        ],
        "calmar_ratio_1_5_bps": [
            -0.29276316839833605,
            1.5286464965474802
        ],
        "perc_pos_return_1_5_bps": [
            0.4453125,
            0.5
        ],
        "profit_loss_ratio_1_5_bps": [
            1.167092941108783,
            1.165621135516773
        ],
        "annual_return_2_0_bps": [
            -0.022408308026139002,
            0.02257117120058
        ],
        "annual_volatility_2_0_bps": [
            0.05276872786332901,
            0.025557010140124
        ],
        "sharpe_ratio_2_0_bps": [
            -0.40315420105745803,
            0.8861160092090231
        ],
        "downside_risk_2_0_bps": [
            0.038553124576826005,
            0.017360916609377
        ],
        "sortino_ratio_2_0_bps": [
            -0.5518083049316851,
            1.304451622125129
        ],
        "max_drawdown_2_0_bps": [
            0.073822496690837,
            0.01515717468289
        ],
        "calmar_ratio_2_0_bps": [
            -0.303543080099061,
            1.489141061761234
        ],
        "perc_pos_return_2_0_bps": [
            0.4453125,
            0.5
        ],
        "profit_loss_ratio_2_0_bps": [
            1.163529749314897,
            1.161516171035022
        ],
        "annual_return_2_5_bps": [
            -0.023345615420955,
            0.022027633948495003
        ],
        "annual_volatility_2_5_bps": [
            0.052771275430994004,
            0.025557959519608
        ],
        "sharpe_ratio_2_5_bps": [
            -0.42130799373554906,
            0.8652792914100911
        ],
        "downside_risk_2_5_bps": [
            0.038584547756030006,
            0.017379213723709
        ],
        "sortino_ratio_2_5_bps": [
            -0.576214092731551,
            1.272484098221549
        ],
        "max_drawdown_2_5_bps": [
            0.07430864965990501,
            0.015193130710302
        ],
        "calmar_ratio_2_5_bps": [
            -0.314170901070115,
            1.449841666507763
        ],
        "perc_pos_return_2_5_bps": [
            0.4453125,
            0.5
        ],
        "profit_loss_ratio_2_5_bps": [
            1.159978983745817,
            1.157426684236249
        ],
        "annual_return_3_0_bps": [
            -0.024282029433709003,
            0.021484384151797
        ],
        "annual_volatility_3_0_bps": [
            0.052773856736120006,
            0.025558920796111002
        ],
        "sharpe_ratio_3_0_bps": [
            -0.439459752786358,
            0.8444437284938271
        ],
        "downside_risk_3_0_bps": [
            0.038616031729376006,
            0.017397532443020003
        ],
        "sortino_ratio_3_0_bps": [
            -0.600579215320965,
            1.240582274758485
        ],
        "max_drawdown_3_0_bps": [
            0.074794550183383,
            0.015229085519786
        ],
        "calmar_ratio_3_0_bps": [
            -0.324649715442824,
            1.410746832032929
        ],
        "perc_pos_return_3_0_bps": [
            0.4453125,
            0.5
        ],
        "profit_loss_ratio_3_0_bps": [
            1.156440579512135,
            1.153352587747753
        ],
        "annual_return_rescaled": [
            -0.08354859453615415,
            0.094299552315529
        ],
        "annual_volatility_rescaled": [
            0.2021097755978347,
            0.09789022440216913
        ],
        "downside_risk_rescaled": [
            0.1472109274578656,
            0.06622699159347137
        ],
        "max_drawdown_rescaled": [
            0.2555572825754894,
            0.056620395346905106
        ],
        "annual_return_rescaled_0_5_bps": [
            -0.08690813407202047,
            0.0920694125363366
        ],
        "annual_volatility_rescaled_0_5_bps": [
            0.20211046395139268,
            0.09788953604860783
        ],
        "downside_risk_rescaled_0_5_bps": [
            0.14732413482288323,
            0.06629395894385297
        ],
        "max_drawdown_rescaled_0_5_bps": [
            0.25704629054934286,
            0.05675026448758495
        ],
        "annual_return_rescaled_1_0_bps": [
            -0.09025508672765603,
            0.08984393140637725
        ],
        "annual_volatility_rescaled_1_0_bps": [
            0.20211116372316834,
            0.09788883627683573
        ],
        "downside_risk_rescaled_1_0_bps": [
            0.14743747875217492,
            0.06636095925832361
        ],
        "max_drawdown_rescaled_1_0_bps": [
            0.25853209175924036,
            0.05688007361497407
        ],
        "annual_return_rescaled_1_5_bps": [
            -0.09358949484693635,
            0.08762310284136055
        ],
        "annual_volatility_rescaled_1_5_bps": [
            0.20211187490788532,
            0.09788812509211534
        ],
        "downside_risk_rescaled_1_5_bps": [
            0.14755096141242477,
            0.066427993486067
        ],
        "max_drawdown_rescaled_1_5_bps": [
            0.260014690981109,
            0.05700982253087319
        ],
        "annual_return_rescaled_2_0_bps": [
            -0.09691140067384452,
            0.08540692074558831
        ],
        "annual_volatility_rescaled_2_0_bps": [
            0.20211259750020835,
            0.09788740249979368
        ],
        "downside_risk_rescaled_2_0_bps": [
            0.14766458213950198,
            0.06649506427355573
        ],
        "max_drawdown_rescaled_2_0_bps": [
            0.26149409299554066,
            0.0571395110374753
        ],
        "annual_return_rescaled_2_5_bps": [
            -0.10022084635238449,
            0.08319537901202856
        ],
        "annual_volatility_rescaled_2_5_bps": [
            0.202113331494715,
            0.09788666850528871
        ],
        "downside_risk_rescaled_2_5_bps": [
            0.147778340157531,
            0.06656217337499797
        ],
        "max_drawdown_rescaled_2_5_bps": [
            0.26297030258769666,
            0.05726913893736076
        ],
        "annual_return_rescaled_3_0_bps": [
            -0.10351787392654532,
            0.08098847152243849
        ],
        "annual_volatility_rescaled_3_0_bps": [
            0.20211407688590857,
            0.09788592311409507
        ],
        "downside_risk_rescaled_3_0_bps": [
            0.1478922346912325,
            0.06662932041135168
        ],
        "max_drawdown_rescaled_3_0_bps": [
            0.2644433245472581,
            0.05739870603350353
        ],
        "sharpe_ratio_years": [
            -0.325871390883323,
            0.9216927392353591
        ],
        "sharpe_ratio_years_0_5_bps": [
            -0.34393108049261,
            0.9008875409936131
        ],
        "sharpe_ratio_years_1_0_bps": [
            -0.36198899332800605,
            0.8800831599824631
        ],
        "sharpe_ratio_years_1_5_bps": [
            -0.38004509565119404,
            0.8592796246638521
        ],
        "sharpe_ratio_years_2_0_bps": [
            -0.398099353742961,
            0.8384769634911151
        ],
        "sharpe_ratio_years_2_5_bps": [
            -0.41615173390353605,
            0.8176752049087991
        ],
        "sharpe_ratio_years_3_0_bps": [
            -0.43420220245287805,
            0.796874377352456
        ]
    },
    "COMB": {
        "annual_return": [
            -0.018650127668675,
            0.024748197790671
        ],
        "annual_volatility": [
            0.052758875064036,
            0.02555333161866
        ],
        "sharpe_ratio": [
            -0.330519384214216,
            0.9694738486961401
        ],
        "downside_risk": [
            0.038428041923439,
            0.017287939512137
        ],
        "sortino_ratio": [
            -0.45377880384178204,
            1.43298087860381
        ],
        "max_drawdown": [
            0.071875357762874,
            0.015013338393197
        ],
        "calmar_ratio": [
            -0.259478745555674,
            1.64841403973718
        ],
        "perc_pos_return": [
            0.44921875,
            0.511811023622047
        ],
        "profit_loss_ratio": [
            1.159394518750458,
            1.114574971261429
        ],
        "annual_return_0_5_bps": [
            -0.019591017072524003,
            0.0242035092029
        ],
        "annual_volatility_0_5_bps": [
            0.052761287633636,
            0.02555423339697
        ],
        "sharpe_ratio_0_5_bps": [
            -0.34868096627747003,
            0.9486328016616811
        ],
        "downside_risk_0_5_bps": [
            0.038459221263457,
            0.017306153119564002
        ],
        "sortino_ratio_0_5_bps": [
            -0.47834709465684505,
            1.400749424450588
        ],
        "max_drawdown_0_5_bps": [
            0.07236252181236301,
            0.015049299292703001
        ],
        "calmar_ratio_0_5_bps": [
            -0.270734305298591,
            1.608281470927662
        ],
        "perc_pos_return_0_5_bps": [
            0.44921875,
            0.507874015748031
        ],
        "profit_loss_ratio_0_5_bps": [
            1.155848755244225,
            1.137465833883242
        ],
        "annual_return_1_0_bps": [
            -0.020531009700402003,
            0.023659108676329
        ],
        "annual_volatility_1_0_bps": [
            0.052763733959858006,
            0.025555147077504003
        ],
        "sharpe_ratio_1_0_bps": [
            -0.36684065280529504,
            0.927792793369912
        ],
        "downside_risk_1_0_bps": [
            0.038490461196134,
            0.017324386912259
        ],
        "sortino_ratio_1_0_bps": [
            -0.5028747905006571,
            1.368584147427375
        ],
        "max_drawdown_1_0_bps": [
            0.072849432896906,
            0.015085258974128001
        ],
        "calmar_ratio_1_0_bps": [
            -0.281827996237893,
            1.568359463825258
        ],
        "perc_pos_return_1_0_bps": [
            0.4453125,
            0.5039370078740151
        ],
        "profit_loss_ratio_1_0_bps": [
            1.170668624471863,
            1.151459217409049
        ],
        "annual_return_1_5_bps": [
            -0.02147010640198,
            0.023114996059385003
        ],
        "annual_volatility_1_5_bps": [
            0.052766214038009004,
            0.025556072658987003
        ],
        "sharpe_ratio_1_5_bps": [
            -0.384998409243188,
            0.9069538528721691
        ],
        "downside_risk_1_5_bps": [
            0.038521762340537,
            0.017342641168406
        ],
        "sortino_ratio_1_5_bps": [
            -0.5273618659196471,
            1.336484929675742
        ],
        "max_drawdown_1_5_bps": [
            0.073336091146439,
            0.015121217437511
        ],
        "calmar_ratio_1_5_bps": [
            -0.29276316839833605,
            1.5286464965474802
        ],
        "perc_pos_return_1_5_bps": [
            0.4453125,
            0.5
        ],
        "profit_loss_ratio_1_5_bps": [
            1.167092941108783,
            1.165621135516773
        ],
        "annual_return_2_0_bps": [
            -0.022408308026139002,
            0.02257117120058
        ],
        "annual_volatility_2_0_bps": [
            0.05276872786332901,
            0.025557010140124
        ],
        "sharpe_ratio_2_0_bps": [
            -0.40315420105745803,
            0.8861160092090231
        ],
        "downside_risk_2_0_bps": [
            0.038553124576826005,
            0.017360916609377
        ],
        "sortino_ratio_2_0_bps": [
            -0.5518083049316851,
            1.304451622125129
        ],
        "max_drawdown_2_0_bps": [
            0.073822496690837,
            0.01515717468289
        ],
        "calmar_ratio_2_0_bps": [
            -0.303543080099061,
            1.489141061761234
        ],
        "perc_pos_return_2_0_bps": [
            0.4453125,
            0.5
        ],
        "profit_loss_ratio_2_0_bps": [
            1.163529749314897,
            1.161516171035022
        ],
        "annual_return_2_5_bps": [
            -0.023345615420955,
            0.022027633948495003
        ],
        "annual_volatility_2_5_bps": [
            0.052771275430994004,
            0.025557959519608
        ],
        "sharpe_ratio_2_5_bps": [
            -0.42130799373554906,
            0.8652792914100911
        ],
        "downside_risk_2_5_bps": [
            0.038584547756030006,
            0.017379213723709
        ],
        "sortino_ratio_2_5_bps": [
            -0.576214092731551,
            1.272484098221549
        ],
        "max_drawdown_2_5_bps": [
            0.07430864965990501,
            0.015193130710302
        ],
        "calmar_ratio_2_5_bps": [
            -0.314170901070115,
            1.449841666507763
        ],
        "perc_pos_return_2_5_bps": [
            0.4453125,
            0.5
        ],
        "profit_loss_ratio_2_5_bps": [
            1.159978983745817,
            1.157426684236249
        ],
        "annual_return_3_0_bps": [
            -0.024282029433709003,
            0.021484384151797
        ],
        "annual_volatility_3_0_bps": [
            0.052773856736120006,
            0.025558920796111002
        ],
        "sharpe_ratio_3_0_bps": [
            -0.439459752786358,
            0.8444437284938271
        ],
        "downside_risk_3_0_bps": [
            0.038616031729376006,
            0.017397532443020003
        ],
        "sortino_ratio_3_0_bps": [
            -0.600579215320965,
            1.240582274758485
        ],
        "max_drawdown_3_0_bps": [
            0.074794550183383,
            0.015229085519786
        ],
        "calmar_ratio_3_0_bps": [
            -0.324649715442824,
            1.410746832032929
        ],
        "perc_pos_return_3_0_bps": [
            0.4453125,
            0.5
        ],
        "profit_loss_ratio_3_0_bps": [
            1.156440579512135,
            1.153352587747753
        ],
        "annual_return_rescaled": [
            -0.08354859453615415,
            0.094299552315529
        ],
        "annual_volatility_rescaled": [
            0.2021097755978347,
            0.09789022440216913
        ],
        "downside_risk_rescaled": [
            0.1472109274578656,
            0.06622699159347137
        ],
        "max_drawdown_rescaled": [
            0.2555572825754894,
            0.056620395346905106
        ],
        "annual_return_rescaled_0_5_bps": [
            -0.08690813407202047,
            0.0920694125363366
        ],
        "annual_volatility_rescaled_0_5_bps": [
            0.20211046395139268,
            0.09788953604860783
        ],
        "downside_risk_rescaled_0_5_bps": [
            0.14732413482288323,
            0.06629395894385297
        ],
        "max_drawdown_rescaled_0_5_bps": [
            0.25704629054934286,
            0.05675026448758495
        ],
        "annual_return_rescaled_1_0_bps": [
            -0.09025508672765603,
            0.08984393140637725
        ],
        "annual_volatility_rescaled_1_0_bps": [
            0.20211116372316834,
            0.09788883627683573
        ],
        "downside_risk_rescaled_1_0_bps": [
            0.14743747875217492,
            0.06636095925832361
        ],
        "max_drawdown_rescaled_1_0_bps": [
            0.25853209175924036,
            0.05688007361497407
        ],
        "annual_return_rescaled_1_5_bps": [
            -0.09358949484693635,
            0.08762310284136055
        ],
        "annual_volatility_rescaled_1_5_bps": [
            0.20211187490788532,
            0.09788812509211534
        ],
        "downside_risk_rescaled_1_5_bps": [
            0.14755096141242477,
            0.066427993486067
        ],
        "max_drawdown_rescaled_1_5_bps": [
            0.260014690981109,
            0.05700982253087319
        ],
        "annual_return_rescaled_2_0_bps": [
            -0.09691140067384452,
            0.08540692074558831
        ],
        "annual_volatility_rescaled_2_0_bps": [
            0.20211259750020835,
            0.09788740249979368
        ],
        "downside_risk_rescaled_2_0_bps": [
            0.14766458213950198,
            0.06649506427355573
        ],
        "max_drawdown_rescaled_2_0_bps": [
            0.26149409299554066,
            0.0571395110374753
        ],
        "annual_return_rescaled_2_5_bps": [
            -0.10022084635238449,
            0.08319537901202856
        ],
        "annual_volatility_rescaled_2_5_bps": [
            0.202113331494715,
            0.09788666850528871
        ],
        "downside_risk_rescaled_2_5_bps": [
            0.147778340157531,
            0.06656217337499797
        ],
        "max_drawdown_rescaled_2_5_bps": [
            0.26297030258769666,
            0.05726913893736076
        ],
        "annual_return_rescaled_3_0_bps": [
            -0.10351787392654532,
            0.08098847152243849
        ],
        "annual_volatility_rescaled_3_0_bps": [
            0.20211407688590857,
            0.09788592311409507
        ],
        "downside_risk_rescaled_3_0_bps": [
            0.1478922346912325,
            0.06662932041135168
        ],
        "max_drawdown_rescaled_3_0_bps": [
            0.2644433245472581,
            0.05739870603350353
        ],
        "sharpe_ratio_years": [
            -0.325871390883323,
            0.9216927392353591
        ],
        "sharpe_ratio_years_0_5_bps": [
            -0.34393108049261,
            0.9008875409936131
        ],
        "sharpe_ratio_years_1_0_bps": [
            -0.36198899332800605,
            0.8800831599824631
        ],
        "sharpe_ratio_years_1_5_bps": [
            -0.38004509565119404,
            0.8592796246638521
        ],
        "sharpe_ratio_years_2_0_bps": [
            -0.398099353742961,
            0.8384769634911151
        ],
        "sharpe_ratio_years_2_5_bps": [
            -0.41615173390353605,
            0.8176752049087991
        ],
        "sharpe_ratio_years_3_0_bps": [
            -0.43420220245287805,
            0.796874377352456
        ]
    }
}