{
    "ALL": {
        "annual_return": 0.031179741430378,
        "annual_volatility": 0.07144989095876951,
        "sharpe_ratio": 0.12856863026918647,
        "downside_risk": 0.04824816386695201,
        "sortino_ratio": 0.4005446879909285,
        "max_drawdown": 0.0846788782462535,
        "calmar_ratio": 0.46922766879415595,
        "perc_pos_return": 0.51270689229249,
        "profit_loss_ratio": 0.980761709099339,
        "annual_return_0_5_bps": 0.030582284049682003,
        "annual_volatility_0_5_bps": 0.071450211516426,
        "sharpe_ratio_0_5_bps": 0.12012792058314647,
        "downside_risk_0_5_bps": 0.048262755435335,
        "sortino_ratio_0_5_bps": 0.3885242235361915,
        "max_drawdown_0_5_bps": 0.084897920818454,
        "calmar_ratio_0_5_bps": 0.46131921598066145,
        "perc_pos_return_0_5_bps": 0.50880064229249,
        "profit_loss_ratio_0_5_bps": 0.9990035726038351,
        "annual_return_1_0_bps": 0.029985182440969,
        "annual_volatility_1_0_bps": 0.07145054336901151,
        "sharpe_ratio_1_0_bps": 0.11168713248623846,
        "downside_risk_1_0_bps": 0.0482773615603745,
        "sortino_ratio_1_0_bps": 0.3765107187546305,
        "max_drawdown_1_0_bps": 0.08511690383478601,
        "calmar_ratio_1_0_bps": 0.45344845960779656,
        "perc_pos_return_1_0_bps": 0.50880064229249,
        "profit_loss_ratio_1_0_bps": 0.9972750224831681,
        "annual_return_1_5_bps": 0.029388436387437007,
        "annual_volatility_1_5_bps": 0.0714508865164295,
        "sharpe_ratio_1_5_bps": 0.10324627018523697,
        "downside_risk_1_5_bps": 0.04829198225700901,
        "sortino_ratio_1_5_bps": 0.3645041790026555,
        "max_drawdown_1_5_bps": 0.0853358273128995,
        "calmar_ratio_1_5_bps": 0.4456151349328945,
        "perc_pos_return_1_5_bps": 0.50880064229249,
        "profit_loss_ratio_1_5_bps": 0.9955493090466461,
        "annual_return_2_0_bps": 0.028792045672414,
        "annual_volatility_2_0_bps": 0.07145124095857801,
        "sharpe_ratio_2_0_bps": 0.09480533788720541,
        "downside_risk_2_0_bps": 0.048306617511831004,
        "sortino_ratio_2_0_bps": 0.35250460890691615,
        "max_drawdown_2_0_bps": 0.08555469127043651,
        "calmar_ratio_2_0_bps": 0.43781897986945695,
        "perc_pos_return_2_0_bps": 0.50880064229249,
        "profit_loss_ratio_2_0_bps": 0.9938264252453195,
        "annual_return_2_5_bps": 0.028196010079366,
        "annual_volatility_2_5_bps": 0.07145160669535,
        "sharpe_ratio_2_5_bps": 0.08636433979948643,
        "downside_risk_2_5_bps": 0.0483212673114375,
        "sortino_ratio_2_5_bps": 0.340512013063052,
        "max_drawdown_2_5_bps": 0.08577349572503651,
        "calmar_ratio_2_5_bps": 0.430059734951507,
        "perc_pos_return_2_5_bps": 0.50880064229249,
        "profit_loss_ratio_2_5_bps": 0.9921063640538066,
        "annual_return_3_0_bps": 0.027600329391893,
        "annual_volatility_3_0_bps": 0.0714519837266325,
        "sharpe_ratio_3_0_bps": 0.07792328012968991,
        "downside_risk_3_0_bps": 0.0483359316424265,
        "sortino_ratio_3_0_bps": 0.3285263960357555,
        "max_drawdown_3_0_bps": 0.085992240694332,
        "calmar_ratio_3_0_bps": 0.42233714329810906,
        "perc_pos_return_3_0_bps": 0.50880064229249,
        "profit_loss_ratio_3_0_bps": 0.9903891184701905,
        "annual_return_rescaled": 0.06486266807341767,
        "annual_volatility_rescaled": 0.15000000000000052,
        "downside_risk_rescaled": 0.10129091147555569,
        "max_drawdown_rescaled": 0.17101579260373245,
        "annual_return_rescaled_0_5_bps": 0.06355060211889502,
        "annual_volatility_rescaled_0_5_bps": 0.15000000000000044,
        "downside_risk_rescaled_0_5_bps": 0.10132109005214082,
        "max_drawdown_rescaled_0_5_bps": 0.1714299297941822,
        "annual_return_rescaled_1_0_bps": 0.062240197845483514,
        "annual_volatility_rescaled_1_0_bps": 0.15000000000000052,
        "downside_risk_rescaled_1_0_bps": 0.10135128289586834,
        "max_drawdown_rescaled_1_0_bps": 0.17184380280929318,
        "annual_return_rescaled_1_5_bps": 0.06093145373477582,
        "annual_volatility_rescaled_1_5_bps": 0.1500000000000005,
        "downside_risk_rescaled_1_5_bps": 0.10138149002372046,
        "max_drawdown_rescaled_1_5_bps": 0.17225741164496822,
        "annual_return_rescaled_2_0_bps": 0.05962436826799361,
        "annual_volatility_rescaled_2_0_bps": 0.15000000000000063,
        "downside_risk_rescaled_2_0_bps": 0.10141171139316382,
        "max_drawdown_rescaled_2_0_bps": 0.17267075629744094,
        "annual_return_rescaled_2_5_bps": 0.05831893992596665,
        "annual_volatility_rescaled_2_5_bps": 0.15000000000000055,
        "downside_risk_rescaled_2_5_bps": 0.10144194696166742,
        "max_drawdown_rescaled_2_5_bps": 0.1730838367632874,
        "annual_return_rescaled_3_0_bps": 0.05701516718915278,
        "annual_volatility_rescaled_3_0_bps": 0.15000000000000097,
        "downside_risk_rescaled_3_0_bps": 0.10147219668670365,
        "max_drawdown_rescaled_3_0_bps": 0.17349665303942347,
        "sharpe_ratio_years": 0.06555262092918196,
        "sharpe_ratio_years_0_5_bps": 0.05712132868188402,
        "sharpe_ratio_years_1_0_bps": 0.048689987890132014,
        "sharpe_ratio_years_1_5_bps": 0.04025860262798897,
        "sharpe_ratio_years_2_0_bps": 0.03182717696971954,
        "sharpe_ratio_years_2_5_bps": 0.023395714989775496,
        "sharpe_ratio_years_3_0_bps": 0.014964220762792524,
        "sharpe_ratio_years_std": 0.9173341166075881,
        "sharpe_ratio_years_std_0_5_bps": 0.9185485183936251,
        "sharpe_ratio_years_std_1_0_bps": 0.9197631306055101,
        "sharpe_ratio_years_std_1_5_bps": 0.9209779523347901,
        "sharpe_ratio_years_std_2_0_bps": 0.9221929826721915,
        "sharpe_ratio_years_std_2_5_bps": 0.9234082207076226,
        "sharpe_ratio_years_std_3_0_bps": 0.9246236655301756
    },
    "COMB": {
        "annual_return": 0.031179741430378,
        "annual_volatility": 0.07144989095876951,
        "sharpe_ratio": 0.12856863026918647,
        "downside_risk": 0.04824816386695201,
        "sortino_ratio": 0.4005446879909285,
        "max_drawdown": 0.0846788782462535,
        "calmar_ratio": 0.46922766879415595,
        "perc_pos_return": 0.51270689229249,
        "profit_loss_ratio": 0.980761709099339,
        "annual_return_0_5_bps": 0.030582284049682003,
        "annual_volatility_0_5_bps": 0.071450211516426,
        "sharpe_ratio_0_5_bps": 0.12012792058314647,
        "downside_risk_0_5_bps": 0.048262755435335,
        "sortino_ratio_0_5_bps": 0.3885242235361915,
        "max_drawdown_0_5_bps": 0.084897920818454,
        "calmar_ratio_0_5_bps": 0.46131921598066145,
        "perc_pos_return_0_5_bps": 0.50880064229249,
        "profit_loss_ratio_0_5_bps": 0.9990035726038351,
        "annual_return_1_0_bps": 0.029985182440969,
        "annual_volatility_1_0_bps": 0.07145054336901151,
        "sharpe_ratio_1_0_bps": 0.11168713248623846,
        "downside_risk_1_0_bps": 0.0482773615603745,
        "sortino_ratio_1_0_bps": 0.3765107187546305,
        "max_drawdown_1_0_bps": 0.08511690383478601,
        "calmar_ratio_1_0_bps": 0.45344845960779656,
        "perc_pos_return_1_0_bps": 0.50880064229249,
        "profit_loss_ratio_1_0_bps": 0.9972750224831681,
        "annual_return_1_5_bps": 0.029388436387437007,
        "annual_volatility_1_5_bps": 0.0714508865164295,
        "sharpe_ratio_1_5_bps": 0.10324627018523697,
        "downside_risk_1_5_bps": 0.04829198225700901,
        "sortino_ratio_1_5_bps": 0.3645041790026555,
        "max_drawdown_1_5_bps": 0.0853358273128995,
        "calmar_ratio_1_5_bps": 0.4456151349328945,
        "perc_pos_return_1_5_bps": 0.50880064229249,
        "profit_loss_ratio_1_5_bps": 0.9955493090466461,
        "annual_return_2_0_bps": 0.028792045672414,
        "annual_volatility_2_0_bps": 0.07145124095857801,
        "sharpe_ratio_2_0_bps": 0.09480533788720541,
        "downside_risk_2_0_bps": 0.048306617511831004,
        "sortino_ratio_2_0_bps": 0.35250460890691615,
        "max_drawdown_2_0_bps": 0.08555469127043651,
        "calmar_ratio_2_0_bps": 0.43781897986945695,
        "perc_pos_return_2_0_bps": 0.50880064229249,
        "profit_loss_ratio_2_0_bps": 0.9938264252453195,
        "annual_return_2_5_bps": 0.028196010079366,
        "annual_volatility_2_5_bps": 0.07145160669535,
        "sharpe_ratio_2_5_bps": 0.08636433979948643,
        "downside_risk_2_5_bps": 0.0483212673114375,
        "sortino_ratio_2_5_bps": 0.340512013063052,
        "max_drawdown_2_5_bps": 0.08577349572503651,
        "calmar_ratio_2_5_bps": 0.430059734951507,
        "perc_pos_return_2_5_bps": 0.50880064229249,
        "profit_loss_ratio_2_5_bps": 0.9921063640538066,
        "annual_return_3_0_bps": 0.027600329391893,
        "annual_volatility_3_0_bps": 0.0714519837266325,
        "sharpe_ratio_3_0_bps": 0.07792328012968991,
        "downside_risk_3_0_bps": 0.0483359316424265,
        "sortino_ratio_3_0_bps": 0.3285263960357555,
        "max_drawdown_3_0_bps": 0.085992240694332,
        "calmar_ratio_3_0_bps": 0.42233714329810906,
        "perc_pos_return_3_0_bps": 0.50880064229249,
        "profit_loss_ratio_3_0_bps": 0.9903891184701905,
        "annual_return_rescaled": 0.06486266807341767,
        "annual_volatility_rescaled": 0.15000000000000052,
        "downside_risk_rescaled": 0.10129091147555569,
        "max_drawdown_rescaled": 0.17101579260373245,
        "annual_return_rescaled_0_5_bps": 0.06355060211889502,
        "annual_volatility_rescaled_0_5_bps": 0.15000000000000044,
        "downside_risk_rescaled_0_5_bps": 0.10132109005214082,
        "max_drawdown_rescaled_0_5_bps": 0.1714299297941822,
        "annual_return_rescaled_1_0_bps": 0.062240197845483514,
        "annual_volatility_rescaled_1_0_bps": 0.15000000000000052,
        "downside_risk_rescaled_1_0_bps": 0.10135128289586834,
        "max_drawdown_rescaled_1_0_bps": 0.17184380280929318,
        "annual_return_rescaled_1_5_bps": 0.06093145373477582,
        "annual_volatility_rescaled_1_5_bps": 0.1500000000000005,
        "downside_risk_rescaled_1_5_bps": 0.10138149002372046,
        "max_drawdown_rescaled_1_5_bps": 0.17225741164496822,
        "annual_return_rescaled_2_0_bps": 0.05962436826799361,
        "annual_volatility_rescaled_2_0_bps": 0.15000000000000063,
        "downside_risk_rescaled_2_0_bps": 0.10141171139316382,
        "max_drawdown_rescaled_2_0_bps": 0.17267075629744094,
        "annual_return_rescaled_2_5_bps": 0.05831893992596665,
        "annual_volatility_rescaled_2_5_bps": 0.15000000000000055,
        "downside_risk_rescaled_2_5_bps": 0.10144194696166742,
        "max_drawdown_rescaled_2_5_bps": 0.1730838367632874,
        "annual_return_rescaled_3_0_bps": 0.05701516718915278,
        "annual_volatility_rescaled_3_0_bps": 0.15000000000000097,
        "downside_risk_rescaled_3_0_bps": 0.10147219668670365,
        "max_drawdown_rescaled_3_0_bps": 0.17349665303942347,
        "sharpe_ratio_years": 0.06555262092918196,
        "sharpe_ratio_years_0_5_bps": 0.05712132868188402,
        "sharpe_ratio_years_1_0_bps": 0.048689987890132014,
        "sharpe_ratio_years_1_5_bps": 0.04025860262798897,
        "sharpe_ratio_years_2_0_bps": 0.03182717696971954,
        "sharpe_ratio_years_2_5_bps": 0.023395714989775496,
        "sharpe_ratio_years_3_0_bps": 0.014964220762792524,
        "sharpe_ratio_years_std": 0.9173341166075881,
        "sharpe_ratio_years_std_0_5_bps": 0.9185485183936251,
        "sharpe_ratio_years_std_1_0_bps": 0.9197631306055101,
        "sharpe_ratio_years_std_1_5_bps": 0.9209779523347901,
        "sharpe_ratio_years_std_2_0_bps": 0.9221929826721915,
        "sharpe_ratio_years_std_2_5_bps": 0.9234082207076226,
        "sharpe_ratio_years_std_3_0_bps": 0.9246236655301756
    }
}