{
    "ALL": {
        "annual_return": 0.003874990772845,
        "annual_volatility": 0.05701580520763501,
        "sharpe_ratio": 0.098039761678341,
        "downside_risk": 0.035740276296939,
        "sortino_ratio": 0.2521235228051325,
        "max_drawdown": 0.06966915840724,
        "calmar_ratio": 0.1613444140533575,
        "perc_pos_return": 0.49512876729249,
        "profit_loss_ratio": 1.043286181726136,
        "annual_return_0_5_bps": 0.0027318645366649994,
        "annual_volatility_0_5_bps": 0.05701272170549601,
        "sharpe_ratio_0_5_bps": 0.078005036752962,
        "downside_risk_0_5_bps": 0.0357750716000575,
        "sortino_ratio_0_5_bps": 0.2206805292555965,
        "max_drawdown_0_5_bps": 0.069974914025724,
        "calmar_ratio_0_5_bps": 0.14326883881731503,
        "perc_pos_return_0_5_bps": 0.49512876729249,
        "profit_loss_ratio_0_5_bps": 1.0433637193512126,
        "annual_return_1_0_bps": 0.0015901635051585004,
        "annual_volatility_1_0_bps": 0.057009682367427504,
        "sharpe_ratio_1_0_bps": 0.057968058010231,
        "downside_risk_1_0_bps": 0.035809932832930505,
        "sortino_ratio_1_0_bps": 0.189298772914596,
        "max_drawdown_1_0_bps": 0.07028056500014351,
        "calmar_ratio_1_0_bps": 0.125407771685476,
        "perc_pos_return_1_0_bps": 0.49512876729249,
        "profit_loss_ratio_1_0_bps": 1.039707411157653,
        "annual_return_1_5_bps": 0.00044988577742400074,
        "annual_volatility_1_5_bps": 0.05700668720240701,
        "sharpe_ratio_1_5_bps": 0.037928880690799,
        "downside_risk_1_5_bps": 0.0358448597960195,
        "sortino_ratio_1_5_bps": 0.15797824446021602,
        "max_drawdown_1_5_bps": 0.07058611136762201,
        "calmar_ratio_1_5_bps": 0.10775698086619001,
        "perc_pos_return_1_5_bps": 0.49512876729249,
        "profit_loss_ratio_1_5_bps": 1.0360641584746835,
        "annual_return_2_0_bps": -0.0006889705448029984,
        "annual_volatility_2_0_bps": 0.0570037362192635,
        "sharpe_ratio_2_0_bps": 0.017887560079410003,
        "downside_risk_2_0_bps": 0.0358798522901575,
        "sortino_ratio_2_0_bps": 0.12671893320700706,
        "max_drawdown_2_0_bps": 0.070891553165269,
        "calmar_ratio_2_0_bps": 0.09031235711496302,
        "perc_pos_return_2_0_bps": 0.49512876729249,
        "profit_loss_ratio_2_0_bps": 1.032433888916697,
        "annual_return_2_5_bps": -0.0018264073571350008,
        "annual_volatility_2_5_bps": 0.0570008294266795,
        "sharpe_ratio_2_5_bps": -0.002155848496073004,
        "downside_risk_2_5_bps": 0.035914910116555,
        "sortino_ratio_2_5_bps": 0.09552082711798299,
        "max_drawdown_2_5_bps": 0.07119689043017952,
        "calmar_ratio_2_5_bps": 0.07306990913372402,
        "perc_pos_return_2_5_bps": 0.49512876729249,
        "profit_loss_ratio_2_5_bps": 1.0288165306487396,
        "annual_return_3_0_bps": -0.0029624265525555003,
        "annual_volatility_3_0_bps": 0.05699796683319,
        "sharpe_ratio_3_0_bps": -0.022201289665637003,
        "downside_risk_3_0_bps": 0.0359500330768025,
        "sortino_ratio_3_0_bps": 0.06438391281659894,
        "max_drawdown_3_0_bps": 0.071502123199434,
        "calmar_ratio_3_0_bps": 0.05602575917875649,
        "perc_pos_return_3_0_bps": 0.49512876729249,
        "profit_loss_ratio_3_0_bps": 1.0252120123811537,
        "annual_return_rescaled": 0.004375375151904892,
        "annual_volatility_rescaled": 0.15000000000000108,
        "downside_risk_rescaled": 0.09402728638169011,
        "max_drawdown_rescaled": 0.17445323274896524,
        "annual_return_rescaled_0_5_bps": 0.0014040310877059259,
        "annual_volatility_rescaled_0_5_bps": 0.15000000000000052,
        "downside_risk_rescaled_0_5_bps": 0.09412391795165485,
        "max_drawdown_rescaled_0_5_bps": 0.17518230303996649,
        "annual_return_rescaled_1_0_bps": -0.0015579768727593812,
        "annual_volatility_rescaled_1_0_bps": 0.15000000000000058,
        "downside_risk_rescaled_1_0_bps": 0.09422066045413799,
        "max_drawdown_rescaled_1_0_bps": 0.17591065893900004,
        "annual_return_rescaled_1_5_bps": -0.00451067263448629,
        "annual_volatility_rescaled_1_5_bps": 0.15000000000000008,
        "downside_risk_rescaled_1_5_bps": 0.09431751314214132,
        "max_drawdown_rescaled_1_5_bps": 0.17663829944391854,
        "annual_return_rescaled_2_0_bps": -0.007454080083056203,
        "annual_volatility_rescaled_2_0_bps": 0.15000000000000077,
        "downside_risk_rescaled_2_0_bps": 0.09441447526916522,
        "max_drawdown_rescaled_2_0_bps": 0.17736522355796755,
        "annual_return_rescaled_2_5_bps": -0.010388223084415504,
        "annual_volatility_rescaled_2_5_bps": 0.15000000000000147,
        "downside_risk_rescaled_2_5_bps": 0.09451154608921902,
        "max_drawdown_rescaled_2_5_bps": 0.17809143028978885,
        "annual_return_rescaled_3_0_bps": -0.013313125484614496,
        "annual_volatility_rescaled_3_0_bps": 0.15000000000000036,
        "downside_risk_rescaled_3_0_bps": 0.09460872485683666,
        "max_drawdown_rescaled_3_0_bps": 0.17881691865343452,
        "sharpe_ratio_years": 0.0663893167399465,
        "sharpe_ratio_years_0_5_bps": 0.047024867681508514,
        "sharpe_ratio_years_1_0_bps": 0.02765861560976149,
        "sharpe_ratio_years_1_5_bps": 0.008290612579772982,
        "sharpe_ratio_years_2_0_bps": -0.011079089317932,
        "sharpe_ratio_years_2_5_bps": -0.03045043795826549,
        "sharpe_ratio_years_3_0_bps": -0.049823381182477505,
        "sharpe_ratio_years_std": 0.38825143421692054,
        "sharpe_ratio_years_std_0_5_bps": 0.3946248685109095,
        "sharpe_ratio_years_std_1_0_bps": 0.40099941368171454,
        "sharpe_ratio_years_std_1_5_bps": 0.407375025804085,
        "sharpe_ratio_years_std_2_0_bps": 0.41375166091972004,
        "sharpe_ratio_years_std_2_5_bps": 0.42012927503814257,
        "sharpe_ratio_years_std_3_0_bps": 0.4265078241375715
    },
    "COMB": {
        "annual_return": 0.003874990772845,
        "annual_volatility": 0.05701580520763501,
        "sharpe_ratio": 0.098039761678341,
        "downside_risk": 0.035740276296939,
        "sortino_ratio": 0.2521235228051325,
        "max_drawdown": 0.06966915840724,
        "calmar_ratio": 0.1613444140533575,
        "perc_pos_return": 0.49512876729249,
        "profit_loss_ratio": 1.043286181726136,
        "annual_return_0_5_bps": 0.0027318645366649994,
        "annual_volatility_0_5_bps": 0.05701272170549601,
        "sharpe_ratio_0_5_bps": 0.078005036752962,
        "downside_risk_0_5_bps": 0.0357750716000575,
        "sortino_ratio_0_5_bps": 0.2206805292555965,
        "max_drawdown_0_5_bps": 0.069974914025724,
        "calmar_ratio_0_5_bps": 0.14326883881731503,
        "perc_pos_return_0_5_bps": 0.49512876729249,
        "profit_loss_ratio_0_5_bps": 1.0433637193512126,
        "annual_return_1_0_bps": 0.0015901635051585004,
        "annual_volatility_1_0_bps": 0.057009682367427504,
        "sharpe_ratio_1_0_bps": 0.057968058010231,
        "downside_risk_1_0_bps": 0.035809932832930505,
        "sortino_ratio_1_0_bps": 0.189298772914596,
        "max_drawdown_1_0_bps": 0.07028056500014351,
        "calmar_ratio_1_0_bps": 0.125407771685476,
        "perc_pos_return_1_0_bps": 0.49512876729249,
        "profit_loss_ratio_1_0_bps": 1.039707411157653,
        "annual_return_1_5_bps": 0.00044988577742400074,
        "annual_volatility_1_5_bps": 0.05700668720240701,
        "sharpe_ratio_1_5_bps": 0.037928880690799,
        "downside_risk_1_5_bps": 0.0358448597960195,
        "sortino_ratio_1_5_bps": 0.15797824446021602,
        "max_drawdown_1_5_bps": 0.07058611136762201,
        "calmar_ratio_1_5_bps": 0.10775698086619001,
        "perc_pos_return_1_5_bps": 0.49512876729249,
        "profit_loss_ratio_1_5_bps": 1.0360641584746835,
        "annual_return_2_0_bps": -0.0006889705448029984,
        "annual_volatility_2_0_bps": 0.0570037362192635,
        "sharpe_ratio_2_0_bps": 0.017887560079410003,
        "downside_risk_2_0_bps": 0.0358798522901575,
        "sortino_ratio_2_0_bps": 0.12671893320700706,
        "max_drawdown_2_0_bps": 0.070891553165269,
        "calmar_ratio_2_0_bps": 0.09031235711496302,
        "perc_pos_return_2_0_bps": 0.49512876729249,
        "profit_loss_ratio_2_0_bps": 1.032433888916697,
        "annual_return_2_5_bps": -0.0018264073571350008,
        "annual_volatility_2_5_bps": 0.0570008294266795,
        "sharpe_ratio_2_5_bps": -0.002155848496073004,
        "downside_risk_2_5_bps": 0.035914910116555,
        "sortino_ratio_2_5_bps": 0.09552082711798299,
        "max_drawdown_2_5_bps": 0.07119689043017952,
        "calmar_ratio_2_5_bps": 0.07306990913372402,
        "perc_pos_return_2_5_bps": 0.49512876729249,
        "profit_loss_ratio_2_5_bps": 1.0288165306487396,
        "annual_return_3_0_bps": -0.0029624265525555003,
        "annual_volatility_3_0_bps": 0.05699796683319,
        "sharpe_ratio_3_0_bps": -0.022201289665637003,
        "downside_risk_3_0_bps": 0.0359500330768025,
        "sortino_ratio_3_0_bps": 0.06438391281659894,
        "max_drawdown_3_0_bps": 0.071502123199434,
        "calmar_ratio_3_0_bps": 0.05602575917875649,
        "perc_pos_return_3_0_bps": 0.49512876729249,
        "profit_loss_ratio_3_0_bps": 1.0252120123811537,
        "annual_return_rescaled": 0.004375375151904892,
        "annual_volatility_rescaled": 0.15000000000000108,
        "downside_risk_rescaled": 0.09402728638169011,
        "max_drawdown_rescaled": 0.17445323274896524,
        "annual_return_rescaled_0_5_bps": 0.0014040310877059259,
        "annual_volatility_rescaled_0_5_bps": 0.15000000000000052,
        "downside_risk_rescaled_0_5_bps": 0.09412391795165485,
        "max_drawdown_rescaled_0_5_bps": 0.17518230303996649,
        "annual_return_rescaled_1_0_bps": -0.0015579768727593812,
        "annual_volatility_rescaled_1_0_bps": 0.15000000000000058,
        "downside_risk_rescaled_1_0_bps": 0.09422066045413799,
        "max_drawdown_rescaled_1_0_bps": 0.17591065893900004,
        "annual_return_rescaled_1_5_bps": -0.00451067263448629,
        "annual_volatility_rescaled_1_5_bps": 0.15000000000000008,
        "downside_risk_rescaled_1_5_bps": 0.09431751314214132,
        "max_drawdown_rescaled_1_5_bps": 0.17663829944391854,
        "annual_return_rescaled_2_0_bps": -0.007454080083056203,
        "annual_volatility_rescaled_2_0_bps": 0.15000000000000077,
        "downside_risk_rescaled_2_0_bps": 0.09441447526916522,
        "max_drawdown_rescaled_2_0_bps": 0.17736522355796755,
        "annual_return_rescaled_2_5_bps": -0.010388223084415504,
        "annual_volatility_rescaled_2_5_bps": 0.15000000000000147,
        "downside_risk_rescaled_2_5_bps": 0.09451154608921902,
        "max_drawdown_rescaled_2_5_bps": 0.17809143028978885,
        "annual_return_rescaled_3_0_bps": -0.013313125484614496,
        "annual_volatility_rescaled_3_0_bps": 0.15000000000000036,
        "downside_risk_rescaled_3_0_bps": 0.09460872485683666,
        "max_drawdown_rescaled_3_0_bps": 0.17881691865343452,
        "sharpe_ratio_years": 0.0663893167399465,
        "sharpe_ratio_years_0_5_bps": 0.047024867681508514,
        "sharpe_ratio_years_1_0_bps": 0.02765861560976149,
        "sharpe_ratio_years_1_5_bps": 0.008290612579772982,
        "sharpe_ratio_years_2_0_bps": -0.011079089317932,
        "sharpe_ratio_years_2_5_bps": -0.03045043795826549,
        "sharpe_ratio_years_3_0_bps": -0.049823381182477505,
        "sharpe_ratio_years_std": 0.38825143421692054,
        "sharpe_ratio_years_std_0_5_bps": 0.3946248685109095,
        "sharpe_ratio_years_std_1_0_bps": 0.40099941368171454,
        "sharpe_ratio_years_std_1_5_bps": 0.407375025804085,
        "sharpe_ratio_years_std_2_0_bps": 0.41375166091972004,
        "sharpe_ratio_years_std_2_5_bps": 0.42012927503814257,
        "sharpe_ratio_years_std_3_0_bps": 0.4265078241375715
    }
}