{
    "ALL": {
        "annual_return": [
            0.025846761404118002,
            -0.018096779858428003
        ],
        "annual_volatility": [
            0.056110413807322006,
            0.057921196607948006
        ],
        "sharpe_ratio": [
            0.48251925368948,
            -0.286439730332798
        ],
        "downside_risk": [
            0.029956299638919003,
            0.041524252954959005
        ],
        "sortino_ratio": [
            0.9037950388018451,
            -0.39954799319158
        ],
        "max_drawdown": [
            0.049346391212748,
            0.08999192560173201
        ],
        "calmar_ratio": [
            0.52378220106684,
            -0.20109337296012503
        ],
        "perc_pos_return": [
            0.48828125,
            0.50197628458498
        ],
        "profit_loss_ratio": [
            1.149828795727045,
            0.936743567725227
        ],
        "annual_return_0_5_bps": [
            0.025042135124872,
            -0.019578406051542003
        ],
        "annual_volatility_0_5_bps": [
            0.05610862223146001,
            0.05791682117953201
        ],
        "sharpe_ratio_0_5_bps": [
            0.46854684495042104,
            -0.31253677144449704
        ],
        "downside_risk_0_5_bps": [
            0.029982638827090003,
            0.041567504373025005
        ],
        "sortino_ratio_0_5_bps": [
            0.87682468753593,
            -0.435463629024737
        ],
        "max_drawdown_0_5_bps": [
            0.049731313797242,
            0.090218514254206
        ],
        "calmar_ratio_0_5_bps": [
            0.5035486339043961,
            -0.21701095626976602
        ],
        "perc_pos_return_0_5_bps": [
            0.48828125,
            0.50197628458498
        ],
        "profit_loss_ratio_0_5_bps": [
            1.146739940107861,
            0.9399874985945641
        ],
        "annual_return_1_0_bps": [
            0.024238136680052,
            -0.021057809669735
        ],
        "annual_volatility_1_0_bps": [
            0.056106844162532005,
            0.057912520572323004
        ],
        "sharpe_ratio_1_0_bps": [
            0.45457343445893805,
            -0.33863731843847605
        ],
        "downside_risk_1_0_bps": [
            0.030009003915365002,
            0.041610861750496005
        ],
        "sortino_ratio_1_0_bps": [
            0.84990094704728,
            -0.47130340121808806
        ],
        "max_drawdown_1_0_bps": [
            0.050116082061471,
            0.09044504793881601
        ],
        "calmar_ratio_1_0_bps": [
            0.48363989527997503,
            -0.232824351909023
        ],
        "perc_pos_return_1_0_bps": [
            0.48828125,
            0.50197628458498
        ],
        "profit_loss_ratio_1_0_bps": [
            1.143659633555582,
            0.9357551887597241
        ],
        "annual_return_1_5_bps": [
            0.023434765582326003,
            -0.022534994027478
        ],
        "annual_volatility_1_5_bps": [
            0.056105079601821005,
            0.057908294802993004
        ],
        "sharpe_ratio_1_5_bps": [
            0.440599032201727,
            -0.364741270820129
        ],
        "downside_risk_1_5_bps": [
            0.030035394835540002,
            0.041654324756499
        ],
        "sortino_ratio_1_5_bps": [
            0.8230237661105331,
            -0.507067277190101
        ],
        "max_drawdown_1_5_bps": [
            0.050500696066692004,
            0.09067152666855201
        ],
        "calmar_ratio_1_5_bps": [
            0.46404836779630704,
            -0.24853440606392702
        ],
        "perc_pos_return_1_5_bps": [
            0.48828125,
            0.50197628458498
        ],
        "profit_loss_ratio_1_5_bps": [
            1.140587840627207,
            0.9315404763221601
        ],
        "annual_return_2_0_bps": [
            0.022632021344726003,
            -0.024009962434332
        ],
        "annual_volatility_2_0_bps": [
            0.056103328550602,
            0.057904143887925
        ],
        "sharpe_ratio_2_0_bps": [
            0.426623648169531,
            -0.390848528010711
        ],
        "downside_risk_2_0_bps": [
            0.030061811519582003,
            0.041697893060733
        ],
        "sortino_ratio_2_0_bps": [
            0.7961930931913601,
            -0.542755226777346
        ],
        "max_drawdown_2_0_bps": [
            0.05088515587413701,
            0.090897950456401
        ],
        "calmar_ratio_2_0_bps": [
            0.44476667027819305,
            -0.264141956048267
        ],
        "perc_pos_return_2_0_bps": [
            0.48828125,
            0.50197628458498
        ],
        "profit_loss_ratio_2_0_bps": [
            1.1375245260753841,
            0.92734325175801
        ],
        "annual_return_2_5_bps": [
            0.021829903480671,
            -0.025482718194941002
        ],
        "annual_volatility_2_5_bps": [
            0.056101591010141005,
            0.057900067843218
        ],
        "sharpe_ratio_2_5_bps": [
            0.412647292357104,
            -0.41695898934925
        ],
        "downside_risk_2_5_bps": [
            0.030088253899631004,
            0.041741566333479
        ],
        "sortino_ratio_2_5_bps": [
            0.769408876450094,
            -0.5783672222141281
        ],
        "max_drawdown_2_5_bps": [
            0.051269461545017006,
            0.09112431931534201
        ],
        "calmar_ratio_2_5_bps": [
            0.42578764868642205,
            -0.279647830418974
        ],
        "perc_pos_return_2_5_bps": [
            0.48828125,
            0.50197628458498
        ],
        "profit_loss_ratio_2_5_bps": [
            1.134469654847066,
            0.9231634064504131
        ],
        "annual_return_3_0_bps": [
            0.021028411503952002,
            -0.026953264609063003
        ],
        "annual_volatility_3_0_bps": [
            0.056099866981693,
            0.057896066684687005
        ],
        "sharpe_ratio_3_0_bps": [
            0.398669974763178,
            -0.443072554094452
        ],
        "downside_risk_3_0_bps": [
            0.030114721908000002,
            0.041785344245605004
        ],
        "sortino_ratio_3_0_bps": [
            0.74267106374533,
            -0.6139032381121321
        ],
        "max_drawdown_3_0_bps": [
            0.051653613140512006,
            0.091350633258356
        ],
        "calmar_ratio_3_0_bps": [
            0.407104367447619,
            -0.29505284909010604
        ],
        "perc_pos_return_3_0_bps": [
            0.48828125,
            0.50197628458498
        ],
        "profit_loss_ratio_3_0_bps": [
            1.1314231920821691,
            0.9190008326801381
        ],
        "annual_return_rescaled": [
            0.0624763165941451,
            -0.053725566290335314
        ],
        "annual_volatility_rescaled": [
            0.14761805152883029,
            0.1523819484711719
        ],
        "downside_risk_rescaled": [
            0.07881051454897715,
            0.10924405821440307
        ],
        "max_drawdown_rescaled": [
            0.12667630898278162,
            0.22223015651514888
        ],
        "annual_return_rescaled_0_5_bps": [
            0.06028875825110802,
            -0.05748069607569617
        ],
        "annual_volatility_rescaled_0_5_bps": [
            0.14762132174980433,
            0.1523786782501967
        ],
        "downside_risk_rescaled_0_5_bps": [
            0.07888407515949118,
            0.10936376074381852
        ],
        "max_drawdown_rescaled_0_5_bps": [
            0.12761312006251402,
            0.22275148601741895
        ],
        "annual_return_rescaled_1_0_bps": [
            0.058105406900601064,
            -0.06122136064611983
        ],
        "annual_volatility_rescaled_1_0_bps": [
            0.14762451350173253,
            0.1523754864982686
        ],
        "downside_risk_rescaled_1_0_bps": [
            0.07895765070735844,
            0.10948367020091752
        ],
        "max_drawdown_rescaled_1_0_bps": [
            0.12854894180450288,
            0.22327237607349718
        ],
        "annual_return_rescaled_1_5_bps": [
            0.055926260104042225,
            -0.0649476053730148
        ],
        "annual_volatility_rescaled_1_5_bps": [
            0.14762762674477642,
            0.15237237325522374
        ],
        "downside_risk_rescaled_1_5_bps": [
            0.07903124083205462,
            0.10960378545222801
        ],
        "max_drawdown_rescaled_1_5_bps": [
            0.12948377304822414,
            0.22379282583961294
        ],
        "annual_return_rescaled_2_0_bps": [
            0.05375131539740474,
            -0.06865947556351715
        ],
        "annual_volatility_rescaled_2_0_bps": [
            0.14763066143981124,
            0.1523693385601903
        ],
        "downside_risk_rescaled_2_0_bps": [
            0.07910484517352566,
            0.10972410536480477
        ],
        "max_drawdown_rescaled_2_0_bps": [
            0.13041761264066934,
            0.22431283447526576
        ],
        "annual_return_rescaled_2_5_bps": [
            0.05158057029128238,
            -0.07235701646011339
        ],
        "annual_volatility_rescaled_2_5_bps": [
            0.14763361754842186,
            0.1523663824515811
        ],
        "downside_risk_rescaled_2_5_bps": [
            0.0791784633721884,
            0.10984462880624965
        ],
        "max_drawdown_rescaled_2_5_bps": [
            0.13135045943635448,
            0.22483240114322325
        ],
        "annual_return_rescaled_3_0_bps": [
            0.04941402227097624,
            -0.07604027324020524
        ],
        "annual_volatility_rescaled_3_0_bps": [
            0.14763649503290563,
            0.15236350496709505
        ],
        "downside_risk_rescaled_3_0_bps": [
            0.07925209506893557,
            0.10996535464473776
        ],
        "max_drawdown_rescaled_3_0_bps": [
            0.1322823122973338,
            0.2253515250095352
        ],
        "sharpe_ratio_years": [
            0.454640750956867,
            -0.321862117476974
        ],
        "sharpe_ratio_years_0_5_bps": [
            0.44164973619241804,
            -0.347600000829401
        ],
        "sharpe_ratio_years_1_0_bps": [
            0.428658029291476,
            -0.37334079807195303
        ],
        "sharpe_ratio_years_1_5_bps": [
            0.415665638383858,
            -0.39908441322431204
        ],
        "sharpe_ratio_years_2_0_bps": [
            0.40267257160178804,
            -0.42483075023765204
        ],
        "sharpe_ratio_years_2_5_bps": [
            0.38967883707987705,
            -0.45057971299640803
        ],
        "sharpe_ratio_years_3_0_bps": [
            0.376684442955094,
            -0.476331205320049
        ]
    },
    "COMB": {
        "annual_return": [
            0.025846761404118002,
            -0.018096779858428003
        ],
        "annual_volatility": [
            0.056110413807322006,
            0.057921196607948006
        ],
        "sharpe_ratio": [
            0.48251925368948,
            -0.286439730332798
        ],
        "downside_risk": [
            0.029956299638919003,
            0.041524252954959005
        ],
        "sortino_ratio": [
            0.9037950388018451,
            -0.39954799319158
        ],
        "max_drawdown": [
            0.049346391212748,
            0.08999192560173201
        ],
        "calmar_ratio": [
            0.52378220106684,
            -0.20109337296012503
        ],
        "perc_pos_return": [
            0.48828125,
            0.50197628458498
        ],
        "profit_loss_ratio": [
            1.149828795727045,
            0.936743567725227
        ],
        "annual_return_0_5_bps": [
            0.025042135124872,
            -0.019578406051542003
        ],
        "annual_volatility_0_5_bps": [
            0.05610862223146001,
            0.05791682117953201
        ],
        "sharpe_ratio_0_5_bps": [
            0.46854684495042104,
            -0.31253677144449704
        ],
        "downside_risk_0_5_bps": [
            0.029982638827090003,
            0.041567504373025005
        ],
        "sortino_ratio_0_5_bps": [
            0.87682468753593,
            -0.435463629024737
        ],
        "max_drawdown_0_5_bps": [
            0.049731313797242,
            0.090218514254206
        ],
        "calmar_ratio_0_5_bps": [
            0.5035486339043961,
            -0.21701095626976602
        ],
        "perc_pos_return_0_5_bps": [
            0.48828125,
            0.50197628458498
        ],
        "profit_loss_ratio_0_5_bps": [
            1.146739940107861,
            0.9399874985945641
        ],
        "annual_return_1_0_bps": [
            0.024238136680052,
            -0.021057809669735
        ],
        "annual_volatility_1_0_bps": [
            0.056106844162532005,
            0.057912520572323004
        ],
        "sharpe_ratio_1_0_bps": [
            0.45457343445893805,
            -0.33863731843847605
        ],
        "downside_risk_1_0_bps": [
            0.030009003915365002,
            0.041610861750496005
        ],
        "sortino_ratio_1_0_bps": [
            0.84990094704728,
            -0.47130340121808806
        ],
        "max_drawdown_1_0_bps": [
            0.050116082061471,
            0.09044504793881601
        ],
        "calmar_ratio_1_0_bps": [
            0.48363989527997503,
            -0.232824351909023
        ],
        "perc_pos_return_1_0_bps": [
            0.48828125,
            0.50197628458498
        ],
        "profit_loss_ratio_1_0_bps": [
            1.143659633555582,
            0.9357551887597241
        ],
        "annual_return_1_5_bps": [
            0.023434765582326003,
            -0.022534994027478
        ],
        "annual_volatility_1_5_bps": [
            0.056105079601821005,
            0.057908294802993004
        ],
        "sharpe_ratio_1_5_bps": [
            0.440599032201727,
            -0.364741270820129
        ],
        "downside_risk_1_5_bps": [
            0.030035394835540002,
            0.041654324756499
        ],
        "sortino_ratio_1_5_bps": [
            0.8230237661105331,
            -0.507067277190101
        ],
        "max_drawdown_1_5_bps": [
            0.050500696066692004,
            0.09067152666855201
        ],
        "calmar_ratio_1_5_bps": [
            0.46404836779630704,
            -0.24853440606392702
        ],
        "perc_pos_return_1_5_bps": [
            0.48828125,
            0.50197628458498
        ],
        "profit_loss_ratio_1_5_bps": [
            1.140587840627207,
            0.9315404763221601
        ],
        "annual_return_2_0_bps": [
            0.022632021344726003,
            -0.024009962434332
        ],
        "annual_volatility_2_0_bps": [
            0.056103328550602,
            0.057904143887925
        ],
        "sharpe_ratio_2_0_bps": [
            0.426623648169531,
            -0.390848528010711
        ],
        "downside_risk_2_0_bps": [
            0.030061811519582003,
            0.041697893060733
        ],
        "sortino_ratio_2_0_bps": [
            0.7961930931913601,
            -0.542755226777346
        ],
        "max_drawdown_2_0_bps": [
            0.05088515587413701,
            0.090897950456401
        ],
        "calmar_ratio_2_0_bps": [
            0.44476667027819305,
            -0.264141956048267
        ],
        "perc_pos_return_2_0_bps": [
            0.48828125,
            0.50197628458498
        ],
        "profit_loss_ratio_2_0_bps": [
            1.1375245260753841,
            0.92734325175801
        ],
        "annual_return_2_5_bps": [
            0.021829903480671,
            -0.025482718194941002
        ],
        "annual_volatility_2_5_bps": [
            0.056101591010141005,
            0.057900067843218
        ],
        "sharpe_ratio_2_5_bps": [
            0.412647292357104,
            -0.41695898934925
        ],
        "downside_risk_2_5_bps": [
            0.030088253899631004,
            0.041741566333479
        ],
        "sortino_ratio_2_5_bps": [
            0.769408876450094,
            -0.5783672222141281
        ],
        "max_drawdown_2_5_bps": [
            0.051269461545017006,
            0.09112431931534201
        ],
        "calmar_ratio_2_5_bps": [
            0.42578764868642205,
            -0.279647830418974
        ],
        "perc_pos_return_2_5_bps": [
            0.48828125,
            0.50197628458498
        ],
        "profit_loss_ratio_2_5_bps": [
            1.134469654847066,
            0.9231634064504131
        ],
        "annual_return_3_0_bps": [
            0.021028411503952002,
            -0.026953264609063003
        ],
        "annual_volatility_3_0_bps": [
            0.056099866981693,
            0.057896066684687005
        ],
        "sharpe_ratio_3_0_bps": [
            0.398669974763178,
            -0.443072554094452
        ],
        "downside_risk_3_0_bps": [
            0.030114721908000002,
            0.041785344245605004
        ],
        "sortino_ratio_3_0_bps": [
            0.74267106374533,
            -0.6139032381121321
        ],
        "max_drawdown_3_0_bps": [
            0.051653613140512006,
            0.091350633258356
        ],
        "calmar_ratio_3_0_bps": [
            0.407104367447619,
            -0.29505284909010604
        ],
        "perc_pos_return_3_0_bps": [
            0.48828125,
            0.50197628458498
        ],
        "profit_loss_ratio_3_0_bps": [
            1.1314231920821691,
            0.9190008326801381
        ],
        "annual_return_rescaled": [
            0.0624763165941451,
            -0.053725566290335314
        ],
        "annual_volatility_rescaled": [
            0.14761805152883029,
            0.1523819484711719
        ],
        "downside_risk_rescaled": [
            0.07881051454897715,
            0.10924405821440307
        ],
        "max_drawdown_rescaled": [
            0.12667630898278162,
            0.22223015651514888
        ],
        "annual_return_rescaled_0_5_bps": [
            0.06028875825110802,
            -0.05748069607569617
        ],
        "annual_volatility_rescaled_0_5_bps": [
            0.14762132174980433,
            0.1523786782501967
        ],
        "downside_risk_rescaled_0_5_bps": [
            0.07888407515949118,
            0.10936376074381852
        ],
        "max_drawdown_rescaled_0_5_bps": [
            0.12761312006251402,
            0.22275148601741895
        ],
        "annual_return_rescaled_1_0_bps": [
            0.058105406900601064,
            -0.06122136064611983
        ],
        "annual_volatility_rescaled_1_0_bps": [
            0.14762451350173253,
            0.1523754864982686
        ],
        "downside_risk_rescaled_1_0_bps": [
            0.07895765070735844,
            0.10948367020091752
        ],
        "max_drawdown_rescaled_1_0_bps": [
            0.12854894180450288,
            0.22327237607349718
        ],
        "annual_return_rescaled_1_5_bps": [
            0.055926260104042225,
            -0.0649476053730148
        ],
        "annual_volatility_rescaled_1_5_bps": [
            0.14762762674477642,
            0.15237237325522374
        ],
        "downside_risk_rescaled_1_5_bps": [
            0.07903124083205462,
            0.10960378545222801
        ],
        "max_drawdown_rescaled_1_5_bps": [
            0.12948377304822414,
            0.22379282583961294
        ],
        "annual_return_rescaled_2_0_bps": [
            0.05375131539740474,
            -0.06865947556351715
        ],
        "annual_volatility_rescaled_2_0_bps": [
            0.14763066143981124,
            0.1523693385601903
        ],
        "downside_risk_rescaled_2_0_bps": [
            0.07910484517352566,
            0.10972410536480477
        ],
        "max_drawdown_rescaled_2_0_bps": [
            0.13041761264066934,
            0.22431283447526576
        ],
        "annual_return_rescaled_2_5_bps": [
            0.05158057029128238,
            -0.07235701646011339
        ],
        "annual_volatility_rescaled_2_5_bps": [
            0.14763361754842186,
            0.1523663824515811
        ],
        "downside_risk_rescaled_2_5_bps": [
            0.0791784633721884,
            0.10984462880624965
        ],
        "max_drawdown_rescaled_2_5_bps": [
            0.13135045943635448,
            0.22483240114322325
        ],
        "annual_return_rescaled_3_0_bps": [
            0.04941402227097624,
            -0.07604027324020524
        ],
        "annual_volatility_rescaled_3_0_bps": [
            0.14763649503290563,
            0.15236350496709505
        ],
        "downside_risk_rescaled_3_0_bps": [
            0.07925209506893557,
            0.10996535464473776
        ],
        "max_drawdown_rescaled_3_0_bps": [
            0.1322823122973338,
            0.2253515250095352
        ],
        "sharpe_ratio_years": [
            0.454640750956867,
            -0.321862117476974
        ],
        "sharpe_ratio_years_0_5_bps": [
            0.44164973619241804,
            -0.347600000829401
        ],
        "sharpe_ratio_years_1_0_bps": [
            0.428658029291476,
            -0.37334079807195303
        ],
        "sharpe_ratio_years_1_5_bps": [
            0.415665638383858,
            -0.39908441322431204
        ],
        "sharpe_ratio_years_2_0_bps": [
            0.40267257160178804,
            -0.42483075023765204
        ],
        "sharpe_ratio_years_2_5_bps": [
            0.38967883707987705,
            -0.45057971299640803
        ],
        "sharpe_ratio_years_3_0_bps": [
            0.376684442955094,
            -0.476331205320049
        ]
    }
}