{
    "ALL": {
        "annual_return": [
            -0.039083183392857004,
            0.101442666253613
        ],
        "annual_volatility": [
            0.047941799880257006,
            0.09495798203728201
        ],
        "sharpe_ratio": [
            -0.8074829395379951,
            1.064620200076368
        ],
        "downside_risk": [
            0.039633193058278005,
            0.056863134675626
        ],
        "sortino_ratio": [
            -0.976761711758341,
            1.777851087740198
        ],
        "max_drawdown": [
            0.09436170663057,
            0.074996049861937
        ],
        "calmar_ratio": [
            -0.41418478732977204,
            1.352640124918084
        ],
        "perc_pos_return": [
            0.5234375,
            0.50197628458498
        ],
        "profit_loss_ratio": [
            0.750488621037497,
            1.211034797161181
        ],
        "annual_return_0_5_bps": [
            -0.039529160039469005,
            0.10069372813883301
        ],
        "annual_volatility_0_5_bps": [
            0.047940816948319004,
            0.09495960608453301
        ],
        "sharpe_ratio_0_5_bps": [
            -0.817182140515579,
            1.057437981681872
        ],
        "downside_risk_0_5_bps": [
            0.039642856751817,
            0.056882654118853
        ],
        "sortino_ratio_0_5_bps": [
            -0.9882330039218791,
            1.765281450994262
        ],
        "max_drawdown_0_5_bps": [
            0.094663311088826,
            0.075132530548082
        ],
        "calmar_ratio_0_5_bps": [
            -0.417576351226267,
            1.34021478318759
        ],
        "perc_pos_return_0_5_bps": [
            0.515625,
            0.50197628458498
        ],
        "profit_loss_ratio_0_5_bps": [
            0.7789897194124391,
            1.219017425795231
        ],
        "annual_return_1_0_bps": [
            -0.03997493091977301,
            0.099945295801711
        ],
        "annual_volatility_1_0_bps": [
            0.047939842674271003,
            0.094961244063752
        ],
        "sharpe_ratio_1_0_bps": [
            -0.8268815898932521,
            1.050255854865729
        ],
        "downside_risk_1_0_bps": [
            0.039652531177114,
            0.056902191943635
        ],
        "sortino_ratio_1_0_bps": [
            -0.999698434197634,
            1.752719871706895
        ],
        "max_drawdown_1_0_bps": [
            0.09496481597681701,
            0.075268991692755
        ],
        "calmar_ratio_1_0_bps": [
            -0.420944646799839,
            1.3278415660154321
        ],
        "perc_pos_return_1_0_bps": [
            0.515625,
            0.50197628458498
        ],
        "profit_loss_ratio_1_0_bps": [
            0.777235756453272,
            1.2173142885130641
        ],
        "annual_return_1_5_bps": [
            -0.040420496128146,
            0.09919736890302001
        ],
        "annual_volatility_1_5_bps": [
            0.047938877058641007,
            0.094962895974218
        ],
        "sharpe_ratio_1_5_bps": [
            -0.836581282421705,
            1.043073822792179
        ],
        "downside_risk_1_5_bps": [
            0.039662216382975006,
            0.056921748131043004
        ],
        "sortino_ratio_1_5_bps": [
            -1.011157996323913,
            1.740166354329224
        ],
        "max_drawdown_1_5_bps": [
            0.09526622132713,
            0.075405433298669
        ],
        "calmar_ratio_1_5_bps": [
            -0.424289906380857,
            1.315520176246646
        ],
        "perc_pos_return_1_5_bps": [
            0.515625,
            0.50197628458498
        ],
        "profit_loss_ratio_1_5_bps": [
            0.7754849599486071,
            1.215613658144685
        ],
        "annual_return_2_0_bps": [
            -0.040865855758919004,
            0.09844994710374701
        ],
        "annual_volatility_2_0_bps": [
            0.047937920101952004,
            0.094964561815204
        ],
        "sharpe_ratio_2_0_bps": [
            -0.8462812128505991,
            1.03589188862501
        ],
        "downside_risk_2_0_bps": [
            0.039671912361504004,
            0.056941322662158005
        ],
        "sortino_ratio_2_0_bps": [
            -1.022611685459892,
            1.7276209032737242
        ],
        "max_drawdown_2_0_bps": [
            0.09556752717233401,
            0.07554185536853901
        ],
        "calmar_ratio_2_0_bps": [
            -0.42761235921933505,
            1.303250318958249
        ],
        "perc_pos_return_2_0_bps": [
            0.515625,
            0.50197628458498
        ],
        "profit_loss_ratio_2_0_bps": [
            0.7737373213315091,
            1.21391552915913
        ],
        "annual_return_2_5_bps": [
            -0.041311009906386004,
            0.097703030065118
        ],
        "annual_volatility_2_5_bps": [
            0.047936971804723005,
            0.09496624158597701
        ],
        "sharpe_ratio_2_5_bps": [
            -0.855981375928573,
            1.028710055527546
        ],
        "downside_risk_2_5_bps": [
            0.039681619104806005,
            0.056960915518069005
        ],
        "sortino_ratio_2_5_bps": [
            -1.034059496788189,
            1.7150835229142931
        ],
        "max_drawdown_2_5_bps": [
            0.095868733544996,
            0.07567825790507701
        ],
        "calmar_ratio_2_5_bps": [
            -0.43091223153580904,
            1.291031701438823
        ],
        "perc_pos_return_2_5_bps": [
            0.515625,
            0.50197628458498
        ],
        "profit_loss_ratio_2_5_bps": [
            0.7719928320659191,
            1.2122198960416941
        ],
        "annual_return_3_0_bps": [
            -0.041755958664790004,
            0.096956617448576
        ],
        "annual_volatility_3_0_bps": [
            0.047936032167467,
            0.09496793528579801
        ],
        "sharpe_ratio_3_0_bps": [
            -0.8656817664032631,
            1.021528326662643
        ],
        "downside_risk_3_0_bps": [
            0.039691336604981,
            0.056980526679872
        ],
        "sortino_ratio_3_0_bps": [
            -1.045501425514836,
            1.702554217586347
        ],
        "max_drawdown_3_0_bps": [
            0.09616984047766801,
            0.075814640910996
        ],
        "calmar_ratio_3_0_bps": [
            -0.43418974657118803,
            1.2788640331674062
        ],
        "perc_pos_return_3_0_bps": [
            0.515625,
            0.50197628458498
        ],
        "profit_loss_ratio_3_0_bps": [
            0.7702514836465141,
            1.210526753293867
        ],
        "annual_return_rescaled": [
            -0.08277411823296088,
            0.21249945437979623
        ],
        "annual_volatility_rescaled": [
            0.1006477390733654,
            0.19935226092663563
        ],
        "downside_risk_rescaled": [
            0.08320487097975181,
            0.11937695197135956
        ],
        "max_drawdown_rescaled": [
            0.1893319824935159,
            0.15269960271394897
        ],
        "annual_return_rescaled_0_5_bps": [
            -0.08366729510753135,
            0.21076849934532138
        ],
        "annual_volatility_rescaled_0_5_bps": [
            0.10064522399062098,
            0.1993547760093799
        ],
        "downside_risk_rescaled_0_5_bps": [
            0.08322478529550034,
            0.1194173948087813
        ],
        "max_drawdown_rescaled_0_5_bps": [
            0.18989814704661798,
            0.15296171254174645
        ],
        "annual_return_rescaled_1_0_bps": [
            -0.08455958580089828,
            0.2090399814918653
        ],
        "annual_volatility_rescaled_1_0_bps": [
            0.10064271119678456,
            0.19935728880321646
        ],
        "downside_risk_rescaled_1_0_bps": [
            0.0832447088029676,
            0.1194578569887691
        ],
        "max_drawdown_rescaled_1_0_bps": [
            0.19046388706925327,
            0.15322371854933312
        ],
        "annual_return_rescaled_1_5_bps": [
            -0.08545099078574547,
            0.2073138982552971
        ],
        "annual_volatility_rescaled_1_5_bps": [
            0.10064020069425963,
            0.19935979930574135
        ],
        "downside_risk_rescaled_1_5_bps": [
            0.08326464159515103,
            0.11949833845228991
        ],
        "max_drawdown_rescaled_1_5_bps": [
            0.1910292026309935,
            0.15348562065894295
        ],
        "annual_return_rescaled_2_0_bps": [
            -0.08634151053548778,
            0.205590247071475
        ],
        "annual_volatility_rescaled_2_0_bps": [
            0.10063769248544607,
            0.19936230751455522
        ],
        "downside_risk_rescaled_2_0_bps": [
            0.08328458364600745,
            0.11953883914032018
        ],
        "max_drawdown_rescaled_2_0_bps": [
            0.19159409380190737,
            0.15374741879297452
        ],
        "annual_return_rescaled_2_5_bps": [
            -0.0872311455243081,
            0.2038690253762414
        ],
        "annual_volatility_rescaled_2_5_bps": [
            0.10063518657273855,
            0.19936481342726256
        ],
        "downside_risk_rescaled_2_5_bps": [
            0.08330453492948905,
            0.1195793589938458
        ],
        "max_drawdown_rescaled_2_5_bps": [
            0.19215856065258463,
            0.15400911287399016
        ],
        "annual_return_rescaled_3_0_bps": [
            -0.08811989622714056,
            0.20215023060544612
        ],
        "annual_volatility_rescaled_3_0_bps": [
            0.10063268295852827,
            0.19936731704147367
        ],
        "downside_risk_rescaled_3_0_bps": [
            0.08332449541954474,
            0.11961989795386255
        ],
        "max_drawdown_rescaled_3_0_bps": [
            0.19272260325412546,
            0.15427070282472144
        ],
        "sharpe_ratio_years": [
            -0.8517814956784061,
            0.98288673753677
        ],
        "sharpe_ratio_years_0_5_bps": [
            -0.861427189711741,
            0.9756698470755091
        ],
        "sharpe_ratio_years_1_0_bps": [
            -0.8710731427153781,
            0.9684531184956421
        ],
        "sharpe_ratio_years_1_5_bps": [
            -0.8807193497068011,
            0.961236554962779
        ],
        "sharpe_ratio_years_2_0_bps": [
            -0.890365805702472,
            0.9540201596419111
        ],
        "sharpe_ratio_years_2_5_bps": [
            -0.9000125057178471,
            0.9468039356973981
        ],
        "sharpe_ratio_years_3_0_bps": [
            -0.909659444767383,
            0.9395878862929681
        ]
    },
    "COMB": {
        "annual_return": [
            -0.039083183392857004,
            0.101442666253613
        ],
        "annual_volatility": [
            0.047941799880257006,
            0.09495798203728201
        ],
        "sharpe_ratio": [
            -0.8074829395379951,
            1.064620200076368
        ],
        "downside_risk": [
            0.039633193058278005,
            0.056863134675626
        ],
        "sortino_ratio": [
            -0.976761711758341,
            1.777851087740198
        ],
        "max_drawdown": [
            0.09436170663057,
            0.074996049861937
        ],
        "calmar_ratio": [
            -0.41418478732977204,
            1.352640124918084
        ],
        "perc_pos_return": [
            0.5234375,
            0.50197628458498
        ],
        "profit_loss_ratio": [
            0.750488621037497,
            1.211034797161181
        ],
        "annual_return_0_5_bps": [
            -0.039529160039469005,
            0.10069372813883301
        ],
        "annual_volatility_0_5_bps": [
            0.047940816948319004,
            0.09495960608453301
        ],
        "sharpe_ratio_0_5_bps": [
            -0.817182140515579,
            1.057437981681872
        ],
        "downside_risk_0_5_bps": [
            0.039642856751817,
            0.056882654118853
        ],
        "sortino_ratio_0_5_bps": [
            -0.9882330039218791,
            1.765281450994262
        ],
        "max_drawdown_0_5_bps": [
            0.094663311088826,
            0.075132530548082
        ],
        "calmar_ratio_0_5_bps": [
            -0.417576351226267,
            1.34021478318759
        ],
        "perc_pos_return_0_5_bps": [
            0.515625,
            0.50197628458498
        ],
        "profit_loss_ratio_0_5_bps": [
            0.7789897194124391,
            1.219017425795231
        ],
        "annual_return_1_0_bps": [
            -0.03997493091977301,
            0.099945295801711
        ],
        "annual_volatility_1_0_bps": [
            0.047939842674271003,
            0.094961244063752
        ],
        "sharpe_ratio_1_0_bps": [
            -0.8268815898932521,
            1.050255854865729
        ],
        "downside_risk_1_0_bps": [
            0.039652531177114,
            0.056902191943635
        ],
        "sortino_ratio_1_0_bps": [
            -0.999698434197634,
            1.752719871706895
        ],
        "max_drawdown_1_0_bps": [
            0.09496481597681701,
            0.075268991692755
        ],
        "calmar_ratio_1_0_bps": [
            -0.420944646799839,
            1.3278415660154321
        ],
        "perc_pos_return_1_0_bps": [
            0.515625,
            0.50197628458498
        ],
        "profit_loss_ratio_1_0_bps": [
            0.777235756453272,
            1.2173142885130641
        ],
        "annual_return_1_5_bps": [
            -0.040420496128146,
            0.09919736890302001
        ],
        "annual_volatility_1_5_bps": [
            0.047938877058641007,
            0.094962895974218
        ],
        "sharpe_ratio_1_5_bps": [
            -0.836581282421705,
            1.043073822792179
        ],
        "downside_risk_1_5_bps": [
            0.039662216382975006,
            0.056921748131043004
        ],
        "sortino_ratio_1_5_bps": [
            -1.011157996323913,
            1.740166354329224
        ],
        "max_drawdown_1_5_bps": [
            0.09526622132713,
            0.075405433298669
        ],
        "calmar_ratio_1_5_bps": [
            -0.424289906380857,
            1.315520176246646
        ],
        "perc_pos_return_1_5_bps": [
            0.515625,
            0.50197628458498
        ],
        "profit_loss_ratio_1_5_bps": [
            0.7754849599486071,
            1.215613658144685
        ],
        "annual_return_2_0_bps": [
            -0.040865855758919004,
            0.09844994710374701
        ],
        "annual_volatility_2_0_bps": [
            0.047937920101952004,
            0.094964561815204
        ],
        "sharpe_ratio_2_0_bps": [
            -0.8462812128505991,
            1.03589188862501
        ],
        "downside_risk_2_0_bps": [
            0.039671912361504004,
            0.056941322662158005
        ],
        "sortino_ratio_2_0_bps": [
            -1.022611685459892,
            1.7276209032737242
        ],
        "max_drawdown_2_0_bps": [
            0.09556752717233401,
            0.07554185536853901
        ],
        "calmar_ratio_2_0_bps": [
            -0.42761235921933505,
            1.303250318958249
        ],
        "perc_pos_return_2_0_bps": [
            0.515625,
            0.50197628458498
        ],
        "profit_loss_ratio_2_0_bps": [
            0.7737373213315091,
            1.21391552915913
        ],
        "annual_return_2_5_bps": [
            -0.041311009906386004,
            0.097703030065118
        ],
        "annual_volatility_2_5_bps": [
            0.047936971804723005,
            0.09496624158597701
        ],
        "sharpe_ratio_2_5_bps": [
            -0.855981375928573,
            1.028710055527546
        ],
        "downside_risk_2_5_bps": [
            0.039681619104806005,
            0.056960915518069005
        ],
        "sortino_ratio_2_5_bps": [
            -1.034059496788189,
            1.7150835229142931
        ],
        "max_drawdown_2_5_bps": [
            0.095868733544996,
            0.07567825790507701
        ],
        "calmar_ratio_2_5_bps": [
            -0.43091223153580904,
            1.291031701438823
        ],
        "perc_pos_return_2_5_bps": [
            0.515625,
            0.50197628458498
        ],
        "profit_loss_ratio_2_5_bps": [
            0.7719928320659191,
            1.2122198960416941
        ],
        "annual_return_3_0_bps": [
            -0.041755958664790004,
            0.096956617448576
        ],
        "annual_volatility_3_0_bps": [
            0.047936032167467,
            0.09496793528579801
        ],
        "sharpe_ratio_3_0_bps": [
            -0.8656817664032631,
            1.021528326662643
        ],
        "downside_risk_3_0_bps": [
            0.039691336604981,
            0.056980526679872
        ],
        "sortino_ratio_3_0_bps": [
            -1.045501425514836,
            1.702554217586347
        ],
        "max_drawdown_3_0_bps": [
            0.09616984047766801,
            0.075814640910996
        ],
        "calmar_ratio_3_0_bps": [
            -0.43418974657118803,
            1.2788640331674062
        ],
        "perc_pos_return_3_0_bps": [
            0.515625,
            0.50197628458498
        ],
        "profit_loss_ratio_3_0_bps": [
            0.7702514836465141,
            1.210526753293867
        ],
        "annual_return_rescaled": [
            -0.08277411823296088,
            0.21249945437979623
        ],
        "annual_volatility_rescaled": [
            0.1006477390733654,
            0.19935226092663563
        ],
        "downside_risk_rescaled": [
            0.08320487097975181,
            0.11937695197135956
        ],
        "max_drawdown_rescaled": [
            0.1893319824935159,
            0.15269960271394897
        ],
        "annual_return_rescaled_0_5_bps": [
            -0.08366729510753135,
            0.21076849934532138
        ],
        "annual_volatility_rescaled_0_5_bps": [
            0.10064522399062098,
            0.1993547760093799
        ],
        "downside_risk_rescaled_0_5_bps": [
            0.08322478529550034,
            0.1194173948087813
        ],
        "max_drawdown_rescaled_0_5_bps": [
            0.18989814704661798,
            0.15296171254174645
        ],
        "annual_return_rescaled_1_0_bps": [
            -0.08455958580089828,
            0.2090399814918653
        ],
        "annual_volatility_rescaled_1_0_bps": [
            0.10064271119678456,
            0.19935728880321646
        ],
        "downside_risk_rescaled_1_0_bps": [
            0.0832447088029676,
            0.1194578569887691
        ],
        "max_drawdown_rescaled_1_0_bps": [
            0.19046388706925327,
            0.15322371854933312
        ],
        "annual_return_rescaled_1_5_bps": [
            -0.08545099078574547,
            0.2073138982552971
        ],
        "annual_volatility_rescaled_1_5_bps": [
            0.10064020069425963,
            0.19935979930574135
        ],
        "downside_risk_rescaled_1_5_bps": [
            0.08326464159515103,
            0.11949833845228991
        ],
        "max_drawdown_rescaled_1_5_bps": [
            0.1910292026309935,
            0.15348562065894295
        ],
        "annual_return_rescaled_2_0_bps": [
            -0.08634151053548778,
            0.205590247071475
        ],
        "annual_volatility_rescaled_2_0_bps": [
            0.10063769248544607,
            0.19936230751455522
        ],
        "downside_risk_rescaled_2_0_bps": [
            0.08328458364600745,
            0.11953883914032018
        ],
        "max_drawdown_rescaled_2_0_bps": [
            0.19159409380190737,
            0.15374741879297452
        ],
        "annual_return_rescaled_2_5_bps": [
            -0.0872311455243081,
            0.2038690253762414
        ],
        "annual_volatility_rescaled_2_5_bps": [
            0.10063518657273855,
            0.19936481342726256
        ],
        "downside_risk_rescaled_2_5_bps": [
            0.08330453492948905,
            0.1195793589938458
        ],
        "max_drawdown_rescaled_2_5_bps": [
            0.19215856065258463,
            0.15400911287399016
        ],
        "annual_return_rescaled_3_0_bps": [
            -0.08811989622714056,
            0.20215023060544612
        ],
        "annual_volatility_rescaled_3_0_bps": [
            0.10063268295852827,
            0.19936731704147367
        ],
        "downside_risk_rescaled_3_0_bps": [
            0.08332449541954474,
            0.11961989795386255
        ],
        "max_drawdown_rescaled_3_0_bps": [
            0.19272260325412546,
            0.15427070282472144
        ],
        "sharpe_ratio_years": [
            -0.8517814956784061,
            0.98288673753677
        ],
        "sharpe_ratio_years_0_5_bps": [
            -0.861427189711741,
            0.9756698470755091
        ],
        "sharpe_ratio_years_1_0_bps": [
            -0.8710731427153781,
            0.9684531184956421
        ],
        "sharpe_ratio_years_1_5_bps": [
            -0.8807193497068011,
            0.961236554962779
        ],
        "sharpe_ratio_years_2_0_bps": [
            -0.890365805702472,
            0.9540201596419111
        ],
        "sharpe_ratio_years_2_5_bps": [
            -0.9000125057178471,
            0.9468039356973981
        ],
        "sharpe_ratio_years_3_0_bps": [
            -0.909659444767383,
            0.9395878862929681
        ]
    }
}