{
    "ALL": {
        "annual_return": 0.038511461368312,
        "annual_volatility": 0.025881843145286,
        "sharpe_ratio": 1.448282006426169,
        "downside_risk": 0.0165259412653415,
        "sortino_ratio": 2.2900244743137064,
        "max_drawdown": 0.021634083525672,
        "calmar_ratio": 2.2459141613886553,
        "perc_pos_return": 0.51937984496124,
        "profit_loss_ratio": 1.1724747802400906,
        "annual_return_0_5_bps": 0.0359162660184925,
        "annual_volatility_0_5_bps": 0.025881737779884003,
        "sharpe_ratio_0_5_bps": 1.351902426269783,
        "downside_risk_0_5_bps": 0.016604958336654,
        "sortino_ratio_0_5_bps": 2.1285646229090096,
        "max_drawdown_0_5_bps": 0.021882841637891,
        "calmar_ratio_0_5_bps": 2.0866471325338245,
        "perc_pos_return_0_5_bps": 0.51937984496124,
        "profit_loss_ratio_0_5_bps": 1.1582831798452344,
        "annual_return_1_0_bps": 0.0333275774695475,
        "annual_volatility_1_0_bps": 0.025881854467549502,
        "sharpe_ratio_1_0_bps": 1.25551135050426,
        "downside_risk_1_0_bps": 0.0166844350625895,
        "sortino_ratio_1_0_bps": 1.9685847619286116,
        "max_drawdown_1_0_bps": 0.022131523631656002,
        "calmar_ratio_1_0_bps": 1.930871336782357,
        "perc_pos_return_1_0_bps": 0.5174418604651161,
        "profit_loss_ratio_1_0_bps": 1.1491495650393775,
        "annual_return_1_5_bps": 0.030745379356603,
        "annual_volatility_1_5_bps": 0.025882193205397502,
        "sharpe_ratio_1_5_bps": 1.1591112600176785,
        "downside_risk_1_5_bps": 0.016764369487414,
        "sortino_ratio_1_5_bps": 1.810077234084521,
        "max_drawdown_1_5_bps": 0.022380129532702003,
        "calmar_ratio_1_5_bps": 1.7784804350769594,
        "perc_pos_return_1_5_bps": 0.513565891472868,
        "profit_loss_ratio_1_5_bps": 1.148623454603548,
        "annual_return_2_0_bps": 0.028169655356058504,
        "annual_volatility_2_0_bps": 0.025882753984833,
        "sharpe_ratio_2_0_bps": 1.0627046362630725,
        "downside_risk_2_0_bps": 0.016844764109448504,
        "sortino_ratio_2_0_bps": 1.653033872083016,
        "max_drawdown_2_0_bps": 0.022743257808973003,
        "calmar_ratio_2_0_bps": 1.6085386503994146,
        "perc_pos_return_2_0_bps": 0.5038759689922475,
        "profit_loss_ratio_2_0_bps": 1.1754987470160245,
        "annual_return_2_5_bps": 0.025600389185485503,
        "annual_volatility_2_5_bps": 0.025883536791553002,
        "sharpe_ratio_2_5_bps": 0.9662939609394094,
        "downside_risk_2_5_bps": 0.016925631331905,
        "sortino_ratio_2_5_bps": 1.497445153538061,
        "max_drawdown_2_5_bps": 0.023125209174258005,
        "calmar_ratio_2_5_bps": 1.442827413954572,
        "perc_pos_return_2_5_bps": 0.4999999999999995,
        "profit_loss_ratio_2_5_bps": 1.1742032790990846,
        "annual_return_3_0_bps": 0.023037564603524505,
        "annual_volatility_3_0_bps": 0.025884541605548504,
        "sharpe_ratio_3_0_bps": 0.8698817156725795,
        "downside_risk_3_0_bps": 0.017006993719782502,
        "sortino_ratio_3_0_bps": 1.343302362480507,
        "max_drawdown_3_0_bps": 0.023507014477544004,
        "calmar_ratio_3_0_bps": 1.2846017062510007,
        "perc_pos_return_3_0_bps": 0.4980620155038755,
        "profit_loss_ratio_3_0_bps": 1.1643333058871068,
        "annual_return_rescaled": 0.2365886348311823,
        "annual_volatility_rescaled": 0.15000000000000152,
        "downside_risk_rescaled": 0.0957772279155771,
        "max_drawdown_rescaled": 0.11981080359141813,
        "annual_return_rescaled_0_5_bps": 0.21869280649072897,
        "annual_volatility_rescaled_0_5_bps": 0.15000000000000097,
        "downside_risk_rescaled_0_5_bps": 0.09623556855730295,
        "max_drawdown_rescaled_0_5_bps": 0.12108890722096388,
        "annual_return_rescaled_1_0_bps": 0.2010548232747963,
        "annual_volatility_rescaled_1_0_bps": 0.15000000000000283,
        "downside_risk_rescaled_1_0_bps": 0.09669574730536795,
        "max_drawdown_rescaled_1_0_bps": 0.12236378651305405,
        "annual_return_rescaled_1_5_bps": 0.18367143468463554,
        "annual_volatility_rescaled_1_5_bps": 0.15000000000000246,
        "downside_risk_rescaled_1_5_bps": 0.09715774096716684,
        "max_drawdown_rescaled_1_5_bps": 0.12383806679169664,
        "annual_return_rescaled_2_0_bps": 0.16653941709570907,
        "annual_volatility_rescaled_2_0_bps": 0.150000000000001,
        "downside_risk_rescaled_2_0_bps": 0.09762155209209725,
        "max_drawdown_rescaled_2_0_bps": 0.1258244845793018,
        "annual_return_rescaled_2_5_bps": 0.14965557388752437,
        "annual_volatility_rescaled_2_5_bps": 0.15000000000000033,
        "downside_risk_rescaled_2_5_bps": 0.0980872405588076,
        "max_drawdown_rescaled_2_5_bps": 0.12780537730008207,
        "annual_return_rescaled_3_0_bps": 0.13301673556362825,
        "annual_volatility_rescaled_3_0_bps": 0.15000000000000185,
        "downside_risk_rescaled_3_0_bps": 0.09855492505305094,
        "max_drawdown_rescaled_3_0_bps": 0.12978071129461335,
        "sharpe_ratio_years": 1.4286844810933426,
        "sharpe_ratio_years_0_5_bps": 1.3323211441887879,
        "sharpe_ratio_years_1_0_bps": 1.2359483764406711,
        "sharpe_ratio_years_1_5_bps": 1.139568955203869,
        "sharpe_ratio_years_2_0_bps": 1.043185657567006,
        "sharpe_ratio_years_2_5_bps": 0.946801259946584,
        "sharpe_ratio_years_3_0_bps": 0.850418537681626,
        "sharpe_ratio_years_std": 0.6629249163861765,
        "sharpe_ratio_years_std_0_5_bps": 0.657818877317926,
        "sharpe_ratio_years_std_1_0_bps": 0.65272207268158,
        "sharpe_ratio_years_std_1_5_bps": 0.6476350306452701,
        "sharpe_ratio_years_std_2_0_bps": 0.6425582770354591,
        "sharpe_ratio_years_std_2_5_bps": 0.6374923352081681,
        "sharpe_ratio_years_std_3_0_bps": 0.632437725921237
    },
    "COMB": {
        "annual_return": 0.038511461368312,
        "annual_volatility": 0.025881843145286,
        "sharpe_ratio": 1.448282006426169,
        "downside_risk": 0.0165259412653415,
        "sortino_ratio": 2.2900244743137064,
        "max_drawdown": 0.021634083525672,
        "calmar_ratio": 2.2459141613886553,
        "perc_pos_return": 0.51937984496124,
        "profit_loss_ratio": 1.1724747802400906,
        "annual_return_0_5_bps": 0.0359162660184925,
        "annual_volatility_0_5_bps": 0.025881737779884003,
        "sharpe_ratio_0_5_bps": 1.351902426269783,
        "downside_risk_0_5_bps": 0.016604958336654,
        "sortino_ratio_0_5_bps": 2.1285646229090096,
        "max_drawdown_0_5_bps": 0.021882841637891,
        "calmar_ratio_0_5_bps": 2.0866471325338245,
        "perc_pos_return_0_5_bps": 0.51937984496124,
        "profit_loss_ratio_0_5_bps": 1.1582831798452344,
        "annual_return_1_0_bps": 0.0333275774695475,
        "annual_volatility_1_0_bps": 0.025881854467549502,
        "sharpe_ratio_1_0_bps": 1.25551135050426,
        "downside_risk_1_0_bps": 0.0166844350625895,
        "sortino_ratio_1_0_bps": 1.9685847619286116,
        "max_drawdown_1_0_bps": 0.022131523631656002,
        "calmar_ratio_1_0_bps": 1.930871336782357,
        "perc_pos_return_1_0_bps": 0.5174418604651161,
        "profit_loss_ratio_1_0_bps": 1.1491495650393775,
        "annual_return_1_5_bps": 0.030745379356603,
        "annual_volatility_1_5_bps": 0.025882193205397502,
        "sharpe_ratio_1_5_bps": 1.1591112600176785,
        "downside_risk_1_5_bps": 0.016764369487414,
        "sortino_ratio_1_5_bps": 1.810077234084521,
        "max_drawdown_1_5_bps": 0.022380129532702003,
        "calmar_ratio_1_5_bps": 1.7784804350769594,
        "perc_pos_return_1_5_bps": 0.513565891472868,
        "profit_loss_ratio_1_5_bps": 1.148623454603548,
        "annual_return_2_0_bps": 0.028169655356058504,
        "annual_volatility_2_0_bps": 0.025882753984833,
        "sharpe_ratio_2_0_bps": 1.0627046362630725,
        "downside_risk_2_0_bps": 0.016844764109448504,
        "sortino_ratio_2_0_bps": 1.653033872083016,
        "max_drawdown_2_0_bps": 0.022743257808973003,
        "calmar_ratio_2_0_bps": 1.6085386503994146,
        "perc_pos_return_2_0_bps": 0.5038759689922475,
        "profit_loss_ratio_2_0_bps": 1.1754987470160245,
        "annual_return_2_5_bps": 0.025600389185485503,
        "annual_volatility_2_5_bps": 0.025883536791553002,
        "sharpe_ratio_2_5_bps": 0.9662939609394094,
        "downside_risk_2_5_bps": 0.016925631331905,
        "sortino_ratio_2_5_bps": 1.497445153538061,
        "max_drawdown_2_5_bps": 0.023125209174258005,
        "calmar_ratio_2_5_bps": 1.442827413954572,
        "perc_pos_return_2_5_bps": 0.4999999999999995,
        "profit_loss_ratio_2_5_bps": 1.1742032790990846,
        "annual_return_3_0_bps": 0.023037564603524505,
        "annual_volatility_3_0_bps": 0.025884541605548504,
        "sharpe_ratio_3_0_bps": 0.8698817156725795,
        "downside_risk_3_0_bps": 0.017006993719782502,
        "sortino_ratio_3_0_bps": 1.343302362480507,
        "max_drawdown_3_0_bps": 0.023507014477544004,
        "calmar_ratio_3_0_bps": 1.2846017062510007,
        "perc_pos_return_3_0_bps": 0.4980620155038755,
        "profit_loss_ratio_3_0_bps": 1.1643333058871068,
        "annual_return_rescaled": 0.2365886348311823,
        "annual_volatility_rescaled": 0.15000000000000152,
        "downside_risk_rescaled": 0.0957772279155771,
        "max_drawdown_rescaled": 0.11981080359141813,
        "annual_return_rescaled_0_5_bps": 0.21869280649072897,
        "annual_volatility_rescaled_0_5_bps": 0.15000000000000097,
        "downside_risk_rescaled_0_5_bps": 0.09623556855730295,
        "max_drawdown_rescaled_0_5_bps": 0.12108890722096388,
        "annual_return_rescaled_1_0_bps": 0.2010548232747963,
        "annual_volatility_rescaled_1_0_bps": 0.15000000000000283,
        "downside_risk_rescaled_1_0_bps": 0.09669574730536795,
        "max_drawdown_rescaled_1_0_bps": 0.12236378651305405,
        "annual_return_rescaled_1_5_bps": 0.18367143468463554,
        "annual_volatility_rescaled_1_5_bps": 0.15000000000000246,
        "downside_risk_rescaled_1_5_bps": 0.09715774096716684,
        "max_drawdown_rescaled_1_5_bps": 0.12383806679169664,
        "annual_return_rescaled_2_0_bps": 0.16653941709570907,
        "annual_volatility_rescaled_2_0_bps": 0.150000000000001,
        "downside_risk_rescaled_2_0_bps": 0.09762155209209725,
        "max_drawdown_rescaled_2_0_bps": 0.1258244845793018,
        "annual_return_rescaled_2_5_bps": 0.14965557388752437,
        "annual_volatility_rescaled_2_5_bps": 0.15000000000000033,
        "downside_risk_rescaled_2_5_bps": 0.0980872405588076,
        "max_drawdown_rescaled_2_5_bps": 0.12780537730008207,
        "annual_return_rescaled_3_0_bps": 0.13301673556362825,
        "annual_volatility_rescaled_3_0_bps": 0.15000000000000185,
        "downside_risk_rescaled_3_0_bps": 0.09855492505305094,
        "max_drawdown_rescaled_3_0_bps": 0.12978071129461335,
        "sharpe_ratio_years": 1.4286844810933426,
        "sharpe_ratio_years_0_5_bps": 1.3323211441887879,
        "sharpe_ratio_years_1_0_bps": 1.2359483764406711,
        "sharpe_ratio_years_1_5_bps": 1.139568955203869,
        "sharpe_ratio_years_2_0_bps": 1.043185657567006,
        "sharpe_ratio_years_2_5_bps": 0.946801259946584,
        "sharpe_ratio_years_3_0_bps": 0.850418537681626,
        "sharpe_ratio_years_std": 0.6629249163861765,
        "sharpe_ratio_years_std_0_5_bps": 0.657818877317926,
        "sharpe_ratio_years_std_1_0_bps": 0.65272207268158,
        "sharpe_ratio_years_std_1_5_bps": 0.6476350306452701,
        "sharpe_ratio_years_std_2_0_bps": 0.6425582770354591,
        "sharpe_ratio_years_std_2_5_bps": 0.6374923352081681,
        "sharpe_ratio_years_std_3_0_bps": 0.632437725921237
    }
}