{
    "ALL": {
        "annual_return": [
            0.053175228039058005,
            0.023847694697566
        ],
        "annual_volatility": [
            0.027000960668702,
            0.024762725621870003
        ],
        "sharpe_ratio": [
            1.932444863475766,
            0.9641191493765721
        ],
        "downside_risk": [
            0.01674536920419,
            0.016306513326493
        ],
        "sortino_ratio": [
            3.115958036929323,
            1.4640909116980891
        ],
        "max_drawdown": [
            0.014519621188326,
            0.028748545863018
        ],
        "calmar_ratio": [
            3.662301333440312,
            0.8295269893369981
        ],
        "perc_pos_return": [
            0.531007751937984,
            0.507751937984496
        ],
        "profit_loss_ratio": [
            1.217776343046871,
            1.12717321743331
        ],
        "annual_return_0_5_bps": [
            0.050308064287897004,
            0.021524467749088002
        ],
        "annual_volatility_0_5_bps": [
            0.027002074704232003,
            0.024761400855536003
        ],
        "sharpe_ratio_0_5_bps": [
            1.831386790644925,
            0.8724180618946411
        ],
        "downside_risk_0_5_bps": [
            0.016829768568207,
            0.016380148105101
        ],
        "sortino_ratio_0_5_bps": [
            2.938319842778791,
            1.3188094030392281
        ],
        "max_drawdown_0_5_bps": [
            0.014649891399637,
            0.029115791876145002
        ],
        "calmar_ratio_0_5_bps": [
            3.43402301870587,
            0.7392712463617791
        ],
        "perc_pos_return_0_5_bps": [
            0.531007751937984,
            0.507751937984496
        ],
        "profit_loss_ratio_0_5_bps": [
            1.197479039863513,
            1.119087319826956
        ],
        "annual_return_1_0_bps": [
            0.047448668705526005,
            0.019206486233569003
        ],
        "annual_volatility_1_0_bps": [
            0.027003419598442,
            0.024760289336657002
        ],
        "sharpe_ratio_1_0_bps": [
            1.730322263193159,
            0.780700437815361
        ],
        "downside_risk_1_0_bps": [
            0.016914684730897002,
            0.016454185394282003
        ],
        "sortino_ratio_1_0_bps": [
            2.762370026807646,
            1.174799497049577
        ],
        "max_drawdown_1_0_bps": [
            0.014780145720396001,
            0.029482901542916003
        ],
        "calmar_ratio_1_0_bps": [
            3.210297760464429,
            0.6514449131002851
        ],
        "perc_pos_return_1_0_bps": [
            0.527131782945736,
            0.507751937984496
        ],
        "profit_loss_ratio_1_0_bps": [
            1.195980687587646,
            1.102318442491109
        ],
        "annual_return_1_5_bps": [
            0.044597020346348,
            0.016893738366858
        ],
        "annual_volatility_1_5_bps": [
            0.027004995316842,
            0.024759391093953
        ],
        "sharpe_ratio_1_5_bps": [
            1.629253876088805,
            0.6889686439465521
        ],
        "downside_risk_1_5_bps": [
            0.017000114773333002,
            0.016528624201495
        ],
        "sortino_ratio_1_5_bps": [
            2.588099779346233,
            1.032054688822809
        ],
        "max_drawdown_1_5_bps": [
            0.014910384152382002,
            0.029849874913022004
        ],
        "calmar_ratio_1_5_bps": [
            2.991004114352296,
            0.5659567558016231
        ],
        "perc_pos_return_1_5_bps": [
            0.5232558139534881,
            0.5038759689922481
        ],
        "profit_loss_ratio_1_5_bps": [
            1.194482688051851,
            1.102764221155245
        ],
        "annual_return_2_0_bps": [
            0.04175309832097401,
            0.014586212391143001
        ],
        "annual_volatility_2_0_bps": [
            0.027006801819028002,
            0.024758706150638
        ],
        "sharpe_ratio_2_0_bps": [
            1.528184223755059,
            0.5972250487710861
        ],
        "downside_risk_2_0_bps": [
            0.017086057983321003,
            0.016603470235576002
        ],
        "sortino_ratio_2_0_bps": [
            2.415499731664596,
            0.890568012501436
        ],
        "max_drawdown_2_0_bps": [
            0.015269803581810001,
            0.030216712036136004
        ],
        "calmar_ratio_2_0_bps": [
            2.734357262506761,
            0.48272003829206805
        ],
        "perc_pos_return_2_0_bps": [
            0.511627906976744,
            0.49612403100775104
        ],
        "profit_loss_ratio_2_0_bps": [
            1.230550399987147,
            1.120447094044902
        ],
        "annual_return_2_5_bps": [
            0.038916881796069,
            0.012283896574902002
        ],
        "annual_volatility_2_5_bps": [
            0.027008839058693,
            0.024758234524413003
        ],
        "sharpe_ratio_2_5_bps": [
            1.42711589973751,
            0.505472022141309
        ],
        "downside_risk_2_5_bps": [
            0.017172534795833,
            0.016678727867977
        ],
        "sortino_ratio_2_5_bps": [
            2.244557609716654,
            0.7503326973594681
        ],
        "max_drawdown_2_5_bps": [
            0.015667005386605003,
            0.030583412961911003
        ],
        "calmar_ratio_2_5_bps": [
            2.484002579672463,
            0.40165224823668105
        ],
        "perc_pos_return_2_5_bps": [
            0.511627906976744,
            0.488372093023255
        ],
        "profit_loss_ratio_2_5_bps": [
            1.209993409127238,
            1.138413149070931
        ],
        "annual_return_3_0_bps": [
            0.036088349994209006,
            0.00998677921284
        ],
        "annual_volatility_3_0_bps": [
            0.027011106983627003,
            0.024757976227470002
        ],
        "sharpe_ratio_3_0_bps": [
            1.326051496372083,
            0.413711934973076
        ],
        "downside_risk_3_0_bps": [
            0.017259547504818,
            0.016754439934747
        ],
        "sortino_ratio_3_0_bps": [
            2.075264071917646,
            0.611340653043368
        ],
        "max_drawdown_3_0_bps": [
            0.016064051215101002,
            0.030949977739987002
        ],
        "calmar_ratio_3_0_bps": [
            2.246528569348943,
            0.322674843153058
        ],
        "perc_pos_return_3_0_bps": [
            0.511627906976744,
            0.48449612403100706
        ],
        "profit_loss_ratio_3_0_bps": [
            1.189803547278634,
            1.13886306449558
        ],
        "annual_return_rescaled": [
            0.3365257147275371,
            0.1366515549348275
        ],
        "annual_volatility_rescaled": [
            0.15648592248898674,
            0.1435140775110163
        ],
        "downside_risk_rescaled": [
            0.09704893760960766,
            0.09450551822154657
        ],
        "max_drawdown_rescaled": [
            0.08202137868642631,
            0.15760022849640995
        ],
        "annual_return_rescaled_0_5_bps": [
            0.3155940588595443,
            0.12179155412191367
        ],
        "annual_volatility_rescaled_0_5_bps": [
            0.15649301604403248,
            0.14350698395596942
        ],
        "downside_risk_rescaled_0_5_bps": [
            0.09753847700262144,
            0.09493266011198447
        ],
        "max_drawdown_rescaled_0_5_bps": [
            0.08272806255826634,
            0.15944975188366142
        ],
        "annual_return_rescaled_1_0_bps": [
            0.2949857654833987,
            0.10712388106619386
        ],
        "annual_volatility_rescaled_1_0_bps": [
            0.15650010492273275,
            0.1434998950772729
        ],
        "downside_risk_rescaled_1_0_bps": [
            0.09803017449216132,
            0.0953613201185746
        ],
        "max_drawdown_rescaled_1_0_bps": [
            0.08343355714326385,
            0.16129401588284425
        ],
        "annual_return_rescaled_1_5_bps": [
            0.27469642726186594,
            0.09264644210740514
        ],
        "annual_volatility_rescaled_1_5_bps": [
            0.15650718876024716,
            0.14349281123975777
        ],
        "downside_risk_rescaled_1_5_bps": [
            0.0985240004880363,
            0.09579148144629739
        ],
        "max_drawdown_rescaled_1_5_bps": [
            0.0845431437032928,
            0.16313298988010047
        ],
        "annual_return_rescaled_2_0_bps": [
            0.2547216786180615,
            0.07835715557335665
        ],
        "annual_volatility_rescaled_2_0_bps": [
            0.15651426719228215,
            0.14348573280771984
        ],
        "downside_risk_rescaled_2_0_bps": [
            0.0990199381024155,
            0.09622316608177901
        ],
        "max_drawdown_rescaled_2_0_bps": [
            0.08668232544328563,
            0.1649666437153179
        ],
        "annual_return_rescaled_2_5_bps": [
            0.23505719581235707,
            0.06425395196269168
        ],
        "annual_volatility_rescaled_2_5_bps": [
            0.15652133985514943,
            0.14347866014485122
        ],
        "downside_risk_rescaled_2_5_bps": [
            0.0995180929143984,
            0.09665638820321681
        ],
        "max_drawdown_rescaled_2_5_bps": [
            0.08881580691580654,
            0.16679494768435757
        ],
        "annual_return_rescaled_3_0_bps": [
            0.21569869700575994,
            0.05033477412149656
        ],
        "annual_volatility_rescaled_3_0_bps": [
            0.15652840638582555,
            0.1434715936141782
        ],
        "downside_risk_rescaled_3_0_bps": [
            0.10001846527457185,
            0.09709138483153001
        ],
        "max_drawdown_rescaled_3_0_bps": [
            0.09094355004805826,
            0.16861787254116845
        ],
        "sharpe_ratio_years": [
            2.091609397479519,
            0.7657595647071661
        ],
        "sharpe_ratio_years_0_5_bps": [
            1.990140021506714,
            0.674502266870862
        ],
        "sharpe_ratio_years_1_0_bps": [
            1.888670449122251,
            0.583226303759091
        ],
        "sharpe_ratio_years_1_5_bps": [
            1.787203985849139,
            0.491933924558599
        ],
        "sharpe_ratio_years_2_0_bps": [
            1.6857439346024652,
            0.400627380531547
        ],
        "sharpe_ratio_years_2_5_bps": [
            1.584293595154752,
            0.30930892473841604
        ],
        "sharpe_ratio_years_3_0_bps": [
            1.482856263602863,
            0.21798081176038903
        ]
    },
    "COMB": {
        "annual_return": [
            0.053175228039058005,
            0.023847694697566
        ],
        "annual_volatility": [
            0.027000960668702,
            0.024762725621870003
        ],
        "sharpe_ratio": [
            1.932444863475766,
            0.9641191493765721
        ],
        "downside_risk": [
            0.01674536920419,
            0.016306513326493
        ],
        "sortino_ratio": [
            3.115958036929323,
            1.4640909116980891
        ],
        "max_drawdown": [
            0.014519621188326,
            0.028748545863018
        ],
        "calmar_ratio": [
            3.662301333440312,
            0.8295269893369981
        ],
        "perc_pos_return": [
            0.531007751937984,
            0.507751937984496
        ],
        "profit_loss_ratio": [
            1.217776343046871,
            1.12717321743331
        ],
        "annual_return_0_5_bps": [
            0.050308064287897004,
            0.021524467749088002
        ],
        "annual_volatility_0_5_bps": [
            0.027002074704232003,
            0.024761400855536003
        ],
        "sharpe_ratio_0_5_bps": [
            1.831386790644925,
            0.8724180618946411
        ],
        "downside_risk_0_5_bps": [
            0.016829768568207,
            0.016380148105101
        ],
        "sortino_ratio_0_5_bps": [
            2.938319842778791,
            1.3188094030392281
        ],
        "max_drawdown_0_5_bps": [
            0.014649891399637,
            0.029115791876145002
        ],
        "calmar_ratio_0_5_bps": [
            3.43402301870587,
            0.7392712463617791
        ],
        "perc_pos_return_0_5_bps": [
            0.531007751937984,
            0.507751937984496
        ],
        "profit_loss_ratio_0_5_bps": [
            1.197479039863513,
            1.119087319826956
        ],
        "annual_return_1_0_bps": [
            0.047448668705526005,
            0.019206486233569003
        ],
        "annual_volatility_1_0_bps": [
            0.027003419598442,
            0.024760289336657002
        ],
        "sharpe_ratio_1_0_bps": [
            1.730322263193159,
            0.780700437815361
        ],
        "downside_risk_1_0_bps": [
            0.016914684730897002,
            0.016454185394282003
        ],
        "sortino_ratio_1_0_bps": [
            2.762370026807646,
            1.174799497049577
        ],
        "max_drawdown_1_0_bps": [
            0.014780145720396001,
            0.029482901542916003
        ],
        "calmar_ratio_1_0_bps": [
            3.210297760464429,
            0.6514449131002851
        ],
        "perc_pos_return_1_0_bps": [
            0.527131782945736,
            0.507751937984496
        ],
        "profit_loss_ratio_1_0_bps": [
            1.195980687587646,
            1.102318442491109
        ],
        "annual_return_1_5_bps": [
            0.044597020346348,
            0.016893738366858
        ],
        "annual_volatility_1_5_bps": [
            0.027004995316842,
            0.024759391093953
        ],
        "sharpe_ratio_1_5_bps": [
            1.629253876088805,
            0.6889686439465521
        ],
        "downside_risk_1_5_bps": [
            0.017000114773333002,
            0.016528624201495
        ],
        "sortino_ratio_1_5_bps": [
            2.588099779346233,
            1.032054688822809
        ],
        "max_drawdown_1_5_bps": [
            0.014910384152382002,
            0.029849874913022004
        ],
        "calmar_ratio_1_5_bps": [
            2.991004114352296,
            0.5659567558016231
        ],
        "perc_pos_return_1_5_bps": [
            0.5232558139534881,
            0.5038759689922481
        ],
        "profit_loss_ratio_1_5_bps": [
            1.194482688051851,
            1.102764221155245
        ],
        "annual_return_2_0_bps": [
            0.04175309832097401,
            0.014586212391143001
        ],
        "annual_volatility_2_0_bps": [
            0.027006801819028002,
            0.024758706150638
        ],
        "sharpe_ratio_2_0_bps": [
            1.528184223755059,
            0.5972250487710861
        ],
        "downside_risk_2_0_bps": [
            0.017086057983321003,
            0.016603470235576002
        ],
        "sortino_ratio_2_0_bps": [
            2.415499731664596,
            0.890568012501436
        ],
        "max_drawdown_2_0_bps": [
            0.015269803581810001,
            0.030216712036136004
        ],
        "calmar_ratio_2_0_bps": [
            2.734357262506761,
            0.48272003829206805
        ],
        "perc_pos_return_2_0_bps": [
            0.511627906976744,
            0.49612403100775104
        ],
        "profit_loss_ratio_2_0_bps": [
            1.230550399987147,
            1.120447094044902
        ],
        "annual_return_2_5_bps": [
            0.038916881796069,
            0.012283896574902002
        ],
        "annual_volatility_2_5_bps": [
            0.027008839058693,
            0.024758234524413003
        ],
        "sharpe_ratio_2_5_bps": [
            1.42711589973751,
            0.505472022141309
        ],
        "downside_risk_2_5_bps": [
            0.017172534795833,
            0.016678727867977
        ],
        "sortino_ratio_2_5_bps": [
            2.244557609716654,
            0.7503326973594681
        ],
        "max_drawdown_2_5_bps": [
            0.015667005386605003,
            0.030583412961911003
        ],
        "calmar_ratio_2_5_bps": [
            2.484002579672463,
            0.40165224823668105
        ],
        "perc_pos_return_2_5_bps": [
            0.511627906976744,
            0.488372093023255
        ],
        "profit_loss_ratio_2_5_bps": [
            1.209993409127238,
            1.138413149070931
        ],
        "annual_return_3_0_bps": [
            0.036088349994209006,
            0.00998677921284
        ],
        "annual_volatility_3_0_bps": [
            0.027011106983627003,
            0.024757976227470002
        ],
        "sharpe_ratio_3_0_bps": [
            1.326051496372083,
            0.413711934973076
        ],
        "downside_risk_3_0_bps": [
            0.017259547504818,
            0.016754439934747
        ],
        "sortino_ratio_3_0_bps": [
            2.075264071917646,
            0.611340653043368
        ],
        "max_drawdown_3_0_bps": [
            0.016064051215101002,
            0.030949977739987002
        ],
        "calmar_ratio_3_0_bps": [
            2.246528569348943,
            0.322674843153058
        ],
        "perc_pos_return_3_0_bps": [
            0.511627906976744,
            0.48449612403100706
        ],
        "profit_loss_ratio_3_0_bps": [
            1.189803547278634,
            1.13886306449558
        ],
        "annual_return_rescaled": [
            0.3365257147275371,
            0.1366515549348275
        ],
        "annual_volatility_rescaled": [
            0.15648592248898674,
            0.1435140775110163
        ],
        "downside_risk_rescaled": [
            0.09704893760960766,
            0.09450551822154657
        ],
        "max_drawdown_rescaled": [
            0.08202137868642631,
            0.15760022849640995
        ],
        "annual_return_rescaled_0_5_bps": [
            0.3155940588595443,
            0.12179155412191367
        ],
        "annual_volatility_rescaled_0_5_bps": [
            0.15649301604403248,
            0.14350698395596942
        ],
        "downside_risk_rescaled_0_5_bps": [
            0.09753847700262144,
            0.09493266011198447
        ],
        "max_drawdown_rescaled_0_5_bps": [
            0.08272806255826634,
            0.15944975188366142
        ],
        "annual_return_rescaled_1_0_bps": [
            0.2949857654833987,
            0.10712388106619386
        ],
        "annual_volatility_rescaled_1_0_bps": [
            0.15650010492273275,
            0.1434998950772729
        ],
        "downside_risk_rescaled_1_0_bps": [
            0.09803017449216132,
            0.0953613201185746
        ],
        "max_drawdown_rescaled_1_0_bps": [
            0.08343355714326385,
            0.16129401588284425
        ],
        "annual_return_rescaled_1_5_bps": [
            0.27469642726186594,
            0.09264644210740514
        ],
        "annual_volatility_rescaled_1_5_bps": [
            0.15650718876024716,
            0.14349281123975777
        ],
        "downside_risk_rescaled_1_5_bps": [
            0.0985240004880363,
            0.09579148144629739
        ],
        "max_drawdown_rescaled_1_5_bps": [
            0.0845431437032928,
            0.16313298988010047
        ],
        "annual_return_rescaled_2_0_bps": [
            0.2547216786180615,
            0.07835715557335665
        ],
        "annual_volatility_rescaled_2_0_bps": [
            0.15651426719228215,
            0.14348573280771984
        ],
        "downside_risk_rescaled_2_0_bps": [
            0.0990199381024155,
            0.09622316608177901
        ],
        "max_drawdown_rescaled_2_0_bps": [
            0.08668232544328563,
            0.1649666437153179
        ],
        "annual_return_rescaled_2_5_bps": [
            0.23505719581235707,
            0.06425395196269168
        ],
        "annual_volatility_rescaled_2_5_bps": [
            0.15652133985514943,
            0.14347866014485122
        ],
        "downside_risk_rescaled_2_5_bps": [
            0.0995180929143984,
            0.09665638820321681
        ],
        "max_drawdown_rescaled_2_5_bps": [
            0.08881580691580654,
            0.16679494768435757
        ],
        "annual_return_rescaled_3_0_bps": [
            0.21569869700575994,
            0.05033477412149656
        ],
        "annual_volatility_rescaled_3_0_bps": [
            0.15652840638582555,
            0.1434715936141782
        ],
        "downside_risk_rescaled_3_0_bps": [
            0.10001846527457185,
            0.09709138483153001
        ],
        "max_drawdown_rescaled_3_0_bps": [
            0.09094355004805826,
            0.16861787254116845
        ],
        "sharpe_ratio_years": [
            2.091609397479519,
            0.7657595647071661
        ],
        "sharpe_ratio_years_0_5_bps": [
            1.990140021506714,
            0.674502266870862
        ],
        "sharpe_ratio_years_1_0_bps": [
            1.888670449122251,
            0.583226303759091
        ],
        "sharpe_ratio_years_1_5_bps": [
            1.787203985849139,
            0.491933924558599
        ],
        "sharpe_ratio_years_2_0_bps": [
            1.6857439346024652,
            0.400627380531547
        ],
        "sharpe_ratio_years_2_5_bps": [
            1.584293595154752,
            0.30930892473841604
        ],
        "sharpe_ratio_years_3_0_bps": [
            1.482856263602863,
            0.21798081176038903
        ]
    }
}