{
    "ALL": {
        "annual_return": 0.027981065107453004,
        "annual_volatility": 0.043640563206537,
        "sharpe_ratio": 0.519115349058352,
        "downside_risk": 0.027458127736781003,
        "sortino_ratio": 0.9011474279322593,
        "max_drawdown": 0.040095463440339,
        "calmar_ratio": 1.56556525479638,
        "perc_pos_return": 0.5018608513779526,
        "profit_loss_ratio": 1.0851322665883385,
        "annual_return_0_5_bps": 0.0256575356597315,
        "annual_volatility_0_5_bps": 0.0436448916027655,
        "sharpe_ratio_0_5_bps": 0.46809402232278047,
        "downside_risk_0_5_bps": 0.02753861990676,
        "sortino_ratio_0_5_bps": 0.817270066927054,
        "max_drawdown_0_5_bps": 0.0406112552960945,
        "calmar_ratio_0_5_bps": 1.4779898877035533,
        "perc_pos_return_0_5_bps": 0.5018608513779526,
        "profit_loss_ratio_0_5_bps": 1.0792827460496204,
        "annual_return_1_0_bps": 0.023339433053467,
        "annual_volatility_1_0_bps": 0.043649348190088505,
        "sharpe_ratio_1_0_bps": 0.4170807897890505,
        "downside_risk_1_0_bps": 0.027619369138999005,
        "sortino_ratio_1_0_bps": 0.733877006328747,
        "max_drawdown_1_0_bps": 0.0411265769189535,
        "calmar_ratio_1_0_bps": 1.391642695785741,
        "perc_pos_return_1_0_bps": 0.5018608513779526,
        "profit_loss_ratio_1_0_bps": 1.0696741285591096,
        "annual_return_1_5_bps": 0.021026744252649505,
        "annual_volatility_1_5_bps": 0.043653932925160004,
        "sharpe_ratio_1_5_bps": 0.36607609432242255,
        "downside_risk_1_5_bps": 0.027700373103272502,
        "sortino_ratio_1_5_bps": 0.6509664159014709,
        "max_drawdown_1_5_bps": 0.041844090956257504,
        "calmar_ratio_1_5_bps": 1.2790406460402903,
        "perc_pos_return_1_5_bps": 0.5018608513779526,
        "profit_loss_ratio_1_5_bps": 1.0601581208620225,
        "annual_return_2_0_bps": 0.0187194562532845,
        "annual_volatility_2_0_bps": 0.04365864576346851,
        "sharpe_ratio_2_0_bps": 0.31508037825336355,
        "downside_risk_2_0_bps": 0.027781629612849003,
        "sortino_ratio_2_0_bps": 0.568536420505862,
        "max_drawdown_2_0_bps": 0.0426637310805815,
        "calmar_ratio_2_0_bps": 1.1591195862465,
        "perc_pos_return_2_0_bps": 0.49990772637795255,
        "profit_loss_ratio_2_0_bps": 1.059489365273678,
        "annual_return_2_5_bps": 0.016417556083307,
        "annual_volatility_2_5_bps": 0.04366348665934,
        "sharpe_ratio_2_5_bps": 0.264094083357729,
        "downside_risk_2_5_bps": 0.027863136899463,
        "sortino_ratio_2_5_bps": 0.48658508606009354,
        "max_drawdown_2_5_bps": 0.043482659093247,
        "calmar_ratio_2_5_bps": 1.046291042998789,
        "perc_pos_return_2_5_bps": 0.49990772637795255,
        "profit_loss_ratio_2_5_bps": 1.0500680587827325,
        "annual_return_3_0_bps": 0.014121030802514,
        "annual_volatility_3_0_bps": 0.043668455565939,
        "sharpe_ratio_3_0_bps": 0.21311765083701495,
        "downside_risk_3_0_bps": 0.0279448927487655,
        "sortino_ratio_3_0_bps": 0.40511048044135956,
        "max_drawdown_3_0_bps": 0.04430087562235101,
        "calmar_ratio_3_0_bps": 0.9399411602880039,
        "perc_pos_return_3_0_bps": 0.4979392224409445,
        "profit_loss_ratio_3_0_bps": 1.048504009603025,
        "annual_return_rescaled": 0.09877346364471001,
        "annual_volatility_rescaled": 0.15000000000000097,
        "downside_risk_rescaled": 0.09437823112008291,
        "max_drawdown_rescaled": 0.13135204865101363,
        "annual_return_rescaled_0_5_bps": 0.09008353189773516,
        "annual_volatility_rescaled_0_5_bps": 0.15000000000000113,
        "downside_risk_rescaled_0_5_bps": 0.09464550911503039,
        "max_drawdown_rescaled_0_5_bps": 0.13287850720845884,
        "annual_return_rescaled_1_0_bps": 0.08146594781004357,
        "annual_volatility_rescaled_1_0_bps": 0.1500000000000014,
        "downside_risk_rescaled_1_0_bps": 0.0949133387469606,
        "max_drawdown_rescaled_1_0_bps": 0.13493240811863633,
        "annual_return_rescaled_1_5_bps": 0.07292015895099752,
        "annual_volatility_rescaled_1_5_bps": 0.1500000000000012,
        "downside_risk_rescaled_1_5_bps": 0.09518170957504113,
        "max_drawdown_rescaled_1_5_bps": 0.1374407535761785,
        "annual_return_rescaled_2_0_bps": 0.06444561597364457,
        "annual_volatility_rescaled_2_0_bps": 0.1500000000000013,
        "downside_risk_rescaled_2_0_bps": 0.0954506116498546,
        "max_drawdown_rescaled_2_0_bps": 0.13994080671447542,
        "annual_return_rescaled_2_5_bps": 0.05604177261564208,
        "annual_volatility_rescaled_2_5_bps": 0.15000000000000063,
        "downside_risk_rescaled_2_5_bps": 0.0957200364580946,
        "max_drawdown_rescaled_2_5_bps": 0.14243257632594983,
        "annual_return_rescaled_3_0_bps": 0.047708085699900704,
        "annual_volatility_rescaled_3_0_bps": 0.15000000000000088,
        "downside_risk_rescaled_3_0_bps": 0.09598997395237358,
        "max_drawdown_rescaled_3_0_bps": 0.14491607137523135,
        "sharpe_ratio_years": 0.518524074406576,
        "sharpe_ratio_years_0_5_bps": 0.4687664241362665,
        "sharpe_ratio_years_1_0_bps": 0.41901461664856343,
        "sharpe_ratio_years_1_5_bps": 0.369269045983163,
        "sharpe_ratio_years_2_0_bps": 0.319530105842835,
        "sharpe_ratio_years_2_5_bps": 0.2697981895774729,
        "sharpe_ratio_years_3_0_bps": 0.22007369016817802,
        "sharpe_ratio_years_std": 0.997634246026711,
        "sharpe_ratio_years_std_0_5_bps": 0.9948453950715155,
        "sharpe_ratio_years_std_1_0_bps": 0.9920557102442885,
        "sharpe_ratio_years_std_1_5_bps": 0.9892652870137401,
        "sharpe_ratio_years_std_2_0_bps": 0.986474220755176,
        "sharpe_ratio_years_std_2_5_bps": 0.983682606743962,
        "sharpe_ratio_years_std_3_0_bps": 0.980890540148989
    },
    "COMB": {
        "annual_return": 0.027981065107453004,
        "annual_volatility": 0.043640563206537,
        "sharpe_ratio": 0.519115349058352,
        "downside_risk": 0.027458127736781003,
        "sortino_ratio": 0.9011474279322593,
        "max_drawdown": 0.040095463440339,
        "calmar_ratio": 1.56556525479638,
        "perc_pos_return": 0.5018608513779526,
        "profit_loss_ratio": 1.0851322665883385,
        "annual_return_0_5_bps": 0.0256575356597315,
        "annual_volatility_0_5_bps": 0.0436448916027655,
        "sharpe_ratio_0_5_bps": 0.46809402232278047,
        "downside_risk_0_5_bps": 0.02753861990676,
        "sortino_ratio_0_5_bps": 0.817270066927054,
        "max_drawdown_0_5_bps": 0.0406112552960945,
        "calmar_ratio_0_5_bps": 1.4779898877035533,
        "perc_pos_return_0_5_bps": 0.5018608513779526,
        "profit_loss_ratio_0_5_bps": 1.0792827460496204,
        "annual_return_1_0_bps": 0.023339433053467,
        "annual_volatility_1_0_bps": 0.043649348190088505,
        "sharpe_ratio_1_0_bps": 0.4170807897890505,
        "downside_risk_1_0_bps": 0.027619369138999005,
        "sortino_ratio_1_0_bps": 0.733877006328747,
        "max_drawdown_1_0_bps": 0.0411265769189535,
        "calmar_ratio_1_0_bps": 1.391642695785741,
        "perc_pos_return_1_0_bps": 0.5018608513779526,
        "profit_loss_ratio_1_0_bps": 1.0696741285591096,
        "annual_return_1_5_bps": 0.021026744252649505,
        "annual_volatility_1_5_bps": 0.043653932925160004,
        "sharpe_ratio_1_5_bps": 0.36607609432242255,
        "downside_risk_1_5_bps": 0.027700373103272502,
        "sortino_ratio_1_5_bps": 0.6509664159014709,
        "max_drawdown_1_5_bps": 0.041844090956257504,
        "calmar_ratio_1_5_bps": 1.2790406460402903,
        "perc_pos_return_1_5_bps": 0.5018608513779526,
        "profit_loss_ratio_1_5_bps": 1.0601581208620225,
        "annual_return_2_0_bps": 0.0187194562532845,
        "annual_volatility_2_0_bps": 0.04365864576346851,
        "sharpe_ratio_2_0_bps": 0.31508037825336355,
        "downside_risk_2_0_bps": 0.027781629612849003,
        "sortino_ratio_2_0_bps": 0.568536420505862,
        "max_drawdown_2_0_bps": 0.0426637310805815,
        "calmar_ratio_2_0_bps": 1.1591195862465,
        "perc_pos_return_2_0_bps": 0.49990772637795255,
        "profit_loss_ratio_2_0_bps": 1.059489365273678,
        "annual_return_2_5_bps": 0.016417556083307,
        "annual_volatility_2_5_bps": 0.04366348665934,
        "sharpe_ratio_2_5_bps": 0.264094083357729,
        "downside_risk_2_5_bps": 0.027863136899463,
        "sortino_ratio_2_5_bps": 0.48658508606009354,
        "max_drawdown_2_5_bps": 0.043482659093247,
        "calmar_ratio_2_5_bps": 1.046291042998789,
        "perc_pos_return_2_5_bps": 0.49990772637795255,
        "profit_loss_ratio_2_5_bps": 1.0500680587827325,
        "annual_return_3_0_bps": 0.014121030802514,
        "annual_volatility_3_0_bps": 0.043668455565939,
        "sharpe_ratio_3_0_bps": 0.21311765083701495,
        "downside_risk_3_0_bps": 0.0279448927487655,
        "sortino_ratio_3_0_bps": 0.40511048044135956,
        "max_drawdown_3_0_bps": 0.04430087562235101,
        "calmar_ratio_3_0_bps": 0.9399411602880039,
        "perc_pos_return_3_0_bps": 0.4979392224409445,
        "profit_loss_ratio_3_0_bps": 1.048504009603025,
        "annual_return_rescaled": 0.09877346364471001,
        "annual_volatility_rescaled": 0.15000000000000097,
        "downside_risk_rescaled": 0.09437823112008291,
        "max_drawdown_rescaled": 0.13135204865101363,
        "annual_return_rescaled_0_5_bps": 0.09008353189773516,
        "annual_volatility_rescaled_0_5_bps": 0.15000000000000113,
        "downside_risk_rescaled_0_5_bps": 0.09464550911503039,
        "max_drawdown_rescaled_0_5_bps": 0.13287850720845884,
        "annual_return_rescaled_1_0_bps": 0.08146594781004357,
        "annual_volatility_rescaled_1_0_bps": 0.1500000000000014,
        "downside_risk_rescaled_1_0_bps": 0.0949133387469606,
        "max_drawdown_rescaled_1_0_bps": 0.13493240811863633,
        "annual_return_rescaled_1_5_bps": 0.07292015895099752,
        "annual_volatility_rescaled_1_5_bps": 0.1500000000000012,
        "downside_risk_rescaled_1_5_bps": 0.09518170957504113,
        "max_drawdown_rescaled_1_5_bps": 0.1374407535761785,
        "annual_return_rescaled_2_0_bps": 0.06444561597364457,
        "annual_volatility_rescaled_2_0_bps": 0.1500000000000013,
        "downside_risk_rescaled_2_0_bps": 0.0954506116498546,
        "max_drawdown_rescaled_2_0_bps": 0.13994080671447542,
        "annual_return_rescaled_2_5_bps": 0.05604177261564208,
        "annual_volatility_rescaled_2_5_bps": 0.15000000000000063,
        "downside_risk_rescaled_2_5_bps": 0.0957200364580946,
        "max_drawdown_rescaled_2_5_bps": 0.14243257632594983,
        "annual_return_rescaled_3_0_bps": 0.047708085699900704,
        "annual_volatility_rescaled_3_0_bps": 0.15000000000000088,
        "downside_risk_rescaled_3_0_bps": 0.09598997395237358,
        "max_drawdown_rescaled_3_0_bps": 0.14491607137523135,
        "sharpe_ratio_years": 0.518524074406576,
        "sharpe_ratio_years_0_5_bps": 0.4687664241362665,
        "sharpe_ratio_years_1_0_bps": 0.41901461664856343,
        "sharpe_ratio_years_1_5_bps": 0.369269045983163,
        "sharpe_ratio_years_2_0_bps": 0.319530105842835,
        "sharpe_ratio_years_2_5_bps": 0.2697981895774729,
        "sharpe_ratio_years_3_0_bps": 0.22007369016817802,
        "sharpe_ratio_years_std": 0.997634246026711,
        "sharpe_ratio_years_std_0_5_bps": 0.9948453950715155,
        "sharpe_ratio_years_std_1_0_bps": 0.9920557102442885,
        "sharpe_ratio_years_std_1_5_bps": 0.9892652870137401,
        "sharpe_ratio_years_std_2_0_bps": 0.986474220755176,
        "sharpe_ratio_years_std_2_5_bps": 0.983682606743962,
        "sharpe_ratio_years_std_3_0_bps": 0.980890540148989
    }
}