{
    "ALL": {
        "annual_return": [
            0.07200968469624401,
            -0.016047554481338003
        ],
        "annual_volatility": [
            0.049045925400445,
            0.038235201012629005
        ],
        "sharpe_ratio": [
            1.442309424166789,
            -0.40407872605008505
        ],
        "downside_risk": [
            0.029383992435755003,
            0.025532263037807004
        ],
        "sortino_ratio": [
            2.407412831211021,
            -0.605117975346502
        ],
        "max_drawdown": [
            0.021160747960792002,
            0.059030178919886
        ],
        "calmar_ratio": [
            3.4029839034833342,
            -0.271853393890574
        ],
        "perc_pos_return": [
            0.52734375,
            0.47637795275590505
        ],
        "profit_loss_ratio": [
            1.153048780247,
            1.017215752929677
        ],
        "annual_return_0_5_bps": [
            0.069130586116028,
            -0.017815514796565003
        ],
        "annual_volatility_0_5_bps": [
            0.049052763266073,
            0.038237019939458
        ],
        "sharpe_ratio_0_5_bps": [
            1.387275640073681,
            -0.45108759542812005
        ],
        "downside_risk_0_5_bps": [
            0.029479638841980002,
            0.025597600971540003
        ],
        "sortino_ratio_0_5_bps": [
            2.308362864351564,
            -0.673822730497456
        ],
        "max_drawdown_0_5_bps": [
            0.021251030954103002,
            0.059971479638086
        ],
        "calmar_ratio_0_5_bps": [
            3.253046229396198,
            -0.29706645398909104
        ],
        "perc_pos_return_0_5_bps": [
            0.52734375,
            0.47637795275590505
        ],
        "profit_loss_ratio_0_5_bps": [
            1.141944711360924,
            1.016620780738317
        ],
        "annual_return_1_0_bps": [
            0.06625918024677001,
            -0.019580314139836002
        ],
        "annual_volatility_1_0_bps": [
            0.049059774456043,
            0.038238921924134
        ],
        "sharpe_ratio_1_0_bps": [
            1.33225249029967,
            -0.498090910721569
        ],
        "downside_risk_1_0_bps": [
            0.029575640002893002,
            0.025663098275105004
        ],
        "sortino_ratio_1_0_bps": [
            2.20992704422319,
            -0.742173031565696
        ],
        "max_drawdown_1_0_bps": [
            0.021341306592067,
            0.060911847245840006
        ],
        "calmar_ratio_1_0_bps": [
            3.104738688839098,
            -0.321453297267616
        ],
        "perc_pos_return_1_0_bps": [
            0.52734375,
            0.47637795275590505
        ],
        "profit_loss_ratio_1_0_bps": [
            1.13096062696456,
            1.008387630153659
        ],
        "annual_return_1_5_bps": [
            0.06339544664001401,
            -0.021341958134715
        ],
        "annual_volatility_1_5_bps": [
            0.049066958896058006,
            0.038240906954262
        ],
        "sharpe_ratio_1_5_bps": [
            1.2772405553122361,
            -0.545088366667391
        ],
        "downside_risk_1_5_bps": [
            0.029671992475160003,
            0.025728753731385
        ],
        "sortino_ratio_1_5_bps": [
            2.11210318553256,
            -0.8101703537296181
        ],
        "max_drawdown_1_5_bps": [
            0.021836899252798,
            0.061851282659717004
        ],
        "calmar_ratio_1_5_bps": [
            2.903134089968873,
            -0.345052797888292
        ],
        "perc_pos_return_1_5_bps": [
            0.52734375,
            0.47637795275590505
        ],
        "profit_loss_ratio_1_5_bps": [
            1.120094592778222,
            1.000221648945823
        ],
        "annual_return_2_0_bps": [
            0.060539364901373,
            -0.023100452394804002
        ],
        "annual_volatility_2_0_bps": [
            0.049074316510026,
            0.038242975016911006
        ],
        "sharpe_ratio_2_0_bps": [
            1.2222404147169241,
            -0.592079658210197
        ],
        "downside_risk_2_0_bps": [
            0.029768693092966002,
            0.025794566132732
        ],
        "sortino_ratio_2_0_bps": [
            2.014889023708474,
            -0.8778161826967501
        ],
        "max_drawdown_2_0_bps": [
            0.022537675365769002,
            0.062789786795394
        ],
        "calmar_ratio_2_0_bps": [
            2.686140603183939,
            -0.367901430690939
        ],
        "perc_pos_return_2_0_bps": [
            0.5234375,
            0.47637795275590505
        ],
        "profit_loss_ratio_2_0_bps": [
            1.126856712085564,
            0.992122018461792
        ],
        "annual_return_2_5_bps": [
            0.057690914690394,
            -0.024855802523780002
        ],
        "annual_volatility_2_5_bps": [
            0.049081847220068,
            0.038245126098612005
        ],
        "sharpe_ratio_2_5_bps": [
            1.167252647227569,
            -0.6390644805121111
        ],
        "downside_risk_2_5_bps": [
            0.029865739518007,
            0.025860534280919
        ],
        "sortino_ratio_2_5_bps": [
            1.9182821863125121,
            -0.945112014192325
        ],
        "max_drawdown_2_5_bps": [
            0.023237957618836003,
            0.063727360567658
        ],
        "calmar_ratio_2_5_bps": [
            2.482615539484036,
            -0.390033453486458
        ],
        "perc_pos_return_2_5_bps": [
            0.5234375,
            0.47637795275590505
        ],
        "profit_loss_ratio_2_5_bps": [
            1.116048184267206,
            0.984087933298259
        ],
        "annual_return_3_0_bps": [
            0.054850075720418,
            -0.026608014115390002
        ],
        "annual_volatility_3_0_bps": [
            0.049089550946522,
            0.038247360185356
        ],
        "sharpe_ratio_3_0_bps": [
            1.112277830636627,
            -0.6860425289625971
        ],
        "downside_risk_3_0_bps": [
            0.029963128508121002,
            0.02592665698941
        ],
        "sortino_ratio_3_0_bps": [
            1.822280314251051,
            -1.012059353368332
        ],
        "max_drawdown_3_0_bps": [
            0.023937746354293,
            0.06466400489040901
        ],
        "calmar_ratio_3_0_bps": [
            2.291363393554466,
            -0.41148107297845804
        ],
        "perc_pos_return_3_0_bps": [
            0.5234375,
            0.47244094488188904
        ],
        "profit_loss_ratio_3_0_bps": [
            1.105354514432765,
            0.9916535047732851
        ],
        "annual_return_rescaled": [
            0.2573606273382536,
            -0.059813700048833573
        ],
        "annual_volatility_rescaled": [
            0.16857914448191286,
            0.13142085551808907
        ],
        "downside_risk_rescaled": [
            0.10099775395893654,
            0.08775870828122928
        ],
        "max_drawdown_rescaled": [
            0.07177833464247615,
            0.1909257626595511
        ],
        "annual_return_rescaled_0_5_bps": [
            0.24576928805999265,
            -0.06560222426452234
        ],
        "annual_volatility_rescaled_0_5_bps": [
            0.16858592654735144,
            0.1314140734526508
        ],
        "downside_risk_rescaled_0_5_bps": [
            0.10131645798421243,
            0.08797456024584834
        ],
        "max_drawdown_rescaled_0_5_bps": [
            0.07206700614555031,
            0.19369000827136734
        ],
        "annual_return_rescaled_1_0_bps": [
            0.23428581801224424,
            -0.0713539223921571
        ],
        "annual_volatility_rescaled_1_0_bps": [
            0.16859280776333646,
            0.13140719223666636
        ],
        "downside_risk_rescaled_1_0_bps": [
            0.10163601942265492,
            0.08819065807126629
        ],
        "max_drawdown_rescaled_1_0_bps": [
            0.07342099179614461,
            0.19644382444112807
        ],
        "annual_return_rescaled_1_5_bps": [
            0.22290930386724828,
            -0.07706898596525324
        ],
        "annual_volatility_rescaled_1_5_bps": [
            0.1685997879509906,
            0.13140021204901178
        ],
        "downside_risk_rescaled_1_5_bps": [
            0.10195642346600141,
            0.08840699568408085
        ],
        "max_drawdown_rescaled_1_5_bps": [
            0.07569427733373986,
            0.19918722981861714
        ],
        "annual_return_rescaled_2_0_bps": [
            0.2116388381294707,
            -0.08274760618218158
        ],
        "annual_volatility_rescaled_2_0_bps": [
            0.16860686692813992,
            0.13139313307186268
        ],
        "downside_risk_rescaled_2_0_bps": [
            0.10227765625477303,
            0.08862356704493617
        ],
        "max_drawdown_rescaled_2_0_bps": [
            0.07796137019256362,
            0.20192024323638721
        ],
        "annual_return_rescaled_2_5_bps": [
            0.20047351912930256,
            -0.08838997389801839
        ],
        "annual_volatility_rescaled_2_5_bps": [
            0.168614044509325,
            0.1313859554906763
        ],
        "downside_risk_rescaled_2_5_bps": [
            0.10259970676764286,
            0.08884036614854635
        ],
        "max_drawdown_rescaled_2_5_bps": [
            0.08022226894406824,
            0.2046428837078314
        ],
        "annual_return_rescaled_3_0_bps": [
            0.18941245101632576,
            -0.09399627961652435
        ],
        "annual_volatility_rescaled_3_0_bps": [
            0.16862132050581957,
            0.1313786794941822
        ],
        "downside_risk_rescaled_3_0_bps": [
            0.10292256087306743,
            0.08905738703167973
        ],
        "max_drawdown_rescaled_3_0_bps": [
            0.08247697232521325,
            0.20735517042524945
        ],
        "sharpe_ratio_years": [
            1.516158320433287,
            -0.47911017162013503
        ],
        "sharpe_ratio_years_0_5_bps": [
            1.463611819207782,
            -0.526078970935249
        ],
        "sharpe_ratio_years_1_0_bps": [
            1.411070326892852,
            -0.5730410935957251
        ],
        "sharpe_ratio_years_1_5_bps": [
            1.358534332996903,
            -0.619996241030577
        ],
        "sharpe_ratio_years_2_0_bps": [
            1.306004326598011,
            -0.6669441149123411
        ],
        "sharpe_ratio_years_2_5_bps": [
            1.253480796321435,
            -0.7138844171664891
        ],
        "sharpe_ratio_years_3_0_bps": [
            1.200964230317167,
            -0.760816849980811
        ]
    },
    "COMB": {
        "annual_return": [
            0.07200968469624401,
            -0.016047554481338003
        ],
        "annual_volatility": [
            0.049045925400445,
            0.038235201012629005
        ],
        "sharpe_ratio": [
            1.442309424166789,
            -0.40407872605008505
        ],
        "downside_risk": [
            0.029383992435755003,
            0.025532263037807004
        ],
        "sortino_ratio": [
            2.407412831211021,
            -0.605117975346502
        ],
        "max_drawdown": [
            0.021160747960792002,
            0.059030178919886
        ],
        "calmar_ratio": [
            3.4029839034833342,
            -0.271853393890574
        ],
        "perc_pos_return": [
            0.52734375,
            0.47637795275590505
        ],
        "profit_loss_ratio": [
            1.153048780247,
            1.017215752929677
        ],
        "annual_return_0_5_bps": [
            0.069130586116028,
            -0.017815514796565003
        ],
        "annual_volatility_0_5_bps": [
            0.049052763266073,
            0.038237019939458
        ],
        "sharpe_ratio_0_5_bps": [
            1.387275640073681,
            -0.45108759542812005
        ],
        "downside_risk_0_5_bps": [
            0.029479638841980002,
            0.025597600971540003
        ],
        "sortino_ratio_0_5_bps": [
            2.308362864351564,
            -0.673822730497456
        ],
        "max_drawdown_0_5_bps": [
            0.021251030954103002,
            0.059971479638086
        ],
        "calmar_ratio_0_5_bps": [
            3.253046229396198,
            -0.29706645398909104
        ],
        "perc_pos_return_0_5_bps": [
            0.52734375,
            0.47637795275590505
        ],
        "profit_loss_ratio_0_5_bps": [
            1.141944711360924,
            1.016620780738317
        ],
        "annual_return_1_0_bps": [
            0.06625918024677001,
            -0.019580314139836002
        ],
        "annual_volatility_1_0_bps": [
            0.049059774456043,
            0.038238921924134
        ],
        "sharpe_ratio_1_0_bps": [
            1.33225249029967,
            -0.498090910721569
        ],
        "downside_risk_1_0_bps": [
            0.029575640002893002,
            0.025663098275105004
        ],
        "sortino_ratio_1_0_bps": [
            2.20992704422319,
            -0.742173031565696
        ],
        "max_drawdown_1_0_bps": [
            0.021341306592067,
            0.060911847245840006
        ],
        "calmar_ratio_1_0_bps": [
            3.104738688839098,
            -0.321453297267616
        ],
        "perc_pos_return_1_0_bps": [
            0.52734375,
            0.47637795275590505
        ],
        "profit_loss_ratio_1_0_bps": [
            1.13096062696456,
            1.008387630153659
        ],
        "annual_return_1_5_bps": [
            0.06339544664001401,
            -0.021341958134715
        ],
        "annual_volatility_1_5_bps": [
            0.049066958896058006,
            0.038240906954262
        ],
        "sharpe_ratio_1_5_bps": [
            1.2772405553122361,
            -0.545088366667391
        ],
        "downside_risk_1_5_bps": [
            0.029671992475160003,
            0.025728753731385
        ],
        "sortino_ratio_1_5_bps": [
            2.11210318553256,
            -0.8101703537296181
        ],
        "max_drawdown_1_5_bps": [
            0.021836899252798,
            0.061851282659717004
        ],
        "calmar_ratio_1_5_bps": [
            2.903134089968873,
            -0.345052797888292
        ],
        "perc_pos_return_1_5_bps": [
            0.52734375,
            0.47637795275590505
        ],
        "profit_loss_ratio_1_5_bps": [
            1.120094592778222,
            1.000221648945823
        ],
        "annual_return_2_0_bps": [
            0.060539364901373,
            -0.023100452394804002
        ],
        "annual_volatility_2_0_bps": [
            0.049074316510026,
            0.038242975016911006
        ],
        "sharpe_ratio_2_0_bps": [
            1.2222404147169241,
            -0.592079658210197
        ],
        "downside_risk_2_0_bps": [
            0.029768693092966002,
            0.025794566132732
        ],
        "sortino_ratio_2_0_bps": [
            2.014889023708474,
            -0.8778161826967501
        ],
        "max_drawdown_2_0_bps": [
            0.022537675365769002,
            0.062789786795394
        ],
        "calmar_ratio_2_0_bps": [
            2.686140603183939,
            -0.367901430690939
        ],
        "perc_pos_return_2_0_bps": [
            0.5234375,
            0.47637795275590505
        ],
        "profit_loss_ratio_2_0_bps": [
            1.126856712085564,
            0.992122018461792
        ],
        "annual_return_2_5_bps": [
            0.057690914690394,
            -0.024855802523780002
        ],
        "annual_volatility_2_5_bps": [
            0.049081847220068,
            0.038245126098612005
        ],
        "sharpe_ratio_2_5_bps": [
            1.167252647227569,
            -0.6390644805121111
        ],
        "downside_risk_2_5_bps": [
            0.029865739518007,
            0.025860534280919
        ],
        "sortino_ratio_2_5_bps": [
            1.9182821863125121,
            -0.945112014192325
        ],
        "max_drawdown_2_5_bps": [
            0.023237957618836003,
            0.063727360567658
        ],
        "calmar_ratio_2_5_bps": [
            2.482615539484036,
            -0.390033453486458
        ],
        "perc_pos_return_2_5_bps": [
            0.5234375,
            0.47637795275590505
        ],
        "profit_loss_ratio_2_5_bps": [
            1.116048184267206,
            0.984087933298259
        ],
        "annual_return_3_0_bps": [
            0.054850075720418,
            -0.026608014115390002
        ],
        "annual_volatility_3_0_bps": [
            0.049089550946522,
            0.038247360185356
        ],
        "sharpe_ratio_3_0_bps": [
            1.112277830636627,
            -0.6860425289625971
        ],
        "downside_risk_3_0_bps": [
            0.029963128508121002,
            0.02592665698941
        ],
        "sortino_ratio_3_0_bps": [
            1.822280314251051,
            -1.012059353368332
        ],
        "max_drawdown_3_0_bps": [
            0.023937746354293,
            0.06466400489040901
        ],
        "calmar_ratio_3_0_bps": [
            2.291363393554466,
            -0.41148107297845804
        ],
        "perc_pos_return_3_0_bps": [
            0.5234375,
            0.47244094488188904
        ],
        "profit_loss_ratio_3_0_bps": [
            1.105354514432765,
            0.9916535047732851
        ],
        "annual_return_rescaled": [
            0.2573606273382536,
            -0.059813700048833573
        ],
        "annual_volatility_rescaled": [
            0.16857914448191286,
            0.13142085551808907
        ],
        "downside_risk_rescaled": [
            0.10099775395893654,
            0.08775870828122928
        ],
        "max_drawdown_rescaled": [
            0.07177833464247615,
            0.1909257626595511
        ],
        "annual_return_rescaled_0_5_bps": [
            0.24576928805999265,
            -0.06560222426452234
        ],
        "annual_volatility_rescaled_0_5_bps": [
            0.16858592654735144,
            0.1314140734526508
        ],
        "downside_risk_rescaled_0_5_bps": [
            0.10131645798421243,
            0.08797456024584834
        ],
        "max_drawdown_rescaled_0_5_bps": [
            0.07206700614555031,
            0.19369000827136734
        ],
        "annual_return_rescaled_1_0_bps": [
            0.23428581801224424,
            -0.0713539223921571
        ],
        "annual_volatility_rescaled_1_0_bps": [
            0.16859280776333646,
            0.13140719223666636
        ],
        "downside_risk_rescaled_1_0_bps": [
            0.10163601942265492,
            0.08819065807126629
        ],
        "max_drawdown_rescaled_1_0_bps": [
            0.07342099179614461,
            0.19644382444112807
        ],
        "annual_return_rescaled_1_5_bps": [
            0.22290930386724828,
            -0.07706898596525324
        ],
        "annual_volatility_rescaled_1_5_bps": [
            0.1685997879509906,
            0.13140021204901178
        ],
        "downside_risk_rescaled_1_5_bps": [
            0.10195642346600141,
            0.08840699568408085
        ],
        "max_drawdown_rescaled_1_5_bps": [
            0.07569427733373986,
            0.19918722981861714
        ],
        "annual_return_rescaled_2_0_bps": [
            0.2116388381294707,
            -0.08274760618218158
        ],
        "annual_volatility_rescaled_2_0_bps": [
            0.16860686692813992,
            0.13139313307186268
        ],
        "downside_risk_rescaled_2_0_bps": [
            0.10227765625477303,
            0.08862356704493617
        ],
        "max_drawdown_rescaled_2_0_bps": [
            0.07796137019256362,
            0.20192024323638721
        ],
        "annual_return_rescaled_2_5_bps": [
            0.20047351912930256,
            -0.08838997389801839
        ],
        "annual_volatility_rescaled_2_5_bps": [
            0.168614044509325,
            0.1313859554906763
        ],
        "downside_risk_rescaled_2_5_bps": [
            0.10259970676764286,
            0.08884036614854635
        ],
        "max_drawdown_rescaled_2_5_bps": [
            0.08022226894406824,
            0.2046428837078314
        ],
        "annual_return_rescaled_3_0_bps": [
            0.18941245101632576,
            -0.09399627961652435
        ],
        "annual_volatility_rescaled_3_0_bps": [
            0.16862132050581957,
            0.1313786794941822
        ],
        "downside_risk_rescaled_3_0_bps": [
            0.10292256087306743,
            0.08905738703167973
        ],
        "max_drawdown_rescaled_3_0_bps": [
            0.08247697232521325,
            0.20735517042524945
        ],
        "sharpe_ratio_years": [
            1.516158320433287,
            -0.47911017162013503
        ],
        "sharpe_ratio_years_0_5_bps": [
            1.463611819207782,
            -0.526078970935249
        ],
        "sharpe_ratio_years_1_0_bps": [
            1.411070326892852,
            -0.5730410935957251
        ],
        "sharpe_ratio_years_1_5_bps": [
            1.358534332996903,
            -0.619996241030577
        ],
        "sharpe_ratio_years_2_0_bps": [
            1.306004326598011,
            -0.6669441149123411
        ],
        "sharpe_ratio_years_2_5_bps": [
            1.253480796321435,
            -0.7138844171664891
        ],
        "sharpe_ratio_years_3_0_bps": [
            1.200964230317167,
            -0.760816849980811
        ]
    }
}