{
    "ALL": {
        "annual_return": 0.009895108855373801,
        "annual_volatility": 0.057110065601899206,
        "sharpe_ratio": -0.058889699965215404,
        "downside_risk": 0.0302037517115888,
        "sortino_ratio": 0.04573482122974837,
        "max_drawdown": 0.050449676408572806,
        "calmar_ratio": 0.07116603424721721,
        "perc_pos_return": 0.4825938508308966,
        "profit_loss_ratio": 1.0694960798121247,
        "annual_return_0_5_bps": 0.009564869488445002,
        "annual_volatility_0_5_bps": 0.0571088591687766,
        "sharpe_ratio_0_5_bps": -0.06718795785996638,
        "downside_risk_0_5_bps": 0.0302127795874736,
        "sortino_ratio_0_5_bps": 0.032987235229078225,
        "max_drawdown_0_5_bps": 0.0505716965128028,
        "calmar_ratio_0_5_bps": 0.06411866730284341,
        "perc_pos_return_0_5_bps": 0.4817775243002842,
        "profit_loss_ratio_0_5_bps": 1.090210766751475,
        "annual_return_1_0_bps": 0.0092347456054264,
        "annual_volatility_1_0_bps": 0.0571076584627074,
        "sharpe_ratio_1_0_bps": -0.07548633329105277,
        "downside_risk_1_0_bps": 0.030221816772967803,
        "sortino_ratio_1_0_bps": 0.020250270970638428,
        "max_drawdown_1_0_bps": 0.0506936979341446,
        "calmar_ratio_1_0_bps": 0.05711177546454841,
        "perc_pos_return_1_0_bps": 0.4817775243002842,
        "profit_loss_ratio_1_0_bps": 1.0884676171067458,
        "annual_return_1_5_bps": 0.0089047371639548,
        "annual_volatility_1_5_bps": 0.057106463483932,
        "sharpe_ratio_1_5_bps": -0.08378481992106519,
        "downside_risk_1_5_bps": 0.030230863272741205,
        "sortino_ratio_1_5_bps": 0.007523932368992225,
        "max_drawdown_1_5_bps": 0.050815680675894405,
        "calmar_ratio_1_5_bps": 0.05014492948126341,
        "perc_pos_return_1_5_bps": 0.48014487123905986,
        "profit_loss_ratio_1_5_bps": 1.0931243431071758,
        "annual_return_2_0_bps": 0.008574844121688402,
        "annual_volatility_2_0_bps": 0.05710527423268741,
        "sharpe_ratio_2_0_bps": -0.0920834114126364,
        "downside_risk_2_0_bps": 0.030239919137605605,
        "sortino_ratio_2_0_bps": -0.00519177130934576,
        "max_drawdown_2_0_bps": 0.05093764474134721,
        "calmar_ratio_2_0_bps": 0.0432177077031002,
        "perc_pos_return_2_0_bps": 0.48014487123905986,
        "profit_loss_ratio_2_0_bps": 1.0913736445841793,
        "annual_return_2_5_bps": 0.0082450664362994,
        "annual_volatility_2_5_bps": 0.05710409070920661,
        "sharpe_ratio_2_5_bps": -0.1003821014284764,
        "downside_risk_2_5_bps": 0.030248984372249998,
        "sortino_ratio_2_5_bps": -0.017896835912320785,
        "max_drawdown_2_5_bps": 0.051059590133797204,
        "calmar_ratio_2_5_bps": 0.036329695884461374,
        "perc_pos_return_2_5_bps": 0.4793285447084476,
        "profit_loss_ratio_2_5_bps": 1.0928950125877153,
        "annual_return_3_0_bps": 0.0079154040654772,
        "annual_volatility_3_0_bps": 0.05710291291371881,
        "sharpe_ratio_3_0_bps": -0.10868088363140375,
        "downside_risk_3_0_bps": 0.0302580589879608,
        "sortino_ratio_3_0_bps": -0.03059125745516078,
        "max_drawdown_3_0_bps": 0.0511815168565374,
        "calmar_ratio_3_0_bps": 0.029480486994214017,
        "perc_pos_return_3_0_bps": 0.47851221817783546,
        "profit_loss_ratio_3_0_bps": 1.0939371454426325,
        "annual_return_rescaled": 0.01760747395938389,
        "annual_volatility_rescaled": 0.1500000000000004,
        "downside_risk_rescaled": 0.07933037213299346,
        "max_drawdown_rescaled": 0.1267822516105452,
        "annual_return_rescaled_0_5_bps": 0.016731840994115267,
        "annual_volatility_rescaled_0_5_bps": 0.15000000000000052,
        "downside_risk_rescaled_0_5_bps": 0.07935576028103926,
        "max_drawdown_rescaled_0_5_bps": 0.12707518518599165,
        "annual_return_rescaled_1_0_bps": 0.015856976441527372,
        "annual_volatility_rescaled_1_0_bps": 0.15000000000000022,
        "downside_risk_rescaled_1_0_bps": 0.07938116599379651,
        "max_drawdown_rescaled_1_0_bps": 0.12736800274653154,
        "annual_return_rescaled_1_5_bps": 0.014982879888132804,
        "annual_volatility_rescaled_1_5_bps": 0.1500000000000003,
        "downside_risk_rescaled_1_5_bps": 0.07940658927666097,
        "max_drawdown_rescaled_1_5_bps": 0.12766070425636103,
        "annual_return_rescaled_2_0_bps": 0.01410955092012416,
        "annual_volatility_rescaled_2_0_bps": 0.1500000000000003,
        "downside_risk_rescaled_2_0_bps": 0.07943203025622529,
        "max_drawdown_rescaled_2_0_bps": 0.12795328967978584,
        "annual_return_rescaled_2_5_bps": 0.013236989123368325,
        "annual_volatility_rescaled_2_5_bps": 0.15000000000000036,
        "downside_risk_rescaled_2_5_bps": 0.07945748893793372,
        "max_drawdown_rescaled_2_5_bps": 0.12824575898122043,
        "annual_return_rescaled_3_0_bps": 0.0123651940834125,
        "annual_volatility_rescaled_3_0_bps": 0.15000000000000027,
        "downside_risk_rescaled_3_0_bps": 0.0794829653445529,
        "max_drawdown_rescaled_3_0_bps": 0.1285381121251888,
        "sharpe_ratio_years": -0.0882685535814628,
        "sharpe_ratio_years_0_5_bps": -0.09658858490163902,
        "sharpe_ratio_years_1_0_bps": -0.10490873288492877,
        "sharpe_ratio_years_1_5_bps": -0.11322899121014163,
        "sharpe_ratio_years_2_0_bps": -0.121549353556118,
        "sharpe_ratio_years_2_5_bps": -0.1298698136017688,
        "sharpe_ratio_years_3_0_bps": -0.1381903650261032,
        "sharpe_ratio_years_std": 0.7230851997950615,
        "sharpe_ratio_years_std_0_5_bps": 0.7263979311179752,
        "sharpe_ratio_years_std_1_0_bps": 0.7297158331796608,
        "sharpe_ratio_years_std_1_5_bps": 0.7330388267770647,
        "sharpe_ratio_years_std_2_0_bps": 0.7363668339126063,
        "sharpe_ratio_years_std_2_5_bps": 0.7396997777725154,
        "sharpe_ratio_years_std_3_0_bps": 0.7430375827055441
    },
    "COMB": {
        "annual_return": 0.009895108855373801,
        "annual_volatility": 0.057110065601899206,
        "sharpe_ratio": -0.058889699965215404,
        "downside_risk": 0.0302037517115888,
        "sortino_ratio": 0.04573482122974837,
        "max_drawdown": 0.050449676408572806,
        "calmar_ratio": 0.07116603424721721,
        "perc_pos_return": 0.4825938508308966,
        "profit_loss_ratio": 1.0694960798121247,
        "annual_return_0_5_bps": 0.009564869488445002,
        "annual_volatility_0_5_bps": 0.0571088591687766,
        "sharpe_ratio_0_5_bps": -0.06718795785996638,
        "downside_risk_0_5_bps": 0.0302127795874736,
        "sortino_ratio_0_5_bps": 0.032987235229078225,
        "max_drawdown_0_5_bps": 0.0505716965128028,
        "calmar_ratio_0_5_bps": 0.06411866730284341,
        "perc_pos_return_0_5_bps": 0.4817775243002842,
        "profit_loss_ratio_0_5_bps": 1.090210766751475,
        "annual_return_1_0_bps": 0.0092347456054264,
        "annual_volatility_1_0_bps": 0.0571076584627074,
        "sharpe_ratio_1_0_bps": -0.07548633329105277,
        "downside_risk_1_0_bps": 0.030221816772967803,
        "sortino_ratio_1_0_bps": 0.020250270970638428,
        "max_drawdown_1_0_bps": 0.0506936979341446,
        "calmar_ratio_1_0_bps": 0.05711177546454841,
        "perc_pos_return_1_0_bps": 0.4817775243002842,
        "profit_loss_ratio_1_0_bps": 1.0884676171067458,
        "annual_return_1_5_bps": 0.0089047371639548,
        "annual_volatility_1_5_bps": 0.057106463483932,
        "sharpe_ratio_1_5_bps": -0.08378481992106519,
        "downside_risk_1_5_bps": 0.030230863272741205,
        "sortino_ratio_1_5_bps": 0.007523932368992225,
        "max_drawdown_1_5_bps": 0.050815680675894405,
        "calmar_ratio_1_5_bps": 0.05014492948126341,
        "perc_pos_return_1_5_bps": 0.48014487123905986,
        "profit_loss_ratio_1_5_bps": 1.0931243431071758,
        "annual_return_2_0_bps": 0.008574844121688402,
        "annual_volatility_2_0_bps": 0.05710527423268741,
        "sharpe_ratio_2_0_bps": -0.0920834114126364,
        "downside_risk_2_0_bps": 0.030239919137605605,
        "sortino_ratio_2_0_bps": -0.00519177130934576,
        "max_drawdown_2_0_bps": 0.05093764474134721,
        "calmar_ratio_2_0_bps": 0.0432177077031002,
        "perc_pos_return_2_0_bps": 0.48014487123905986,
        "profit_loss_ratio_2_0_bps": 1.0913736445841793,
        "annual_return_2_5_bps": 0.0082450664362994,
        "annual_volatility_2_5_bps": 0.05710409070920661,
        "sharpe_ratio_2_5_bps": -0.1003821014284764,
        "downside_risk_2_5_bps": 0.030248984372249998,
        "sortino_ratio_2_5_bps": -0.017896835912320785,
        "max_drawdown_2_5_bps": 0.051059590133797204,
        "calmar_ratio_2_5_bps": 0.036329695884461374,
        "perc_pos_return_2_5_bps": 0.4793285447084476,
        "profit_loss_ratio_2_5_bps": 1.0928950125877153,
        "annual_return_3_0_bps": 0.0079154040654772,
        "annual_volatility_3_0_bps": 0.05710291291371881,
        "sharpe_ratio_3_0_bps": -0.10868088363140375,
        "downside_risk_3_0_bps": 0.0302580589879608,
        "sortino_ratio_3_0_bps": -0.03059125745516078,
        "max_drawdown_3_0_bps": 0.0511815168565374,
        "calmar_ratio_3_0_bps": 0.029480486994214017,
        "perc_pos_return_3_0_bps": 0.47851221817783546,
        "profit_loss_ratio_3_0_bps": 1.0939371454426325,
        "annual_return_rescaled": 0.01760747395938389,
        "annual_volatility_rescaled": 0.1500000000000004,
        "downside_risk_rescaled": 0.07933037213299346,
        "max_drawdown_rescaled": 0.1267822516105452,
        "annual_return_rescaled_0_5_bps": 0.016731840994115267,
        "annual_volatility_rescaled_0_5_bps": 0.15000000000000052,
        "downside_risk_rescaled_0_5_bps": 0.07935576028103926,
        "max_drawdown_rescaled_0_5_bps": 0.12707518518599165,
        "annual_return_rescaled_1_0_bps": 0.015856976441527372,
        "annual_volatility_rescaled_1_0_bps": 0.15000000000000022,
        "downside_risk_rescaled_1_0_bps": 0.07938116599379651,
        "max_drawdown_rescaled_1_0_bps": 0.12736800274653154,
        "annual_return_rescaled_1_5_bps": 0.014982879888132804,
        "annual_volatility_rescaled_1_5_bps": 0.1500000000000003,
        "downside_risk_rescaled_1_5_bps": 0.07940658927666097,
        "max_drawdown_rescaled_1_5_bps": 0.12766070425636103,
        "annual_return_rescaled_2_0_bps": 0.01410955092012416,
        "annual_volatility_rescaled_2_0_bps": 0.1500000000000003,
        "downside_risk_rescaled_2_0_bps": 0.07943203025622529,
        "max_drawdown_rescaled_2_0_bps": 0.12795328967978584,
        "annual_return_rescaled_2_5_bps": 0.013236989123368325,
        "annual_volatility_rescaled_2_5_bps": 0.15000000000000036,
        "downside_risk_rescaled_2_5_bps": 0.07945748893793372,
        "max_drawdown_rescaled_2_5_bps": 0.12824575898122043,
        "annual_return_rescaled_3_0_bps": 0.0123651940834125,
        "annual_volatility_rescaled_3_0_bps": 0.15000000000000027,
        "downside_risk_rescaled_3_0_bps": 0.0794829653445529,
        "max_drawdown_rescaled_3_0_bps": 0.1285381121251888,
        "sharpe_ratio_years": -0.0882685535814628,
        "sharpe_ratio_years_0_5_bps": -0.09658858490163902,
        "sharpe_ratio_years_1_0_bps": -0.10490873288492877,
        "sharpe_ratio_years_1_5_bps": -0.11322899121014163,
        "sharpe_ratio_years_2_0_bps": -0.121549353556118,
        "sharpe_ratio_years_2_5_bps": -0.1298698136017688,
        "sharpe_ratio_years_3_0_bps": -0.1381903650261032,
        "sharpe_ratio_years_std": 0.7230851997950615,
        "sharpe_ratio_years_std_0_5_bps": 0.7263979311179752,
        "sharpe_ratio_years_std_1_0_bps": 0.7297158331796608,
        "sharpe_ratio_years_std_1_5_bps": 0.7330388267770647,
        "sharpe_ratio_years_std_2_0_bps": 0.7363668339126063,
        "sharpe_ratio_years_std_2_5_bps": 0.7396997777725154,
        "sharpe_ratio_years_std_3_0_bps": 0.7430375827055441
    }
}