{
    "ALL": {
        "annual_return": 0.017865008566176996,
        "annual_volatility": 0.055221606726958,
        "sharpe_ratio": 0.4684093339733556,
        "downside_risk": 0.038484359018921506,
        "sortino_ratio": 1.0634606086906861,
        "max_drawdown": 0.06524714083893501,
        "calmar_ratio": 1.392507886640187,
        "perc_pos_return": 0.5050333498023716,
        "profit_loss_ratio": 1.0917742508195876,
        "annual_return_0_5_bps": 0.011672749322346,
        "annual_volatility_0_5_bps": 0.055214465217520006,
        "sharpe_ratio_0_5_bps": 0.3570405262411961,
        "downside_risk_0_5_bps": 0.038694325024685006,
        "sortino_ratio_0_5_bps": 0.884835264929817,
        "max_drawdown_0_5_bps": 0.067427607074107,
        "calmar_ratio_0_5_bps": 1.1281586663067869,
        "perc_pos_return_0_5_bps": 0.5050333498023716,
        "profit_loss_ratio_0_5_bps": 1.075711774096523,
        "annual_return_1_0_bps": 0.005517951055235497,
        "annual_volatility_1_0_bps": 0.05520866406809451,
        "sharpe_ratio_1_0_bps": 0.24560604025288613,
        "downside_risk_1_0_bps": 0.038905890936207506,
        "sortino_ratio_1_0_bps": 0.7083160135943509,
        "max_drawdown_1_0_bps": 0.070176402067486,
        "calmar_ratio_1_0_bps": 0.90606041205698,
        "perc_pos_return_1_0_bps": 0.5050333498023716,
        "profit_loss_ratio_1_0_bps": 1.0546201929232335,
        "annual_return_1_5_bps": -0.0005996115931814969,
        "annual_volatility_1_5_bps": 0.055204204070608005,
        "sharpe_ratio_1_5_bps": 0.13411426299248497,
        "downside_risk_1_5_bps": 0.039119028217864005,
        "sortino_ratio_1_5_bps": 0.533892786573885,
        "max_drawdown_1_5_bps": 0.0735124821495895,
        "calmar_ratio_1_5_bps": 0.7186870470650863,
        "perc_pos_return_1_5_bps": 0.503057065217391,
        "profit_loss_ratio_1_5_bps": 1.0437905087005381,
        "annual_return_2_0_bps": -0.0066801626328305,
        "annual_volatility_2_0_bps": 0.05520108591599,
        "sharpe_ratio_2_0_bps": 0.022573614951596044,
        "downside_risk_2_0_bps": 0.03933371515654051,
        "sortino_ratio_2_0_bps": 0.3615537899260255,
        "max_drawdown_2_0_bps": 0.07683604072404451,
        "calmar_ratio_2_0_bps": 0.555577730494065,
        "perc_pos_return_2_0_bps": 0.501103940217391,
        "profit_loss_ratio_2_0_bps": 1.0298363098810646,
        "annual_return_2_5_bps": -0.012723924733546499,
        "annual_volatility_2_5_bps": 0.0551993101937775,
        "sharpe_ratio_2_5_bps": -0.0890074531160131,
        "downside_risk_2_5_bps": 0.039549930292260504,
        "sortino_ratio_2_5_bps": 0.1912865255305276,
        "max_drawdown_2_5_bps": 0.0801471266636385,
        "calmar_ratio_2_5_bps": 0.41232161248885646,
        "perc_pos_return_2_5_bps": 0.499127655632411,
        "profit_loss_ratio_2_5_bps": 1.0192297507468475,
        "annual_return_3_0_bps": -0.018731119233048002,
        "annual_volatility_3_0_bps": 0.05519887739176001,
        "sharpe_ratio_3_0_bps": -0.20062046347681706,
        "downside_risk_3_0_bps": 0.039767649221771506,
        "sortino_ratio_3_0_bps": 0.023077876941075992,
        "max_drawdown_3_0_bps": 0.0834457886445985,
        "calmar_ratio_3_0_bps": 0.28552074088882046,
        "perc_pos_return_3_0_bps": 0.495221405632411,
        "profit_loss_ratio_3_0_bps": 1.0122070016243876,
        "annual_return_rescaled": 0.0613250413040779,
        "annual_volatility_rescaled": 0.14999999999999986,
        "downside_risk_rescaled": 0.10453614436430667,
        "max_drawdown_rescaled": 0.16721808272663274,
        "annual_return_rescaled_0_5_bps": 0.043844814102762475,
        "annual_volatility_rescaled_0_5_bps": 0.1500000000000013,
        "downside_risk_rescaled_0_5_bps": 0.10512007552435867,
        "max_drawdown_rescaled_0_5_bps": 0.17257509300640442,
        "annual_return_rescaled_1_0_bps": 0.02664535894710318,
        "annual_volatility_rescaled_1_0_bps": 0.15000000000000163,
        "downside_risk_rescaled_1_0_bps": 0.10570593835114668,
        "max_drawdown_rescaled_1_0_bps": 0.1803656344116656,
        "annual_return_rescaled_1_5_bps": 0.009723509135694308,
        "annual_volatility_rescaled_1_5_bps": 0.15000000000000113,
        "downside_risk_rescaled_1_5_bps": 0.10629361171794874,
        "max_drawdown_rescaled_1_5_bps": 0.18822897047989148,
        "annual_return_rescaled_2_0_bps": -0.0069239135037630906,
        "annual_volatility_rescaled_2_0_bps": 0.15000000000000008,
        "downside_risk_rescaled_2_0_bps": 0.106882992890037,
        "max_drawdown_rescaled_2_0_bps": 0.19601025018902496,
        "annual_return_rescaled_2_5_bps": -0.023300096975423124,
        "annual_volatility_rescaled_2_5_bps": 0.15000000000000005,
        "downside_risk_rescaled_2_5_bps": 0.10747397971121489,
        "max_drawdown_rescaled_2_5_bps": 0.20370983929020559,
        "annual_return_rescaled_3_0_bps": -0.039408237500586196,
        "annual_volatility_rescaled_3_0_bps": 0.15000000000000013,
        "downside_risk_rescaled_3_0_bps": 0.1080664619486673,
        "max_drawdown_rescaled_3_0_bps": 0.21189184769761815,
        "sharpe_ratio_years": 0.42701287288154854,
        "sharpe_ratio_years_0_5_bps": 0.31661074672512746,
        "sharpe_ratio_years_1_0_bps": 0.20613050533259802,
        "sharpe_ratio_years_1_5_bps": 0.09558042977915493,
        "sharpe_ratio_years_2_0_bps": -0.01503115770289043,
        "sharpe_ratio_years_2_5_bps": -0.12569589688426497,
        "sharpe_ratio_years_3_0_bps": -0.23640539274499395,
        "sharpe_ratio_years_std": 1.6697880685876976,
        "sharpe_ratio_years_std_0_5_bps": 1.6548157664994316,
        "sharpe_ratio_years_std_1_0_bps": 1.639697516298685,
        "sharpe_ratio_years_std_1_5_bps": 1.624436317368961,
        "sharpe_ratio_years_std_2_0_bps": 1.6090352302496336,
        "sharpe_ratio_years_std_2_5_bps": 1.59349737490784,
        "sharpe_ratio_years_std_3_0_bps": 1.577825928950535
    },
    "COMB": {
        "annual_return": 0.017865008566176996,
        "annual_volatility": 0.055221606726958,
        "sharpe_ratio": 0.4684093339733556,
        "downside_risk": 0.038484359018921506,
        "sortino_ratio": 1.0634606086906861,
        "max_drawdown": 0.06524714083893501,
        "calmar_ratio": 1.392507886640187,
        "perc_pos_return": 0.5050333498023716,
        "profit_loss_ratio": 1.0917742508195876,
        "annual_return_0_5_bps": 0.011672749322346,
        "annual_volatility_0_5_bps": 0.055214465217520006,
        "sharpe_ratio_0_5_bps": 0.3570405262411961,
        "downside_risk_0_5_bps": 0.038694325024685006,
        "sortino_ratio_0_5_bps": 0.884835264929817,
        "max_drawdown_0_5_bps": 0.067427607074107,
        "calmar_ratio_0_5_bps": 1.1281586663067869,
        "perc_pos_return_0_5_bps": 0.5050333498023716,
        "profit_loss_ratio_0_5_bps": 1.075711774096523,
        "annual_return_1_0_bps": 0.005517951055235497,
        "annual_volatility_1_0_bps": 0.05520866406809451,
        "sharpe_ratio_1_0_bps": 0.24560604025288613,
        "downside_risk_1_0_bps": 0.038905890936207506,
        "sortino_ratio_1_0_bps": 0.7083160135943509,
        "max_drawdown_1_0_bps": 0.070176402067486,
        "calmar_ratio_1_0_bps": 0.90606041205698,
        "perc_pos_return_1_0_bps": 0.5050333498023716,
        "profit_loss_ratio_1_0_bps": 1.0546201929232335,
        "annual_return_1_5_bps": -0.0005996115931814969,
        "annual_volatility_1_5_bps": 0.055204204070608005,
        "sharpe_ratio_1_5_bps": 0.13411426299248497,
        "downside_risk_1_5_bps": 0.039119028217864005,
        "sortino_ratio_1_5_bps": 0.533892786573885,
        "max_drawdown_1_5_bps": 0.0735124821495895,
        "calmar_ratio_1_5_bps": 0.7186870470650863,
        "perc_pos_return_1_5_bps": 0.503057065217391,
        "profit_loss_ratio_1_5_bps": 1.0437905087005381,
        "annual_return_2_0_bps": -0.0066801626328305,
        "annual_volatility_2_0_bps": 0.05520108591599,
        "sharpe_ratio_2_0_bps": 0.022573614951596044,
        "downside_risk_2_0_bps": 0.03933371515654051,
        "sortino_ratio_2_0_bps": 0.3615537899260255,
        "max_drawdown_2_0_bps": 0.07683604072404451,
        "calmar_ratio_2_0_bps": 0.555577730494065,
        "perc_pos_return_2_0_bps": 0.501103940217391,
        "profit_loss_ratio_2_0_bps": 1.0298363098810646,
        "annual_return_2_5_bps": -0.012723924733546499,
        "annual_volatility_2_5_bps": 0.0551993101937775,
        "sharpe_ratio_2_5_bps": -0.0890074531160131,
        "downside_risk_2_5_bps": 0.039549930292260504,
        "sortino_ratio_2_5_bps": 0.1912865255305276,
        "max_drawdown_2_5_bps": 0.0801471266636385,
        "calmar_ratio_2_5_bps": 0.41232161248885646,
        "perc_pos_return_2_5_bps": 0.499127655632411,
        "profit_loss_ratio_2_5_bps": 1.0192297507468475,
        "annual_return_3_0_bps": -0.018731119233048002,
        "annual_volatility_3_0_bps": 0.05519887739176001,
        "sharpe_ratio_3_0_bps": -0.20062046347681706,
        "downside_risk_3_0_bps": 0.039767649221771506,
        "sortino_ratio_3_0_bps": 0.023077876941075992,
        "max_drawdown_3_0_bps": 0.0834457886445985,
        "calmar_ratio_3_0_bps": 0.28552074088882046,
        "perc_pos_return_3_0_bps": 0.495221405632411,
        "profit_loss_ratio_3_0_bps": 1.0122070016243876,
        "annual_return_rescaled": 0.0613250413040779,
        "annual_volatility_rescaled": 0.14999999999999986,
        "downside_risk_rescaled": 0.10453614436430667,
        "max_drawdown_rescaled": 0.16721808272663274,
        "annual_return_rescaled_0_5_bps": 0.043844814102762475,
        "annual_volatility_rescaled_0_5_bps": 0.1500000000000013,
        "downside_risk_rescaled_0_5_bps": 0.10512007552435867,
        "max_drawdown_rescaled_0_5_bps": 0.17257509300640442,
        "annual_return_rescaled_1_0_bps": 0.02664535894710318,
        "annual_volatility_rescaled_1_0_bps": 0.15000000000000163,
        "downside_risk_rescaled_1_0_bps": 0.10570593835114668,
        "max_drawdown_rescaled_1_0_bps": 0.1803656344116656,
        "annual_return_rescaled_1_5_bps": 0.009723509135694308,
        "annual_volatility_rescaled_1_5_bps": 0.15000000000000113,
        "downside_risk_rescaled_1_5_bps": 0.10629361171794874,
        "max_drawdown_rescaled_1_5_bps": 0.18822897047989148,
        "annual_return_rescaled_2_0_bps": -0.0069239135037630906,
        "annual_volatility_rescaled_2_0_bps": 0.15000000000000008,
        "downside_risk_rescaled_2_0_bps": 0.106882992890037,
        "max_drawdown_rescaled_2_0_bps": 0.19601025018902496,
        "annual_return_rescaled_2_5_bps": -0.023300096975423124,
        "annual_volatility_rescaled_2_5_bps": 0.15000000000000005,
        "downside_risk_rescaled_2_5_bps": 0.10747397971121489,
        "max_drawdown_rescaled_2_5_bps": 0.20370983929020559,
        "annual_return_rescaled_3_0_bps": -0.039408237500586196,
        "annual_volatility_rescaled_3_0_bps": 0.15000000000000013,
        "downside_risk_rescaled_3_0_bps": 0.1080664619486673,
        "max_drawdown_rescaled_3_0_bps": 0.21189184769761815,
        "sharpe_ratio_years": 0.42701287288154854,
        "sharpe_ratio_years_0_5_bps": 0.31661074672512746,
        "sharpe_ratio_years_1_0_bps": 0.20613050533259802,
        "sharpe_ratio_years_1_5_bps": 0.09558042977915493,
        "sharpe_ratio_years_2_0_bps": -0.01503115770289043,
        "sharpe_ratio_years_2_5_bps": -0.12569589688426497,
        "sharpe_ratio_years_3_0_bps": -0.23640539274499395,
        "sharpe_ratio_years_std": 1.6697880685876976,
        "sharpe_ratio_years_std_0_5_bps": 1.6548157664994316,
        "sharpe_ratio_years_std_1_0_bps": 1.639697516298685,
        "sharpe_ratio_years_std_1_5_bps": 1.624436317368961,
        "sharpe_ratio_years_std_2_0_bps": 1.6090352302496336,
        "sharpe_ratio_years_std_2_5_bps": 1.59349737490784,
        "sharpe_ratio_years_std_3_0_bps": 1.577825928950535
    }
}