{
    "ALL": {
        "annual_return": [
            -0.07270734142361801,
            0.108437358555972
        ],
        "annual_volatility": [
            0.06158128047393201,
            0.048861932979984
        ],
        "sharpe_ratio": [
            -1.194889320381652,
            2.131707988328363
        ],
        "downside_risk": [
            0.048408194070583006,
            0.028560523967260002
        ],
        "sortino_ratio": [
            -1.520048739402236,
            3.6469699567836082
        ],
        "max_drawdown": [
            0.09964178639253701,
            0.030852495285333
        ],
        "calmar_ratio": [
            -0.729687253269322,
            3.514703026549696
        ],
        "perc_pos_return": [
            0.484375,
            0.525691699604743
        ],
        "profit_loss_ratio": [
            0.8782371450206181,
            1.305311356618557
        ],
        "annual_return_0_5_bps": [
            -0.078238425226023,
            0.101583923870715
        ],
        "annual_volatility_0_5_bps": [
            0.061594038205571,
            0.048834892229469004
        ],
        "sharpe_ratio_0_5_bps": [
            -1.291728102813831,
            2.005809155296223
        ],
        "downside_risk_0_5_bps": [
            0.048628038138257,
            0.028760611911113003
        ],
        "sortino_ratio_0_5_bps": [
            -1.636149702147475,
            3.405820232007109
        ],
        "max_drawdown_0_5_bps": [
            0.101313228883028,
            0.033541985265186
        ],
        "calmar_ratio_0_5_bps": [
            -0.7722429349907851,
            3.028560267604359
        ],
        "perc_pos_return_0_5_bps": [
            0.484375,
            0.525691699604743
        ],
        "profit_loss_ratio_0_5_bps": [
            0.864576570875475,
            1.286846977317571
        ],
        "annual_return_1_0_bps": [
            -0.08373671342951401,
            0.094772615539985
        ],
        "annual_volatility_1_0_bps": [
            0.061607963484308005,
            0.048809364651881
        ],
        "sharpe_ratio_1_0_bps": [
            -1.388500463579034,
            1.8797125440848061
        ],
        "downside_risk_1_0_bps": [
            0.04884915577123201,
            0.028962626101183
        ],
        "sortino_ratio_1_0_bps": [
            -1.7511599639250952,
            3.167791991113797
        ],
        "max_drawdown_1_0_bps": [
            0.10412870502952601,
            0.036224099105446
        ],
        "calmar_ratio_1_0_bps": [
            -0.8041655123413851,
            2.616286336455345
        ],
        "perc_pos_return_1_0_bps": [
            0.484375,
            0.525691699604743
        ],
        "profit_loss_ratio_1_0_bps": [
            0.851115014044425,
            1.258125371802042
        ],
        "annual_return_1_5_bps": [
            -0.089202399330726,
            0.08800317614436301
        ],
        "annual_volatility_1_5_bps": [
            0.06162305551863301,
            0.048785352622583
        ],
        "sharpe_ratio_1_5_bps": [
            -1.4852009662624641,
            1.753429492247434
        ],
        "downside_risk_1_5_bps": [
            0.049071529753353,
            0.029166526682375002
        ],
        "sortino_ratio_1_5_bps": [
            -1.865085968591913,
            2.932871541739683
        ],
        "max_drawdown_1_5_bps": [
            0.108126107501312,
            0.038898856797867004
        ],
        "calmar_ratio_1_5_bps": [
            -0.824984838464143,
            2.262358932594316
        ],
        "perc_pos_return_1_5_bps": [
            0.484375,
            0.521739130434782
        ],
        "profit_loss_ratio_1_5_bps": [
            0.837848156832741,
            1.249732860568335
        ],
        "annual_return_2_0_bps": [
            -0.09463567509382301,
            0.08127534982816201
        ],
        "annual_volatility_2_0_bps": [
            0.061639313451525006,
            0.04876285838045501
        ],
        "sharpe_ratio_2_0_bps": [
            -1.581824194378725,
            1.626971424281917
        ],
        "downside_risk_2_0_bps": [
            0.049295143743072006,
            0.029372286570009003
        ],
        "sortino_ratio_2_0_bps": [
            -1.977934334682201,
            2.701041914534252
        ],
        "max_drawdown_2_0_bps": [
            0.112105803167427,
            0.041566278280662006
        ],
        "calmar_ratio_2_0_bps": [
            -0.844163927468475,
            1.955319388456605
        ],
        "perc_pos_return_2_0_bps": [
            0.48046875,
            0.521739130434782
        ],
        "profit_loss_ratio_2_0_bps": [
            0.8377808424225061,
            1.221891777339623
        ],
        "annual_return_2_5_bps": [
            -0.100036731757091,
            0.07458888228999801
        ],
        "annual_volatility_2_5_bps": [
            0.061656736360696004,
            0.048741884026859
        ],
        "sharpe_ratio_2_5_bps": [
            -1.678364752868757,
            1.5003498466367309
        ],
        "downside_risk_2_5_bps": [
            0.049519984394295,
            0.029579876190226003
        ],
        "sortino_ratio_2_5_bps": [
            -2.08971174669099,
            2.472284797752045
        ],
        "max_drawdown_2_5_bps": [
            0.11606786988864701,
            0.04422638343863
        ],
        "calmar_ratio_2_5_bps": [
            -0.861881344536302,
            1.686524569514015
        ],
        "perc_pos_return_2_5_bps": [
            0.48046875,
            0.517786561264822
        ],
        "profit_loss_ratio_2_5_bps": [
            0.824696712129336,
            1.213762789364359
        ],
        "annual_return_3_0_bps": [
            -0.10540575923949101,
            0.06794352077339501
        ],
        "annual_volatility_3_0_bps": [
            0.061675323258849,
            0.048722431524671005
        ],
        "sharpe_ratio_3_0_bps": [
            -1.774817269582859,
            1.373576342629225
        ],
        "downside_risk_3_0_bps": [
            0.049746038499385005,
            0.029789259944158004
        ],
        "sortino_ratio_3_0_bps": [
            -2.2004250414485442,
            2.246580795330696
        ],
        "max_drawdown_3_0_bps": [
            0.120012385185882,
            0.046879192103315
        ],
        "calmar_ratio_3_0_bps": [
            -0.878290678718142,
            1.449332160495783
        ],
        "perc_pos_return_3_0_bps": [
            0.47265625,
            0.517786561264822
        ],
        "profit_loss_ratio_3_0_bps": [
            0.8376394385390361,
            1.186774564709739
        ],
        "annual_return_rescaled": [
            -0.1926257784917329,
            0.3152758610998887
        ],
        "annual_volatility_rescaled": [
            0.1672749602662388,
            0.1327250397337609
        ],
        "downside_risk_rescaled": [
            0.13149253600117825,
            0.0775797527274351
        ],
        "max_drawdown_rescaled": [
            0.25094215158934013,
            0.08349401386392538
        ],
        "annual_return_rescaled_0_5_bps": [
            -0.2056762025005069,
            0.29336583070603184
        ],
        "annual_volatility_rescaled_0_5_bps": [
            0.1673312544898844,
            0.1326687455101182
        ],
        "downside_risk_rescaled_0_5_bps": [
            0.13210678926260885,
            0.07813336178610848
        ],
        "max_drawdown_rescaled_0_5_bps": [
            0.25475252992143715,
            0.09039765609137168
        ],
        "annual_return_rescaled_1_0_bps": [
            -0.21851526746951278,
            0.27180598536371914
        ],
        "annual_volatility_rescaled_1_0_bps": [
            0.16738667161458862,
            0.13261332838541462
        ],
        "downside_risk_rescaled_1_0_bps": [
            0.13272143945825698,
            0.07869043724403638
        ],
        "max_drawdown_rescaled_1_0_bps": [
            0.263481916721978,
            0.09724935210135316
        ],
        "annual_return_rescaled_1_5_bps": [
            -0.2311454864650373,
            0.2505925047364259
        ],
        "annual_volatility_rescaled_1_5_bps": [
            0.16744120277456226,
            0.13255879722543998
        ],
        "downside_risk_rescaled_1_5_bps": [
            0.13333639324983954,
            0.07925083018605794
        ],
        "max_drawdown_rescaled_1_5_bps": [
            0.27240894326157483,
            0.10404899769820812
        ],
        "annual_return_rescaled_2_0_bps": [
            -0.24356937546144053,
            0.22972154845391435
        ],
        "annual_volatility_rescaled_2_0_bps": [
            0.16749483935515388,
            0.13250516064484624
        ],
        "downside_risk_rescaled_2_0_bps": [
            0.13395155980652415,
            0.07981442597354983
        ],
        "max_drawdown_rescaled_2_0_bps": [
            0.2812240001054552,
            0.11079650027259472
        ],
        "annual_return_rescaled_2_5_bps": [
            -0.2557894522108273,
            0.20918925825998103
        ],
        "annual_volatility_rescaled_2_5_bps": [
            0.16754757299751516,
            0.13245242700248494
        ],
        "downside_risk_rescaled_2_5_bps": [
            0.13456685659781428,
            0.08038110282461551
        ],
        "max_drawdown_rescaled_2_5_bps": [
            0.2899278998466425,
            0.11749177873376866
        ],
        "annual_return_rescaled_3_0_bps": [
            -0.2678082351334157,
            0.18899176013224328
        ],
        "annual_volatility_rescaled_3_0_bps": [
            0.16759939560307793,
            0.1324006043969223
        ],
        "downside_risk_rescaled_3_0_bps": [
            0.1351822016587191,
            0.08095072223861549
        ],
        "max_drawdown_rescaled_3_0_bps": [
            0.29964893195985226,
            0.12413476343538402
        ],
        "sharpe_ratio_years": [
            -1.242775195706149,
            2.096800941469246
        ],
        "sharpe_ratio_years_0_5_bps": [
            -1.338205019774304,
            1.971426513224559
        ],
        "sharpe_ratio_years_1_0_bps": [
            -1.433567010966087,
            1.845828021631283
        ],
        "sharpe_ratio_years_1_5_bps": [
            -1.5288558875898062,
            1.720016747148116
        ],
        "sharpe_ratio_years_2_0_bps": [
            -1.624066387952524,
            1.594004072546743
        ],
        "sharpe_ratio_years_2_5_bps": [
            -1.719193271792105,
            1.467801478023575
        ],
        "sharpe_ratio_years_3_0_bps": [
            -1.814231321695529,
            1.3414205362055411
        ]
    },
    "COMB": {
        "annual_return": [
            -0.07270734142361801,
            0.108437358555972
        ],
        "annual_volatility": [
            0.06158128047393201,
            0.048861932979984
        ],
        "sharpe_ratio": [
            -1.194889320381652,
            2.131707988328363
        ],
        "downside_risk": [
            0.048408194070583006,
            0.028560523967260002
        ],
        "sortino_ratio": [
            -1.520048739402236,
            3.6469699567836082
        ],
        "max_drawdown": [
            0.09964178639253701,
            0.030852495285333
        ],
        "calmar_ratio": [
            -0.729687253269322,
            3.514703026549696
        ],
        "perc_pos_return": [
            0.484375,
            0.525691699604743
        ],
        "profit_loss_ratio": [
            0.8782371450206181,
            1.305311356618557
        ],
        "annual_return_0_5_bps": [
            -0.078238425226023,
            0.101583923870715
        ],
        "annual_volatility_0_5_bps": [
            0.061594038205571,
            0.048834892229469004
        ],
        "sharpe_ratio_0_5_bps": [
            -1.291728102813831,
            2.005809155296223
        ],
        "downside_risk_0_5_bps": [
            0.048628038138257,
            0.028760611911113003
        ],
        "sortino_ratio_0_5_bps": [
            -1.636149702147475,
            3.405820232007109
        ],
        "max_drawdown_0_5_bps": [
            0.101313228883028,
            0.033541985265186
        ],
        "calmar_ratio_0_5_bps": [
            -0.7722429349907851,
            3.028560267604359
        ],
        "perc_pos_return_0_5_bps": [
            0.484375,
            0.525691699604743
        ],
        "profit_loss_ratio_0_5_bps": [
            0.864576570875475,
            1.286846977317571
        ],
        "annual_return_1_0_bps": [
            -0.08373671342951401,
            0.094772615539985
        ],
        "annual_volatility_1_0_bps": [
            0.061607963484308005,
            0.048809364651881
        ],
        "sharpe_ratio_1_0_bps": [
            -1.388500463579034,
            1.8797125440848061
        ],
        "downside_risk_1_0_bps": [
            0.04884915577123201,
            0.028962626101183
        ],
        "sortino_ratio_1_0_bps": [
            -1.7511599639250952,
            3.167791991113797
        ],
        "max_drawdown_1_0_bps": [
            0.10412870502952601,
            0.036224099105446
        ],
        "calmar_ratio_1_0_bps": [
            -0.8041655123413851,
            2.616286336455345
        ],
        "perc_pos_return_1_0_bps": [
            0.484375,
            0.525691699604743
        ],
        "profit_loss_ratio_1_0_bps": [
            0.851115014044425,
            1.258125371802042
        ],
        "annual_return_1_5_bps": [
            -0.089202399330726,
            0.08800317614436301
        ],
        "annual_volatility_1_5_bps": [
            0.06162305551863301,
            0.048785352622583
        ],
        "sharpe_ratio_1_5_bps": [
            -1.4852009662624641,
            1.753429492247434
        ],
        "downside_risk_1_5_bps": [
            0.049071529753353,
            0.029166526682375002
        ],
        "sortino_ratio_1_5_bps": [
            -1.865085968591913,
            2.932871541739683
        ],
        "max_drawdown_1_5_bps": [
            0.108126107501312,
            0.038898856797867004
        ],
        "calmar_ratio_1_5_bps": [
            -0.824984838464143,
            2.262358932594316
        ],
        "perc_pos_return_1_5_bps": [
            0.484375,
            0.521739130434782
        ],
        "profit_loss_ratio_1_5_bps": [
            0.837848156832741,
            1.249732860568335
        ],
        "annual_return_2_0_bps": [
            -0.09463567509382301,
            0.08127534982816201
        ],
        "annual_volatility_2_0_bps": [
            0.061639313451525006,
            0.04876285838045501
        ],
        "sharpe_ratio_2_0_bps": [
            -1.581824194378725,
            1.626971424281917
        ],
        "downside_risk_2_0_bps": [
            0.049295143743072006,
            0.029372286570009003
        ],
        "sortino_ratio_2_0_bps": [
            -1.977934334682201,
            2.701041914534252
        ],
        "max_drawdown_2_0_bps": [
            0.112105803167427,
            0.041566278280662006
        ],
        "calmar_ratio_2_0_bps": [
            -0.844163927468475,
            1.955319388456605
        ],
        "perc_pos_return_2_0_bps": [
            0.48046875,
            0.521739130434782
        ],
        "profit_loss_ratio_2_0_bps": [
            0.8377808424225061,
            1.221891777339623
        ],
        "annual_return_2_5_bps": [
            -0.100036731757091,
            0.07458888228999801
        ],
        "annual_volatility_2_5_bps": [
            0.061656736360696004,
            0.048741884026859
        ],
        "sharpe_ratio_2_5_bps": [
            -1.678364752868757,
            1.5003498466367309
        ],
        "downside_risk_2_5_bps": [
            0.049519984394295,
            0.029579876190226003
        ],
        "sortino_ratio_2_5_bps": [
            -2.08971174669099,
            2.472284797752045
        ],
        "max_drawdown_2_5_bps": [
            0.11606786988864701,
            0.04422638343863
        ],
        "calmar_ratio_2_5_bps": [
            -0.861881344536302,
            1.686524569514015
        ],
        "perc_pos_return_2_5_bps": [
            0.48046875,
            0.517786561264822
        ],
        "profit_loss_ratio_2_5_bps": [
            0.824696712129336,
            1.213762789364359
        ],
        "annual_return_3_0_bps": [
            -0.10540575923949101,
            0.06794352077339501
        ],
        "annual_volatility_3_0_bps": [
            0.061675323258849,
            0.048722431524671005
        ],
        "sharpe_ratio_3_0_bps": [
            -1.774817269582859,
            1.373576342629225
        ],
        "downside_risk_3_0_bps": [
            0.049746038499385005,
            0.029789259944158004
        ],
        "sortino_ratio_3_0_bps": [
            -2.2004250414485442,
            2.246580795330696
        ],
        "max_drawdown_3_0_bps": [
            0.120012385185882,
            0.046879192103315
        ],
        "calmar_ratio_3_0_bps": [
            -0.878290678718142,
            1.449332160495783
        ],
        "perc_pos_return_3_0_bps": [
            0.47265625,
            0.517786561264822
        ],
        "profit_loss_ratio_3_0_bps": [
            0.8376394385390361,
            1.186774564709739
        ],
        "annual_return_rescaled": [
            -0.1926257784917329,
            0.3152758610998887
        ],
        "annual_volatility_rescaled": [
            0.1672749602662388,
            0.1327250397337609
        ],
        "downside_risk_rescaled": [
            0.13149253600117825,
            0.0775797527274351
        ],
        "max_drawdown_rescaled": [
            0.25094215158934013,
            0.08349401386392538
        ],
        "annual_return_rescaled_0_5_bps": [
            -0.2056762025005069,
            0.29336583070603184
        ],
        "annual_volatility_rescaled_0_5_bps": [
            0.1673312544898844,
            0.1326687455101182
        ],
        "downside_risk_rescaled_0_5_bps": [
            0.13210678926260885,
            0.07813336178610848
        ],
        "max_drawdown_rescaled_0_5_bps": [
            0.25475252992143715,
            0.09039765609137168
        ],
        "annual_return_rescaled_1_0_bps": [
            -0.21851526746951278,
            0.27180598536371914
        ],
        "annual_volatility_rescaled_1_0_bps": [
            0.16738667161458862,
            0.13261332838541462
        ],
        "downside_risk_rescaled_1_0_bps": [
            0.13272143945825698,
            0.07869043724403638
        ],
        "max_drawdown_rescaled_1_0_bps": [
            0.263481916721978,
            0.09724935210135316
        ],
        "annual_return_rescaled_1_5_bps": [
            -0.2311454864650373,
            0.2505925047364259
        ],
        "annual_volatility_rescaled_1_5_bps": [
            0.16744120277456226,
            0.13255879722543998
        ],
        "downside_risk_rescaled_1_5_bps": [
            0.13333639324983954,
            0.07925083018605794
        ],
        "max_drawdown_rescaled_1_5_bps": [
            0.27240894326157483,
            0.10404899769820812
        ],
        "annual_return_rescaled_2_0_bps": [
            -0.24356937546144053,
            0.22972154845391435
        ],
        "annual_volatility_rescaled_2_0_bps": [
            0.16749483935515388,
            0.13250516064484624
        ],
        "downside_risk_rescaled_2_0_bps": [
            0.13395155980652415,
            0.07981442597354983
        ],
        "max_drawdown_rescaled_2_0_bps": [
            0.2812240001054552,
            0.11079650027259472
        ],
        "annual_return_rescaled_2_5_bps": [
            -0.2557894522108273,
            0.20918925825998103
        ],
        "annual_volatility_rescaled_2_5_bps": [
            0.16754757299751516,
            0.13245242700248494
        ],
        "downside_risk_rescaled_2_5_bps": [
            0.13456685659781428,
            0.08038110282461551
        ],
        "max_drawdown_rescaled_2_5_bps": [
            0.2899278998466425,
            0.11749177873376866
        ],
        "annual_return_rescaled_3_0_bps": [
            -0.2678082351334157,
            0.18899176013224328
        ],
        "annual_volatility_rescaled_3_0_bps": [
            0.16759939560307793,
            0.1324006043969223
        ],
        "downside_risk_rescaled_3_0_bps": [
            0.1351822016587191,
            0.08095072223861549
        ],
        "max_drawdown_rescaled_3_0_bps": [
            0.29964893195985226,
            0.12413476343538402
        ],
        "sharpe_ratio_years": [
            -1.242775195706149,
            2.096800941469246
        ],
        "sharpe_ratio_years_0_5_bps": [
            -1.338205019774304,
            1.971426513224559
        ],
        "sharpe_ratio_years_1_0_bps": [
            -1.433567010966087,
            1.845828021631283
        ],
        "sharpe_ratio_years_1_5_bps": [
            -1.5288558875898062,
            1.720016747148116
        ],
        "sharpe_ratio_years_2_0_bps": [
            -1.624066387952524,
            1.594004072546743
        ],
        "sharpe_ratio_years_2_5_bps": [
            -1.719193271792105,
            1.467801478023575
        ],
        "sharpe_ratio_years_3_0_bps": [
            -1.814231321695529,
            1.3414205362055411
        ]
    }
}